language,truth_table,exact_minimum_gates,classical_lower_k_plus_1,classical_upper_k_plus_1,predicted_k_plus_1,calibrated_lower_k_plus_1,calibrated_upper_k_plus_1,covered,n4_lower_allowance,n4_upper_allowance,khrapchenko_product,decision_tree_leaf_count,mean_certificate_size,maximum_certificate_size,mean_certificate_size_output_0,mean_certificate_size_output_1,anf_terms_degree_0,fourier_negative_degree_0,anf_terms_degree_1,fourier_negative_degree_1,anf_terms_degree_2,fourier_negative_degree_2,anf_terms_degree_3,fourier_negative_degree_3,anf_terms_degree_4,fourier_negative_degree_4,exact_aon_cover_upper
NAND,2863311530,0,1.0,15.0,2.7791660297522904,1.1256674958035449,4.310161276503693,False,1.6534985339487456,1.5309952467514023,1.0,2.0,1.0,1.0,1.0,1.0,0.0,0.0,1.0,1.0,0.0,0.0,0.0,0.0,0.0,0.0,
NAND,3435973836,0,1.0,15.0,2.7791660297522904,1.1256674958035449,4.310161276503693,False,1.6534985339487456,1.5309952467514023,1.0,2.0,1.0,1.0,1.0,1.0,0.0,0.0,1.0,1.0,0.0,0.0,0.0,0.0,0.0,0.0,
NAND,4042322160,0,1.0,15.0,2.7791660297522904,1.1256674958035449,4.310161276503693,False,1.6534985339487456,1.5309952467514023,1.0,2.0,1.0,1.0,1.0,1.0,0.0,0.0,1.0,1.0,0.0,0.0,0.0,0.0,0.0,0.0,
NAND,4278255360,0,1.0,15.0,2.7791660297522904,1.1256674958035449,4.310161276503693,False,1.6534985339487456,1.5309952467514023,1.0,2.0,1.0,1.0,1.0,1.0,0.0,0.0,1.0,1.0,0.0,0.0,0.0,0.0,0.0,0.0,
NAND,4294901760,0,1.0,15.0,2.7791660297522904,1.1256674958035449,4.310161276503693,False,1.6534985339487456,1.5309952467514023,1.0,2.0,1.0,1.0,1.0,1.0,0.0,0.0,1.0,1.0,0.0,0.0,0.0,0.0,0.0,0.0,
NAND,65535,1,1.0,15.0,3.3553624206687136,1.701863886719968,4.886357667420116,True,1.6534985339487456,1.5309952467514023,1.0,2.0,1.0,1.0,1.0,1.0,1.0,0.0,1.0,0.0,0.0,0.0,0.0,0.0,0.0,0.0,
NAND,16711935,1,1.0,15.0,3.3553624206687136,1.701863886719968,4.886357667420116,True,1.6534985339487456,1.5309952467514023,1.0,2.0,1.0,1.0,1.0,1.0,1.0,0.0,1.0,0.0,0.0,0.0,0.0,0.0,0.0,0.0,
NAND,16777215,1,1.3333333333333333,24.0,3.33177094861209,1.6782724146633443,4.862766195363492,True,1.6534985339487456,1.5309952467514023,1.3333333333333333,3.0,1.25,2.0,2.0,1.0,1.0,0.0,0.0,0.0,1.0,1.0,0.0,0.0,0.0,0.0,
NAND,252645135,1,1.0,15.0,3.3553624206687136,1.701863886719968,4.886357667420116,True,1.6534985339487456,1.5309952467514023,1.0,2.0,1.0,1.0,1.0,1.0,1.0,0.0,1.0,0.0,0.0,0.0,0.0,0.0,0.0,0.0,
NAND,252706815,1,1.3333333333333333,24.0,3.33177094861209,1.6782724146633443,4.862766195363492,True,1.6534985339487456,1.5309952467514023,1.3333333333333333,3.0,1.25,2.0,2.0,1.0,1.0,0.0,0.0,0.0,1.0,1.0,0.0,0.0,0.0,0.0,
NAND,268374015,1,1.3333333333333333,24.0,3.33177094861209,1.6782724146633443,4.862766195363492,True,1.6534985339487456,1.5309952467514023,1.3333333333333333,3.0,1.25,2.0,2.0,1.0,1.0,0.0,0.0,0.0,1.0,1.0,0.0,0.0,0.0,0.0,
NAND,858993459,1,1.0,15.0,3.3553624206687136,1.701863886719968,4.886357667420116,True,1.6534985339487456,1.5309952467514023,1.0,2.0,1.0,1.0,1.0,1.0,1.0,0.0,1.0,0.0,0.0,0.0,0.0,0.0,0.0,0.0,
NAND,859045887,1,1.3333333333333333,24.0,3.33177094861209,1.6782724146633443,4.862766195363492,True,1.6534985339487456,1.5309952467514023,1.3333333333333333,3.0,1.25,2.0,2.0,1.0,1.0,0.0,0.0,0.0,1.0,1.0,0.0,0.0,0.0,0.0,
NAND,872363007,1,1.3333333333333333,24.0,3.33177094861209,1.6782724146633443,4.862766195363492,True,1.6534985339487456,1.5309952467514023,1.3333333333333333,3.0,1.25,2.0,2.0,1.0,1.0,0.0,0.0,0.0,1.0,1.0,0.0,0.0,0.0,0.0,
NAND,1061109567,1,1.3333333333333333,24.0,3.33177094861209,1.6782724146633443,4.862766195363492,True,1.6534985339487456,1.5309952467514023,1.3333333333333333,3.0,1.25,2.0,2.0,1.0,1.0,0.0,0.0,0.0,1.0,1.0,0.0,0.0,0.0,0.0,
NAND,1431655765,1,1.0,15.0,3.3553624206687136,1.701863886719968,4.886357667420116,True,1.6534985339487456,1.5309952467514023,1.0,2.0,1.0,1.0,1.0,1.0,1.0,0.0,1.0,0.0,0.0,0.0,0.0,0.0,0.0,0.0,
NAND,1431699455,1,1.3333333333333333,24.0,3.33177094861209,1.6782724146633443,4.862766195363492,True,1.6534985339487456,1.5309952467514023,1.3333333333333333,3.0,1.25,2.0,2.0,1.0,1.0,0.0,0.0,0.0,1.0,1.0,0.0,0.0,0.0,0.0,
NAND,1442797055,1,1.3333333333333333,24.0,3.33177094861209,1.6782724146633443,4.862766195363492,True,1.6534985339487456,1.5309952467514023,1.3333333333333333,3.0,1.25,2.0,2.0,1.0,1.0,0.0,0.0,0.0,1.0,1.0,0.0,0.0,0.0,0.0,
NAND,1600085855,1,1.3333333333333333,24.0,3.33177094861209,1.6782724146633443,4.862766195363492,True,1.6534985339487456,1.5309952467514023,1.3333333333333333,3.0,1.25,2.0,2.0,1.0,1.0,0.0,0.0,0.0,1.0,1.0,0.0,0.0,0.0,0.0,
NAND,2004318071,1,1.3333333333333333,24.0,3.33177094861209,1.6782724146633443,4.862766195363492,True,1.6534985339487456,1.5309952467514023,1.3333333333333333,3.0,1.25,2.0,2.0,1.0,1.0,0.0,0.0,0.0,1.0,1.0,0.0,0.0,0.0,0.0,
NAND,2290679807,2,1.6666666666666667,33.0,3.8200641115647915,2.166565577616046,5.351059358316194,True,1.6534985339487456,1.5309952467514023,1.6666666666666667,4.0,1.5,2.0,2.0,1.2,1.0,0.0,1.0,2.0,0.0,0.0,1.0,1.0,0.0,0.0,
NAND,2408550287,2,1.6666666666666667,33.0,3.8200641115647915,2.166565577616046,5.351059358316194,True,1.6534985339487456,1.5309952467514023,1.6666666666666667,4.0,1.5,2.0,2.0,1.2,1.0,0.0,1.0,2.0,0.0,0.0,1.0,1.0,0.0,0.0,
NAND,2694905855,2,1.6666666666666667,33.0,3.8200641115647915,2.166565577616046,5.351059358316194,True,1.6534985339487456,1.5309952467514023,1.6666666666666667,4.0,1.5,2.0,2.0,1.2,1.0,0.0,1.0,2.0,0.0,0.0,1.0,1.0,0.0,0.0,
NAND,2852192255,2,1.6666666666666667,33.0,3.8200641115647915,2.166565577616046,5.351059358316194,True,1.6534985339487456,1.5309952467514023,1.6666666666666667,4.0,1.5,2.0,2.0,1.2,1.0,0.0,1.0,2.0,0.0,0.0,1.0,1.0,0.0,0.0,
NAND,2863333375,2,1.3333333333333333,24.0,3.2087802379339094,1.5552817039851639,4.739775484685312,True,1.6534985339487456,1.5309952467514023,1.3333333333333333,3.0,1.25,2.0,2.0,1.0,1.0,0.0,1.0,1.0,1.0,0.0,0.0,0.0,0.0,0.0,
NAND,2868838655,2,1.6666666666666667,33.0,3.8200641115647915,2.166565577616046,5.351059358316194,True,1.6534985339487456,1.5309952467514023,1.6666666666666667,4.0,1.5,2.0,2.0,1.2,1.0,0.0,1.0,2.0,0.0,0.0,1.0,1.0,0.0,0.0,
NAND,2868882175,2,1.3333333333333333,24.0,3.2087802379339094,1.5552817039851639,4.739775484685312,True,1.6534985339487456,1.5309952467514023,1.3333333333333333,3.0,1.25,2.0,2.0,1.0,1.0,0.0,1.0,1.0,1.0,0.0,0.0,0.0,0.0,0.0,
NAND,2937040655,2,1.6666666666666667,33.0,3.8200641115647915,2.166565577616046,5.351059358316194,True,1.6534985339487456,1.5309952467514023,1.6666666666666667,4.0,1.5,2.0,2.0,1.2,1.0,0.0,1.0,2.0,0.0,0.0,1.0,1.0,0.0,0.0,
NAND,2947485455,2,1.6666666666666667,33.0,3.8200641115647915,2.166565577616046,5.351059358316194,True,1.6534985339487456,1.5309952467514023,1.6666666666666667,4.0,1.5,2.0,2.0,1.2,1.0,0.0,1.0,2.0,0.0,0.0,1.0,1.0,0.0,0.0,
NAND,2947526575,2,1.3333333333333333,24.0,3.2087802379339094,1.5552817039851639,4.739775484685312,True,1.6534985339487456,1.5309952467514023,1.3333333333333333,3.0,1.25,2.0,2.0,1.0,1.0,0.0,1.0,1.0,1.0,0.0,0.0,0.0,0.0,0.0,
NAND,3014898611,2,1.6666666666666667,33.0,3.8200641115647915,2.166565577616046,5.351059358316194,True,1.6534985339487456,1.5309952467514023,1.6666666666666667,4.0,1.5,2.0,2.0,1.2,1.0,0.0,1.0,2.0,0.0,0.0,1.0,1.0,0.0,0.0,
NAND,3140729651,2,1.6666666666666667,33.0,3.8200641115647915,2.166565577616046,5.351059358316194,True,1.6534985339487456,1.5309952467514023,1.6666666666666667,4.0,1.5,2.0,2.0,1.2,1.0,0.0,1.0,2.0,0.0,0.0,1.0,1.0,0.0,0.0,
NAND,3149607731,2,1.6666666666666667,33.0,3.8200641115647915,2.166565577616046,5.351059358316194,True,1.6534985339487456,1.5309952467514023,1.6666666666666667,4.0,1.5,2.0,2.0,1.2,1.0,0.0,1.0,2.0,0.0,0.0,1.0,1.0,0.0,0.0,
NAND,3149642683,2,1.3333333333333333,24.0,3.2087802379339094,1.5552817039851639,4.739775484685312,True,1.6534985339487456,1.5309952467514023,1.3333333333333333,3.0,1.25,2.0,2.0,1.0,1.0,0.0,1.0,1.0,1.0,0.0,0.0,0.0,0.0,0.0,
NAND,3233873919,2,1.6666666666666667,33.0,3.8200641115647915,2.166565577616046,5.351059358316194,True,1.6534985339487456,1.5309952467514023,1.6666666666666667,4.0,1.5,2.0,2.0,1.2,1.0,0.0,1.0,2.0,0.0,0.0,1.0,1.0,0.0,0.0,
NAND,3237986559,2,1.6666666666666667,33.0,3.8200641115647915,2.166565577616046,5.351059358316194,True,1.6534985339487456,1.5309952467514023,1.6666666666666667,4.0,1.5,2.0,2.0,1.2,1.0,0.0,1.0,2.0,0.0,0.0,1.0,1.0,0.0,0.0,
NAND,3422617599,2,1.6666666666666667,33.0,3.8200641115647915,2.166565577616046,5.351059358316194,True,1.6534985339487456,1.5309952467514023,1.6666666666666667,4.0,1.5,2.0,2.0,1.2,1.0,0.0,1.0,2.0,0.0,0.0,1.0,1.0,0.0,0.0,
NAND,3435986943,2,1.3333333333333333,24.0,3.2087802379339094,1.5552817039851639,4.739775484685312,True,1.6534985339487456,1.5309952467514023,1.3333333333333333,3.0,1.25,2.0,2.0,1.0,1.0,0.0,1.0,1.0,1.0,0.0,0.0,0.0,0.0,0.0,
NAND,3439263999,2,1.6666666666666667,33.0,3.8200641115647915,2.166565577616046,5.351059358316194,True,1.6534985339487456,1.5309952467514023,1.6666666666666667,4.0,1.5,2.0,2.0,1.2,1.0,0.0,1.0,2.0,0.0,0.0,1.0,1.0,0.0,0.0,
NAND,3439316223,2,1.3333333333333333,24.0,3.2087802379339094,1.5552817039851639,4.739775484685312,True,1.6534985339487456,1.5309952467514023,1.3333333333333333,3.0,1.25,2.0,2.0,1.0,1.0,0.0,1.0,1.0,1.0,0.0,0.0,0.0,0.0,0.0,
NAND,3473919759,2,1.6666666666666667,33.0,3.8200641115647915,2.166565577616046,5.351059358316194,True,1.6534985339487456,1.5309952467514023,1.6666666666666667,4.0,1.5,2.0,2.0,1.2,1.0,0.0,1.0,2.0,0.0,0.0,1.0,1.0,0.0,0.0,
NAND,3486453519,2,1.6666666666666667,33.0,3.8200641115647915,2.166565577616046,5.351059358316194,True,1.6534985339487456,1.5309952467514023,1.6666666666666667,4.0,1.5,2.0,2.0,1.2,1.0,0.0,1.0,2.0,0.0,0.0,1.0,1.0,0.0,0.0,
NAND,3587560917,2,1.6666666666666667,33.0,3.8200641115647915,2.166565577616046,5.351059358316194,True,1.6534985339487456,1.5309952467514023,1.6666666666666667,4.0,1.5,2.0,2.0,1.2,1.0,0.0,1.0,2.0,0.0,0.0,1.0,1.0,0.0,0.0,
NAND,3713391957,2,1.6666666666666667,33.0,3.8200641115647915,2.166565577616046,5.351059358316194,True,1.6534985339487456,1.5309952467514023,1.6666666666666667,4.0,1.5,2.0,2.0,1.2,1.0,0.0,1.0,2.0,0.0,0.0,1.0,1.0,0.0,0.0,
NAND,3722270037,2,1.6666666666666667,33.0,3.8200641115647915,2.166565577616046,5.351059358316194,True,1.6534985339487456,1.5309952467514023,1.6666666666666667,4.0,1.5,2.0,2.0,1.2,1.0,0.0,1.0,2.0,0.0,0.0,1.0,1.0,0.0,0.0,
NAND,4026597375,2,1.6666666666666667,33.0,3.8200641115647915,2.166565577616046,5.351059358316194,True,1.6534985339487456,1.5309952467514023,1.6666666666666667,4.0,1.5,2.0,2.0,1.2,1.0,0.0,1.0,2.0,0.0,0.0,1.0,1.0,0.0,0.0,
NAND,4043305215,2,1.3333333333333333,24.0,3.2087802379339094,1.5552817039851639,4.739775484685312,True,1.6534985339487456,1.5309952467514023,1.3333333333333333,3.0,1.25,2.0,2.0,1.0,1.0,0.0,1.0,1.0,1.0,0.0,0.0,0.0,0.0,0.0,
NAND,4080268083,2,1.6666666666666667,33.0,3.8200641115647915,2.166565577616046,5.351059358316194,True,1.6534985339487456,1.5309952467514023,1.6666666666666667,4.0,1.5,2.0,2.0,1.2,1.0,0.0,1.0,2.0,0.0,0.0,1.0,1.0,0.0,0.0,
NAND,4092801843,2,1.6666666666666667,33.0,3.8200641115647915,2.166565577616046,5.351059358316194,True,1.6534985339487456,1.5309952467514023,1.6666666666666667,4.0,1.5,2.0,2.0,1.2,1.0,0.0,1.0,2.0,0.0,0.0,1.0,1.0,0.0,0.0,
NAND,4092851187,2,1.3333333333333333,24.0,3.2087802379339094,1.5552817039851639,4.739775484685312,True,1.6534985339487456,1.5309952467514023,1.3333333333333333,3.0,1.25,2.0,2.0,1.0,1.0,0.0,1.0,1.0,1.0,0.0,0.0,0.0,0.0,0.0,
NAND,4126496085,2,1.6666666666666667,33.0,3.8200641115647915,2.166565577616046,5.351059358316194,True,1.6534985339487456,1.5309952467514023,1.6666666666666667,4.0,1.5,2.0,2.0,1.2,1.0,0.0,1.0,2.0,0.0,0.0,1.0,1.0,0.0,0.0,
NAND,4126537205,2,1.3333333333333333,24.0,3.2087802379339094,1.5552817039851639,4.739775484685312,True,1.6534985339487456,1.5309952467514023,1.3333333333333333,3.0,1.25,2.0,2.0,1.0,1.0,0.0,1.0,1.0,1.0,0.0,0.0,0.0,0.0,0.0,
NAND,4278255615,2,1.3333333333333333,24.0,3.2087802379339094,1.5552817039851639,4.739775484685312,True,1.6534985339487456,1.5309952467514023,1.3333333333333333,3.0,1.25,2.0,2.0,1.0,1.0,0.0,1.0,1.0,1.0,0.0,0.0,0.0,0.0,0.0,
NAND,4279238415,2,1.3333333333333333,24.0,3.2087802379339094,1.5552817039851639,4.739775484685312,True,1.6534985339487456,1.5309952467514023,1.3333333333333333,3.0,1.25,2.0,2.0,1.0,1.0,0.0,1.0,1.0,1.0,0.0,0.0,0.0,0.0,0.0,
NAND,4281545523,2,1.6666666666666667,33.0,3.8200641115647915,2.166565577616046,5.351059358316194,True,1.6534985339487456,1.5309952467514023,1.6666666666666667,4.0,1.5,2.0,2.0,1.2,1.0,0.0,1.0,2.0,0.0,0.0,1.0,1.0,0.0,0.0,
NAND,4281597747,2,1.3333333333333333,24.0,3.2087802379339094,1.5552817039851639,4.739775484685312,True,1.6534985339487456,1.5309952467514023,1.3333333333333333,3.0,1.25,2.0,2.0,1.0,1.0,0.0,1.0,1.0,1.0,0.0,0.0,0.0,0.0,0.0,
NAND,4283826005,2,1.3333333333333333,24.0,3.2087802379339094,1.5552817039851639,4.739775484685312,True,1.6534985339487456,1.5309952467514023,1.3333333333333333,3.0,1.25,2.0,2.0,1.0,1.0,0.0,1.0,1.0,1.0,0.0,0.0,0.0,0.0,0.0,
NAND,4294902015,2,1.3333333333333333,24.0,3.2087802379339094,1.5552817039851639,4.739775484685312,True,1.6534985339487456,1.5309952467514023,1.3333333333333333,3.0,1.25,2.0,2.0,1.0,1.0,0.0,1.0,1.0,1.0,0.0,0.0,0.0,0.0,0.0,
NAND,4294905615,2,1.3333333333333333,24.0,3.2087802379339094,1.5552817039851639,4.739775484685312,True,1.6534985339487456,1.5309952467514023,1.3333333333333333,3.0,1.25,2.0,2.0,1.0,1.0,0.0,1.0,1.0,1.0,0.0,0.0,0.0,0.0,0.0,
NAND,4294967295,2,0.0,6.0,1.0656186381112889,0.0,2.596613884862691,False,1.6534985339487456,1.5309952467514023,0.0,1.0,0.0,0.0,0.0,0.0,1.0,0.0,0.0,0.0,0.0,0.0,0.0,0.0,0.0,0.0,
NAND,13434879,3,1.6666666666666667,33.0,4.284164771294024,2.6306662373452783,5.815160018045426,True,1.6534985339487456,1.5309952467514023,1.6666666666666667,4.0,1.5,2.0,2.0,1.2,1.0,0.0,1.0,1.0,1.0,2.0,1.0,0.0,0.0,0.0,
NAND,16764159,3,1.6666666666666667,33.0,4.284164771294024,2.6306662373452783,5.815160018045426,True,1.6534985339487456,1.5309952467514023,1.6666666666666667,4.0,1.5,2.0,2.0,1.2,1.0,0.0,1.0,1.0,1.0,2.0,1.0,0.0,0.0,0.0,
NAND,218041599,3,1.6666666666666667,33.0,4.284164771294024,2.6306662373452783,5.815160018045426,True,1.6534985339487456,1.5309952467514023,1.6666666666666667,4.0,1.5,2.0,2.0,1.2,1.0,0.0,1.0,1.0,1.0,2.0,1.0,0.0,0.0,0.0,
NAND,218090751,3,1.8181818181818181,42.0,5.04126146494788,3.387762930999134,6.572256711699282,True,1.6534985339487456,1.5309952467514023,1.8181818181818181,5.0,1.5625,3.0,2.2,1.2727272727272727,1.0,0.0,1.0,1.0,1.0,5.0,0.0,0.0,1.0,1.0,
NAND,265228239,3,1.6666666666666667,33.0,4.284164771294024,2.6306662373452783,5.815160018045426,True,1.6534985339487456,1.5309952467514023,1.6666666666666667,4.0,1.5,2.0,2.0,1.2,1.0,0.0,1.0,1.0,1.0,2.0,1.0,0.0,0.0,0.0,
NAND,821100543,3,1.8181818181818181,42.0,5.04126146494788,3.387762930999134,6.572256711699282,True,1.6534985339487456,1.5309952467514023,1.8181818181818181,5.0,1.5625,3.0,2.2,1.2727272727272727,1.0,0.0,1.0,1.0,1.0,5.0,0.0,0.0,1.0,1.0,
NAND,867941307,3,1.8181818181818181,42.0,5.04126146494788,3.387762930999134,6.572256711699282,True,1.6534985339487456,1.5309952467514023,1.8181818181818181,5.0,1.5625,3.0,2.2,1.2727272727272727,1.0,0.0,1.0,1.0,1.0,5.0,0.0,0.0,1.0,1.0,
NAND,872362803,3,1.6666666666666667,33.0,4.284164771294024,2.6306662373452783,5.815160018045426,True,1.6534985339487456,1.5309952467514023,1.6666666666666667,4.0,1.5,2.0,2.0,1.2,1.0,0.0,1.0,1.0,1.0,2.0,1.0,0.0,0.0,0.0,
NAND,993737531,3,1.6666666666666667,33.0,4.284164771294024,2.6306662373452783,5.815160018045426,True,1.6534985339487456,1.5309952467514023,1.6666666666666667,4.0,1.5,2.0,2.0,1.2,1.0,0.0,1.0,1.0,1.0,2.0,1.0,0.0,0.0,0.0,
NAND,993770427,3,1.8181818181818181,42.0,5.04126146494788,3.387762930999134,6.572256711699282,True,1.6534985339487456,1.5309952467514023,1.8181818181818181,5.0,1.5625,3.0,2.2,1.2727272727272727,1.0,0.0,1.0,1.0,1.0,5.0,0.0,0.0,1.0,1.0,
NAND,1060323123,3,1.6666666666666667,33.0,4.284164771294024,2.6306662373452783,5.815160018045426,True,1.6534985339487456,1.5309952467514023,1.6666666666666667,4.0,1.5,2.0,2.0,1.2,1.0,0.0,1.0,1.0,1.0,2.0,1.0,0.0,0.0,0.0,
NAND,1330630607,3,1.8181818181818181,42.0,5.04126146494788,3.387762930999134,6.572256711699282,True,1.6534985339487456,1.5309952467514023,1.8181818181818181,5.0,1.5625,3.0,2.2,1.2727272727272727,1.0,0.0,1.0,1.0,1.0,5.0,0.0,0.0,1.0,1.0,
NAND,1338986447,3,1.8181818181818181,42.0,5.04126146494788,3.387762930999134,6.572256711699282,True,1.6534985339487456,1.5309952467514023,1.8181818181818181,5.0,1.5625,3.0,2.2,1.2727272727272727,1.0,0.0,1.0,1.0,1.0,5.0,0.0,0.0,1.0,1.0,
NAND,1431699285,3,1.6666666666666667,33.0,4.284164771294024,2.6306662373452783,5.815160018045426,True,1.6534985339487456,1.5309952467514023,1.6666666666666667,4.0,1.5,2.0,2.0,1.2,1.0,0.0,1.0,1.0,1.0,2.0,1.0,0.0,0.0,0.0,
NAND,1440568797,3,1.6666666666666667,33.0,4.284164771294024,2.6306662373452783,5.815160018045426,True,1.6534985339487456,1.5309952467514023,1.6666666666666667,4.0,1.5,2.0,2.0,1.2,1.0,0.0,1.0,1.0,1.0,2.0,1.0,0.0,0.0,0.0,
NAND,1442182645,3,1.8181818181818181,42.0,5.04126146494788,3.387762930999134,6.572256711699282,True,1.6534985339487456,1.5309952467514023,1.8181818181818181,5.0,1.5625,3.0,2.2,1.2727272727272727,1.0,0.0,1.0,1.0,1.0,5.0,0.0,0.0,1.0,1.0,
NAND,1599430485,3,1.6666666666666667,33.0,4.284164771294024,2.6306662373452783,5.815160018045426,True,1.6534985339487456,1.5309952467514023,1.6666666666666667,4.0,1.5,2.0,2.0,1.2,1.0,0.0,1.0,1.0,1.0,2.0,1.0,0.0,0.0,0.0,
NAND,1600083285,3,1.6666666666666667,33.0,4.284164771294024,2.6306662373452783,5.815160018045426,True,1.6534985339487456,1.5309952467514023,1.6666666666666667,4.0,1.5,2.0,2.0,1.2,1.0,0.0,1.0,1.0,1.0,2.0,1.0,0.0,0.0,0.0,
NAND,1945334771,3,1.8181818181818181,42.0,5.04126146494788,3.387762930999134,6.572256711699282,True,1.6534985339487456,1.5309952467514023,1.8181818181818181,5.0,1.5625,3.0,2.2,1.2727272727272727,1.0,0.0,1.0,1.0,1.0,5.0,0.0,0.0,1.0,1.0,
NAND,1999861555,3,1.6666666666666667,33.0,4.284164771294024,2.6306662373452783,5.815160018045426,True,1.6534985339487456,1.5309952467514023,1.6666666666666667,4.0,1.5,2.0,2.0,1.2,1.0,0.0,1.0,1.0,1.0,2.0,1.0,0.0,0.0,0.0,
NAND,2002124629,3,1.8181818181818181,42.0,5.04126146494788,3.387762930999134,6.572256711699282,True,1.6534985339487456,1.5309952467514023,1.8181818181818181,5.0,1.5625,3.0,2.2,1.2727272727272727,1.0,0.0,1.0,1.0,1.0,5.0,0.0,0.0,1.0,1.0,
NAND,2134081331,3,1.8181818181818181,42.0,5.04126146494788,3.387762930999134,6.572256711699282,True,1.6534985339487456,1.5309952467514023,1.8181818181818181,5.0,1.5625,3.0,2.2,1.2727272727272727,1.0,0.0,1.0,1.0,1.0,5.0,0.0,0.0,1.0,1.0,
NAND,2139042611,3,1.8181818181818181,42.0,5.04126146494788,3.387762930999134,6.572256711699282,True,1.6534985339487456,1.5309952467514023,1.8181818181818181,5.0,1.5625,3.0,2.2,1.2727272727272727,1.0,0.0,1.0,1.0,1.0,5.0,0.0,0.0,1.0,1.0,
NAND,2139051349,3,1.8181818181818181,42.0,5.04126146494788,3.387762930999134,6.572256711699282,True,1.6534985339487456,1.5309952467514023,1.8181818181818181,5.0,1.5625,3.0,2.2,1.2727272727272727,1.0,0.0,1.0,1.0,1.0,5.0,0.0,0.0,1.0,1.0,
NAND,2694881440,3,1.3333333333333333,24.0,4.636413262608297,2.9829147286595514,6.167408509359699,True,1.6534985339487456,1.5309952467514023,1.3333333333333333,3.0,1.25,2.0,1.0,2.0,0.0,1.0,0.0,2.0,1.0,0.0,0.0,0.0,0.0,0.0,
NAND,2863267840,3,1.3333333333333333,24.0,4.636413262608297,2.9829147286595514,6.167408509359699,True,1.6534985339487456,1.5309952467514023,1.3333333333333333,3.0,1.25,2.0,1.0,2.0,0.0,1.0,0.0,2.0,1.0,0.0,0.0,0.0,0.0,0.0,
NAND,2863302792,3,1.6666666666666667,33.0,4.911577894532208,3.258079360583462,6.44257314128361,True,1.6534985339487456,1.5309952467514023,1.6666666666666667,4.0,1.5,2.0,1.2,2.0,0.0,1.0,0.0,3.0,2.0,1.0,1.0,0.0,0.0,0.0,
NAND,3233857728,3,1.3333333333333333,24.0,4.636413262608297,2.9829147286595514,6.167408509359699,True,1.6534985339487456,1.5309952467514023,1.3333333333333333,3.0,1.25,2.0,1.0,2.0,0.0,1.0,0.0,2.0,1.0,0.0,0.0,0.0,0.0,0.0,
NAND,3435973632,3,1.6666666666666667,33.0,4.911577894532208,3.258079360583462,6.44257314128361,True,1.6534985339487456,1.5309952467514023,1.6666666666666667,4.0,1.5,2.0,1.2,2.0,0.0,1.0,0.0,3.0,2.0,1.0,1.0,0.0,0.0,0.0,
NAND,3993038336,3,1.6666666666666667,33.0,4.911577894532208,3.258079360583462,6.44257314128361,True,1.6534985339487456,1.5309952467514023,1.6666666666666667,4.0,1.5,2.0,1.2,2.0,0.0,1.0,0.0,3.0,2.0,1.0,1.0,0.0,0.0,0.0,
NAND,4006390272,3,2.2857142857142856,60.0,6.361249682371804,4.707751148423059,7.892244929123207,False,1.6534985339487456,1.5309952467514023,2.2857142857142856,7.0,2.0,2.0,2.0,2.0,0.0,1.0,0.0,4.0,2.0,4.0,0.0,0.0,1.0,1.0,
NAND,4008574976,3,1.6666666666666667,33.0,4.911577894532208,3.258079360583462,6.44257314128361,True,1.6534985339487456,1.5309952467514023,1.6666666666666667,4.0,1.5,2.0,1.2,2.0,0.0,1.0,0.0,3.0,2.0,1.0,1.0,0.0,0.0,0.0,
NAND,4169726088,3,2.2857142857142856,60.0,6.361249682371804,4.707751148423059,7.892244929123207,False,1.6534985339487456,1.5309952467514023,2.2857142857142856,7.0,2.0,2.0,2.0,2.0,0.0,1.0,0.0,4.0,2.0,4.0,0.0,0.0,1.0,1.0,
NAND,4177037448,3,2.2857142857142856,60.0,6.361249682371804,4.707751148423059,7.892244929123207,False,1.6534985339487456,1.5309952467514023,2.2857142857142856,7.0,2.0,2.0,2.0,2.0,0.0,1.0,0.0,4.0,2.0,4.0,0.0,0.0,1.0,1.0,
NAND,4177066232,3,1.6666666666666667,33.0,4.136561813801877,2.4830632798531314,5.667557060553279,True,1.6534985339487456,1.5309952467514023,1.6666666666666667,4.0,1.5,2.0,2.0,1.2,0.0,0.0,1.0,3.0,1.0,2.0,1.0,0.0,0.0,0.0,
NAND,4205509290,3,1.6666666666666667,33.0,4.136561813801877,2.4830632798531314,5.667557060553279,True,1.6534985339487456,1.5309952467514023,1.6666666666666667,4.0,1.5,2.0,2.0,1.2,0.0,0.0,1.0,3.0,1.0,2.0,1.0,0.0,0.0,0.0,
NAND,4210731690,3,1.6666666666666667,33.0,4.136561813801877,2.4830632798531314,5.667557060553279,True,1.6534985339487456,1.5309952467514023,1.6666666666666667,4.0,1.5,2.0,2.0,1.2,0.0,0.0,1.0,3.0,1.0,2.0,1.0,0.0,0.0,0.0,
NAND,4210749680,3,1.6666666666666667,33.0,4.136561813801877,2.4830632798531314,5.667557060553279,True,1.6534985339487456,1.5309952467514023,1.6666666666666667,4.0,1.5,2.0,2.0,1.2,0.0,0.0,1.0,3.0,1.0,2.0,1.0,0.0,0.0,0.0,
NAND,4241292492,3,1.6666666666666667,33.0,4.136561813801877,2.4830632798531314,5.667557060553279,True,1.6534985339487456,1.5309952467514023,1.6666666666666667,4.0,1.5,2.0,2.0,1.2,0.0,0.0,1.0,3.0,1.0,2.0,1.0,0.0,0.0,0.0,
NAND,4244373504,3,1.6666666666666667,33.0,4.911577894532208,3.258079360583462,6.44257314128361,True,1.6534985339487456,1.5309952467514023,1.6666666666666667,4.0,1.5,2.0,1.2,2.0,0.0,1.0,0.0,3.0,2.0,1.0,1.0,0.0,0.0,0.0,
NAND,67044351,4,1.6666666666666667,33.0,4.925766243749509,3.2722677098007633,6.456761490500911,True,1.6534985339487456,1.5309952467514023,1.6666666666666667,4.0,1.5,2.0,2.0,1.2,1.0,0.0,0.0,0.0,2.0,2.0,1.0,1.0,0.0,0.0,
NAND,67047423,4,1.8181818181818181,42.0,5.406305053123802,3.7528065191750564,6.937300299875204,True,1.6534985339487456,1.5309952467514023,1.8181818181818181,5.0,1.5625,3.0,2.2,1.2727272727272727,1.0,0.0,0.0,0.0,1.0,4.0,1.0,3.0,1.0,0.0,
NAND,125304831,4,2.0628571428571427,69.0,8.114991947882713,6.461493413933967,9.645987194634115,False,1.6534985339487456,1.5309952467514023,2.0628571428571427,8.0,1.71875,3.0,3.0,1.36,1.0,0.0,0.0,0.0,0.0,6.0,2.0,8.0,1.0,1.0,
NAND,255803199,4,1.8181818181818181,42.0,5.406305053123802,3.7528065191750564,6.937300299875204,True,1.6534985339487456,1.5309952467514023,1.8181818181818181,5.0,1.5625,3.0,2.2,1.2727272727272727,1.0,0.0,0.0,0.0,1.0,4.0,1.0,3.0,1.0,0.0,
NAND,301937663,4,1.8181818181818181,42.0,5.406305053123802,3.7528065191750564,6.937300299875204,True,1.6534985339487456,1.5309952467514023,1.8181818181818181,5.0,1.5625,3.0,2.2,1.2727272727272727,1.0,0.0,0.0,0.0,1.0,4.0,1.0,3.0,1.0,0.0,
NAND,939472895,4,1.641025641025641,42.0,5.677527352410282,4.024028818461536,7.208522599161684,True,1.6534985339487456,1.5309952467514023,1.641025641025641,5.0,1.4375,3.0,3.0,1.0769230769230769,1.0,0.0,0.0,0.0,0.0,5.0,2.0,2.0,1.0,0.0,
NAND,1442799615,4,1.641025641025641,42.0,5.677527352410282,4.024028818461536,7.208522599161684,True,1.6534985339487456,1.5309952467514023,1.641025641025641,5.0,1.4375,3.0,3.0,1.0769230769230769,1.0,0.0,0.0,0.0,0.0,5.0,2.0,2.0,1.0,0.0,
NAND,1465866079,4,1.8181818181818181,42.0,5.406305053123802,3.7528065191750564,6.937300299875204,True,1.6534985339487456,1.5309952467514023,1.8181818181818181,5.0,1.5625,3.0,2.2,1.2727272727272727,1.0,0.0,0.0,0.0,1.0,4.0,1.0,3.0,1.0,0.0,
NAND,1467441151,4,2.0628571428571427,69.0,8.114991947882713,6.461493413933967,9.645987194634115,False,1.6534985339487456,1.5309952467514023,2.0628571428571427,8.0,1.71875,3.0,3.0,1.36,1.0,0.0,0.0,0.0,0.0,6.0,2.0,8.0,1.0,1.0,
NAND,1600094079,4,1.641025641025641,42.0,5.677527352410282,4.024028818461536,7.208522599161684,True,1.6534985339487456,1.5309952467514023,1.641025641025641,5.0,1.4375,3.0,3.0,1.0769230769230769,1.0,0.0,0.0,0.0,0.0,5.0,2.0,2.0,1.0,0.0,
NAND,2164247807,4,1.9090909090909092,51.0,6.2039533558742495,4.550454821925504,7.734948602625652,True,1.6534985339487456,1.5309952467514023,1.9090909090909092,6.0,1.625,3.0,2.272727272727273,1.2857142857142858,1.0,0.0,1.0,3.0,1.0,2.0,1.0,9.0,1.0,1.0,
NAND,2408120200,4,2.450980392156863,69.0,7.399677946687263,5.746179412738518,8.930673193438665,False,1.6534985339487456,1.5309952467514023,2.450980392156863,8.0,2.09375,3.0,2.2,2.0,0.0,0.0,1.0,3.0,1.0,5.0,2.0,8.0,1.0,1.0,
NAND,2863270410,4,1.6666666666666667,33.0,4.781845522615606,3.12834698866686,6.312840769367008,True,1.6534985339487456,1.5309952467514023,1.6666666666666667,4.0,1.5,2.0,1.2,2.0,0.0,1.0,1.0,2.0,1.0,1.0,1.0,1.0,0.0,0.0,
NAND,2868903935,4,1.2857142857142858,33.0,4.962928048479472,3.309429514530726,6.493923295230874,True,1.6534985339487456,1.5309952467514023,1.2857142857142858,4.0,1.25,3.0,3.0,1.0,1.0,0.0,0.0,1.0,1.0,1.0,1.0,1.0,0.0,0.0,
NAND,2937061135,4,1.8181818181818181,42.0,5.179853838321582,3.526355304372837,6.710849085072985,True,1.6534985339487456,1.5309952467514023,1.8181818181818181,5.0,1.5625,3.0,2.2,1.2727272727272727,1.0,0.0,1.0,2.0,1.0,2.0,1.0,3.0,1.0,0.0,
NAND,2947525290,4,1.6666666666666667,33.0,4.958888955183574,3.3053904212348284,6.489884201934976,True,1.6534985339487456,1.5309952467514023,1.6666666666666667,4.0,1.5,2.0,2.0,1.2,0.0,0.0,2.0,2.0,2.0,2.0,1.0,1.0,0.0,0.0,
NAND,2947547135,4,1.2857142857142858,33.0,4.962928048479472,3.309429514530726,6.493923295230874,True,1.6534985339487456,1.5309952467514023,1.2857142857142858,4.0,1.25,3.0,3.0,1.0,1.0,0.0,0.0,1.0,1.0,1.0,1.0,1.0,0.0,0.0,
NAND,2952728575,4,1.641025641025641,42.0,5.236892465731501,3.583393931782755,6.767887712482903,True,1.6534985339487456,1.5309952467514023,1.641025641025641,5.0,1.4375,3.0,3.0,1.0769230769230769,1.0,0.0,0.0,2.0,1.0,1.0,0.0,4.0,1.0,0.0,
NAND,3006526451,4,1.9090909090909092,51.0,6.2039533558742495,4.550454821925504,7.734948602625652,True,1.6534985339487456,1.5309952467514023,1.9090909090909092,6.0,1.625,3.0,2.272727272727273,1.2857142857142858,1.0,0.0,1.0,3.0,1.0,2.0,1.0,9.0,1.0,1.0,
NAND,3014865715,4,1.5873015873015872,42.0,5.052982732229768,3.399484198281022,6.58397797898117,True,1.6534985339487456,1.5309952467514023,1.5873015873015872,5.0,1.5625,3.0,2.0,1.2222222222222223,1.0,0.0,1.0,3.0,0.0,0.0,0.0,4.0,1.0,0.0,
NAND,3014915059,4,1.8181818181818181,42.0,5.179853838321582,3.526355304372837,6.710849085072985,True,1.6534985339487456,1.5309952467514023,1.8181818181818181,5.0,1.5625,3.0,2.2,1.2727272727272727,1.0,0.0,1.0,2.0,1.0,2.0,1.0,3.0,1.0,0.0,
NAND,3019879423,4,1.641025641025641,42.0,5.236892465731501,3.583393931782755,6.767887712482903,True,1.6534985339487456,1.5309952467514023,1.641025641025641,5.0,1.4375,3.0,3.0,1.0769230769230769,1.0,0.0,0.0,2.0,1.0,1.0,0.0,4.0,1.0,0.0,
NAND,3123772144,4,2.450980392156863,69.0,7.399677946687263,5.746179412738518,8.930673193438665,False,1.6534985339487456,1.5309952467514023,2.450980392156863,8.0,2.09375,3.0,2.2,2.0,0.0,0.0,1.0,3.0,1.0,5.0,2.0,8.0,1.0,1.0,
NAND,3137387264,4,1.6666666666666667,33.0,4.781845522615606,3.12834698866686,6.312840769367008,True,1.6534985339487456,1.5309952467514023,1.6666666666666667,4.0,1.5,2.0,1.2,2.0,0.0,1.0,1.0,2.0,1.0,1.0,1.0,1.0,0.0,0.0,
NAND,3146300296,4,2.25,33.0,5.305861848390769,3.652363314442024,6.836857095142172,True,1.6534985339487456,1.5309952467514023,2.25,4.0,2.0,2.0,2.0,2.0,0.0,0.0,1.0,2.0,2.0,1.0,0.0,0.0,0.0,0.0,
NAND,3216969487,4,1.8181818181818181,42.0,5.179853838321582,3.526355304372837,6.710849085072985,True,1.6534985339487456,1.5309952467514023,1.8181818181818181,5.0,1.5625,3.0,2.2,1.2727272727272727,1.0,0.0,1.0,2.0,1.0,2.0,1.0,3.0,1.0,0.0,
NAND,3292856319,4,1.9090909090909092,51.0,6.2039533558742495,4.550454821925504,7.734948602625652,True,1.6534985339487456,1.5309952467514023,1.9090909090909092,6.0,1.625,3.0,2.272727272727273,1.2857142857142858,1.0,0.0,1.0,3.0,1.0,2.0,1.0,9.0,1.0,1.0,
NAND,3435924684,4,1.5873015873015872,42.0,5.859406051219494,4.205907517270749,7.390401297970897,True,1.6534985339487456,1.5309952467514023,1.5873015873015872,5.0,1.5625,3.0,1.2222222222222223,2.0,0.0,1.0,1.0,2.0,0.0,3.0,1.0,3.0,1.0,0.0,
NAND,3478081359,4,1.9090909090909092,51.0,6.2039533558742495,4.550454821925504,7.734948602625652,True,1.6534985339487456,1.5309952467514023,1.9090909090909092,6.0,1.625,3.0,2.272727272727273,1.2857142857142858,1.0,0.0,1.0,3.0,1.0,2.0,1.0,9.0,1.0,1.0,
NAND,3486449664,4,1.6666666666666667,33.0,4.781845522615606,3.12834698866686,6.312840769367008,True,1.6534985339487456,1.5309952467514023,1.6666666666666667,4.0,1.5,2.0,1.2,2.0,0.0,1.0,1.0,2.0,1.0,1.0,1.0,1.0,0.0,0.0,
NAND,3579174365,4,1.9090909090909092,51.0,6.2039533558742495,4.550454821925504,7.734948602625652,True,1.6534985339487456,1.5309952467514023,1.9090909090909092,6.0,1.625,3.0,2.272727272727273,1.2857142857142858,1.0,0.0,1.0,3.0,1.0,2.0,1.0,9.0,1.0,1.0,
NAND,3586184640,4,2.2857142857142856,60.0,6.349491743331719,4.695993209382974,7.880486990083122,True,1.6534985339487456,1.5309952467514023,2.2857142857142856,7.0,2.0,2.0,2.0,2.0,0.0,1.0,1.0,3.0,2.0,3.0,1.0,3.0,1.0,0.0,
NAND,3713392093,4,1.8181818181818181,42.0,5.179853838321582,3.526355304372837,6.710849085072985,True,1.6534985339487456,1.5309952467514023,1.8181818181818181,5.0,1.5625,3.0,2.2,1.2727272727272727,1.0,0.0,1.0,2.0,1.0,2.0,1.0,3.0,1.0,0.0,
NAND,4042916010,4,2.2857142857142856,60.0,6.349491743331719,4.695993209382974,7.880486990083122,True,1.6534985339487456,1.5309952467514023,2.2857142857142856,7.0,2.0,2.0,2.0,2.0,0.0,1.0,1.0,3.0,2.0,3.0,1.0,3.0,1.0,0.0,
NAND,4043108604,4,1.6666666666666667,33.0,4.958888955183574,3.3053904212348284,6.489884201934976,True,1.6534985339487456,1.5309952467514023,1.6666666666666667,4.0,1.5,2.0,2.0,1.2,0.0,0.0,2.0,2.0,2.0,2.0,1.0,1.0,0.0,0.0,
NAND,4110173388,4,2.450980392156863,69.0,7.399677946687263,5.746179412738518,8.930673193438665,False,1.6534985339487456,1.5309952467514023,2.450980392156863,8.0,2.09375,3.0,2.2,2.0,0.0,0.0,1.0,3.0,1.0,5.0,2.0,8.0,1.0,1.0,
NAND,4127129600,4,1.5873015873015872,42.0,5.859406051219494,4.205907517270749,7.390401297970897,True,1.6534985339487456,1.5309952467514023,1.5873015873015872,5.0,1.5625,3.0,1.2222222222222223,2.0,0.0,1.0,1.0,2.0,0.0,3.0,1.0,3.0,1.0,0.0,
NAND,4144035584,4,1.5873015873015872,42.0,5.859406051219494,4.205907517270749,7.390401297970897,True,1.6534985339487456,1.5309952467514023,1.5873015873015872,5.0,1.5625,3.0,1.2222222222222223,2.0,0.0,1.0,1.0,2.0,0.0,3.0,1.0,3.0,1.0,0.0,
NAND,4278242508,4,2.25,33.0,5.305861848390769,3.652363314442024,6.836857095142172,True,1.6534985339487456,1.5309952467514023,2.25,4.0,2.0,2.0,2.0,2.0,0.0,0.0,1.0,2.0,2.0,1.0,0.0,0.0,0.0,0.0,
NAND,4293934848,4,2.2857142857142856,51.0,6.536079860866916,4.882581326918171,8.067075107618319,True,1.6534985339487456,1.5309952467514023,2.2857142857142856,6.0,2.0625,3.0,2.142857142857143,2.0,0.0,0.0,1.0,3.0,1.0,4.0,2.0,2.0,1.0,0.0,
NAND,12320767,5,1.8181818181818181,42.0,5.870390823534424,4.216892289585679,7.4013860702858265,True,1.6534985339487456,1.5309952467514023,1.8181818181818181,5.0,1.5625,3.0,2.2,1.2727272727272727,1.0,0.0,0.0,1.0,2.0,3.0,2.0,2.0,1.0,1.0,
NAND,252378890,5,2.25,51.0,6.511054732468867,4.857556198520121,8.04204997922027,True,1.6534985339487456,1.5309952467514023,2.25,6.0,2.0,2.0,2.0,2.0,0.0,0.0,2.0,2.0,2.0,4.0,2.0,1.0,0.0,0.0,
NAND,822079728,5,2.2857142857142856,51.0,6.707534066014589,5.054035532065844,8.23852931276599,True,1.6534985339487456,1.5309952467514023,2.2857142857142856,6.0,2.0625,3.0,2.142857142857143,2.0,0.0,0.0,2.0,2.0,2.0,5.0,1.0,1.0,1.0,1.0,
NAND,827719679,5,2.130434782608696,60.0,7.076656528446092,5.4231579944973465,8.607651775197494,True,1.6534985339487456,1.5309952467514023,2.130434782608696,7.0,1.8125,3.0,3.0,1.3478260869565217,1.0,0.0,0.0,1.0,1.0,5.0,1.0,6.0,3.0,3.0,
NAND,842185402,5,2.25,51.0,6.511054732468867,4.857556198520121,8.04204997922027,True,1.6534985339487456,1.5309952467514023,2.25,6.0,2.0,2.0,2.0,2.0,0.0,0.0,2.0,2.0,2.0,4.0,2.0,1.0,0.0,0.0,
NAND,859026431,5,1.9090909090909092,51.0,6.7869885531140905,5.133490019165345,8.317983799865493,True,1.6534985339487456,1.5309952467514023,1.9090909090909092,6.0,1.625,3.0,2.272727272727273,1.2857142857142858,1.0,0.0,0.0,2.0,2.0,4.0,1.0,5.0,2.0,4.0,
NAND,1090505983,5,1.9090909090909092,51.0,6.063988606747452,4.410490072798707,7.594983853498855,True,1.6534985339487456,1.5309952467514023,1.9090909090909092,6.0,1.625,3.0,2.272727272727273,1.2857142857142858,1.0,0.0,1.0,2.0,1.0,6.0,1.0,3.0,2.0,4.0,
NAND,1280068684,5,1.6666666666666667,33.0,5.4911491965657335,3.837650662616988,7.022144443317136,True,1.6534985339487456,1.5309952467514023,1.6666666666666667,4.0,1.5,2.0,1.2,2.0,0.0,1.0,1.0,1.0,0.0,3.0,1.0,0.0,0.0,0.0,
NAND,1599567735,5,2.130434782608696,60.0,7.076656528446092,5.4231579944973465,8.607651775197494,True,1.6534985339487456,1.5309952467514023,2.130434782608696,7.0,1.8125,3.0,3.0,1.3478260869565217,1.0,0.0,0.0,1.0,1.0,5.0,1.0,6.0,3.0,3.0,
NAND,1968537471,5,2.130434782608696,60.0,7.076656528446092,5.4231579944973465,8.607651775197494,True,1.6534985339487456,1.5309952467514023,2.130434782608696,7.0,1.8125,3.0,3.0,1.3478260869565217,1.0,0.0,0.0,1.0,1.0,5.0,1.0,6.0,3.0,3.0,
NAND,2003859312,5,2.2857142857142856,60.0,6.19675652097202,4.543257987023274,7.727751767723422,True,1.6534985339487456,1.5309952467514023,2.2857142857142856,7.0,2.0,2.0,2.0,2.0,0.0,0.0,2.0,2.0,1.0,6.0,2.0,2.0,1.0,0.0,
NAND,2131427242,5,2.29004329004329,60.0,8.15032270510042,6.496824171151674,9.681317951851822,False,1.6534985339487456,1.5309952467514023,2.29004329004329,7.0,2.125,4.0,2.3636363636363638,2.0,0.0,0.0,2.0,2.0,1.0,8.0,1.0,3.0,2.0,4.0,
NAND,2136298837,5,1.785425101214575,51.0,5.815543568506985,4.16204503455824,7.346538815258388,True,1.6534985339487456,1.5309952467514023,1.785425101214575,6.0,1.625,3.0,2.076923076923077,1.3157894736842106,1.0,0.0,1.0,2.0,0.0,7.0,1.0,1.0,1.0,5.0,
NAND,2138529536,5,2.5303643724696356,78.0,8.508396198816817,6.854897664868071,10.039391445568219,False,1.6534985339487456,1.5309952467514023,2.5303643724696356,9.0,2.15625,3.0,2.3846153846153846,2.0,0.0,0.0,2.0,2.0,1.0,8.0,2.0,5.0,3.0,3.0,
NAND,2139058288,5,2.4,42.0,6.2211422203086535,4.567643686359908,7.752137467060056,True,1.6534985339487456,1.5309952467514023,2.4,5.0,2.125,3.0,2.3333333333333335,2.0,0.0,0.0,2.0,2.0,1.0,4.0,1.0,0.0,0.0,0.0,
NAND,2341452799,5,2.5555555555555554,69.0,9.055027255708591,7.4015287217598456,10.586022502459993,False,1.6534985339487456,1.5309952467514023,2.5555555555555554,8.0,2.28125,3.0,3.0,2.0,1.0,0.0,0.0,1.0,2.0,2.0,1.0,8.0,3.0,3.0,
NAND,2646580671,5,3.0,51.0,7.564487285363333,5.910988751414587,9.095482532114735,True,1.6534985339487456,1.5309952467514023,3.0,6.0,2.25,3.0,3.0,2.0,1.0,0.0,0.0,0.0,2.0,2.0,2.0,2.0,0.0,0.0,
NAND,2696126719,5,2.450980392156863,69.0,7.658025490475053,6.004526956526307,9.189020737226455,False,1.6534985339487456,1.5309952467514023,2.450980392156863,8.0,2.09375,3.0,2.2,2.0,1.0,0.0,1.0,2.0,1.0,1.0,2.0,6.0,2.0,4.0,
NAND,2700473845,5,2.4,42.0,6.889305312930876,5.2358067789821305,8.420300559682278,True,1.6534985339487456,1.5309952467514023,2.4,5.0,2.125,3.0,2.3333333333333335,2.0,1.0,0.0,1.0,1.0,2.0,1.0,1.0,1.0,0.0,0.0,
NAND,2829623456,5,1.8181818181818181,42.0,6.767971685118765,5.114473151170019,8.298966931870167,True,1.6534985339487456,1.5309952467514023,1.8181818181818181,5.0,1.5625,3.0,1.2727272727272727,2.2,0.0,1.0,0.0,4.0,1.0,2.0,1.0,1.0,1.0,1.0,
NAND,2861214346,5,1.5873015873015872,42.0,6.409716902710235,4.756218368761489,7.940712149461637,True,1.6534985339487456,1.5309952467514023,1.5873015873015872,5.0,1.5625,3.0,1.2222222222222223,2.0,0.0,1.0,1.0,3.0,1.0,2.0,2.0,2.0,1.0,1.0,
NAND,2863300736,5,1.8181818181818181,42.0,6.767971685118765,5.114473151170019,8.298966931870167,True,1.6534985339487456,1.5309952467514023,1.8181818181818181,5.0,1.5625,3.0,1.2727272727272727,2.2,0.0,1.0,0.0,4.0,1.0,2.0,1.0,1.0,1.0,1.0,
NAND,2864644159,5,2.450980392156863,69.0,7.658025490475053,6.004526956526307,9.189020737226455,False,1.6534985339487456,1.5309952467514023,2.450980392156863,8.0,2.09375,3.0,2.2,2.0,1.0,0.0,1.0,2.0,1.0,1.0,2.0,6.0,2.0,4.0,
NAND,3149610815,5,2.0833333333333335,42.0,6.277421081933438,4.623922547984693,7.8084163286848405,True,1.6534985339487456,1.5309952467514023,2.0833333333333335,5.0,1.75,3.0,3.0,1.3333333333333333,1.0,0.0,0.0,1.0,2.0,1.0,2.0,2.0,0.0,0.0,
NAND,3422617463,5,2.2857142857142856,51.0,6.496715848527562,4.843217314578816,8.027711095278963,True,1.6534985339487456,1.5309952467514023,2.2857142857142856,6.0,2.0625,3.0,2.142857142857143,2.0,1.0,0.0,1.0,2.0,1.0,1.0,3.0,3.0,1.0,1.0,
NAND,3588216287,5,2.0833333333333335,42.0,6.277421081933438,4.623922547984693,7.8084163286848405,True,1.6534985339487456,1.5309952467514023,2.0833333333333335,5.0,1.75,3.0,3.0,1.3333333333333333,1.0,0.0,0.0,1.0,2.0,1.0,2.0,2.0,0.0,0.0,
NAND,3720404416,5,2.25,51.0,6.382918478968722,4.729419945019976,7.913913725720124,True,1.6534985339487456,1.5309952467514023,2.25,6.0,2.0,2.0,2.0,2.0,0.0,0.0,1.0,3.0,2.0,2.0,2.0,1.0,0.0,0.0,
NAND,3969969388,5,2.450980392156863,69.0,8.544359162161335,6.8908606282125895,10.075354408912737,False,1.6534985339487456,1.5309952467514023,2.450980392156863,8.0,2.09375,3.0,2.2,2.0,0.0,0.0,1.0,4.0,2.0,5.0,2.0,4.0,2.0,4.0,
NAND,4043259711,5,3.0,51.0,7.564487285363333,5.910988751414587,9.095482532114735,True,1.6534985339487456,1.5309952467514023,3.0,6.0,2.25,3.0,3.0,2.0,1.0,0.0,0.0,0.0,2.0,2.0,2.0,2.0,0.0,0.0,
NAND,4080268287,5,2.0833333333333335,42.0,6.277421081933438,4.623922547984693,7.8084163286848405,True,1.6534985339487456,1.5309952467514023,2.0833333333333335,5.0,1.75,3.0,3.0,1.3333333333333333,1.0,0.0,0.0,1.0,2.0,1.0,2.0,2.0,0.0,0.0,
NAND,4210080304,5,2.450980392156863,69.0,8.544359162161335,6.8908606282125895,10.075354408912737,False,1.6534985339487456,1.5309952467514023,2.450980392156863,8.0,2.09375,3.0,2.2,2.0,0.0,0.0,1.0,4.0,2.0,5.0,2.0,4.0,2.0,4.0,
NAND,4210749520,5,2.2857142857142856,51.0,6.914580219440384,5.2610816854916385,8.445575466191787,True,1.6534985339487456,1.5309952467514023,2.2857142857142856,6.0,2.0625,3.0,2.142857142857143,2.0,0.0,0.0,1.0,4.0,2.0,3.0,1.0,1.0,1.0,1.0,
NAND,4222235392,5,2.450980392156863,69.0,9.023068545303746,7.369570011355,10.554063792055148,False,1.6534985339487456,1.5309952467514023,2.450980392156863,8.0,2.0625,3.0,2.0588235294117645,2.066666666666667,0.0,1.0,1.0,4.0,2.0,4.0,1.0,6.0,3.0,3.0,
NAND,4223380138,5,1.9090909090909092,51.0,7.310484979210878,5.656986445262133,8.84148022596228,True,1.6534985339487456,1.5309952467514023,1.9090909090909092,6.0,1.625,3.0,2.272727272727273,1.2857142857142858,0.0,0.0,2.0,4.0,2.0,4.0,1.0,5.0,2.0,4.0,
NAND,4244373744,5,2.25,51.0,6.382918478968722,4.729419945019976,7.913913725720124,True,1.6534985339487456,1.5309952467514023,2.25,6.0,2.0,2.0,2.0,2.0,0.0,0.0,1.0,3.0,2.0,2.0,2.0,1.0,0.0,0.0,
NAND,4260691968,5,1.785425101214575,51.0,7.616136115334346,5.9626375813856,9.147131362085748,True,1.6534985339487456,1.5309952467514023,1.785425101214575,6.0,1.625,3.0,1.3157894736842106,2.076923076923077,0.0,1.0,1.0,4.0,1.0,3.0,1.0,5.0,2.0,4.0,
NAND,4283762005,5,2.2857142857142856,51.0,6.496715848527562,4.843217314578816,8.027711095278963,True,1.6534985339487456,1.5309952467514023,2.2857142857142856,6.0,2.0625,3.0,2.142857142857143,2.0,1.0,0.0,1.0,2.0,1.0,1.0,3.0,3.0,1.0,1.0,
NAND,4294903295,5,1.641025641025641,42.0,6.2431233875700425,4.589624853621297,7.774118634321445,True,1.6534985339487456,1.5309952467514023,1.641025641025641,5.0,1.4375,3.0,3.0,1.0769230769230769,1.0,0.0,0.0,1.0,2.0,2.0,3.0,3.0,1.0,1.0,
NAND,4294906367,5,1.641025641025641,42.0,6.2431233875700425,4.589624853621297,7.774118634321445,True,1.6534985339487456,1.5309952467514023,1.641025641025641,5.0,1.4375,3.0,3.0,1.0769230769230769,1.0,0.0,0.0,1.0,2.0,2.0,3.0,3.0,1.0,1.0,
NAND,4294963968,5,1.8181818181818181,42.0,6.402870786750557,4.749372252801812,7.9338660335019595,True,1.6534985339487456,1.5309952467514023,1.8181818181818181,5.0,1.5625,3.0,2.2,1.2727272727272727,0.0,0.0,2.0,3.0,2.0,3.0,2.0,2.0,1.0,1.0,
NAND,83821823,6,1.5873015873015872,42.0,6.153420045589583,4.499921511640838,7.684415292340986,True,1.6534985339487456,1.5309952467514023,1.5873015873015872,5.0,1.5625,3.0,2.0,1.2222222222222223,1.0,0.0,1.0,1.0,1.0,4.0,2.0,2.0,1.0,0.0,
NAND,150972671,6,2.0166666666666666,51.0,6.637348650529714,4.983850116580968,8.168343897281115,True,1.6534985339487456,1.5309952467514023,2.0166666666666666,6.0,1.75,3.0,2.3333333333333335,1.4,1.0,0.0,1.0,2.0,0.0,4.0,2.0,1.0,2.0,2.0,
NAND,231562717,6,2.5303643724696356,78.0,9.103194638264249,7.449696104315503,10.634189885015651,False,1.6534985339487456,1.5309952467514023,2.5303643724696356,9.0,2.15625,3.0,2.3846153846153846,2.0,1.0,0.0,1.0,1.0,2.0,6.0,2.0,3.0,4.0,4.0,
NAND,354287615,6,2.130434782608696,60.0,7.166258046323167,5.512759512374421,8.697253293074569,True,1.6534985339487456,1.5309952467514023,2.130434782608696,7.0,1.8125,3.0,3.0,1.3478260869565217,1.0,0.0,0.0,0.0,1.0,7.0,2.0,6.0,2.0,2.0,
NAND,939474943,6,1.6666666666666667,51.0,6.768950546826255,5.115452012877509,8.299945793577656,True,1.6534985339487456,1.5309952467514023,1.6666666666666667,6.0,1.4375,4.0,3.2,1.1111111111111112,1.0,0.0,0.0,0.0,0.0,8.0,1.0,5.0,2.0,2.0,
NAND,1073709055,6,1.3908045977011494,51.0,6.906395161422402,5.252896627473657,8.437390408173805,True,1.6534985339487456,1.5309952467514023,1.3908045977011494,6.0,1.3125,4.0,4.0,1.0344827586206897,1.0,0.0,0.0,0.0,0.0,9.0,0.0,3.0,3.0,3.0,
NAND,1258244863,6,2.618181818181818,51.0,7.349244230165231,5.695745696216486,8.880239476916634,True,1.6534985339487456,1.5309952467514023,2.618181818181818,6.0,1.875,3.0,3.0,1.3636363636363635,1.0,0.0,1.0,2.0,1.0,3.0,2.0,1.0,1.0,1.0,
NAND,1349775615,6,2.5303643724696356,78.0,9.103194638264249,7.449696104315503,10.634189885015651,False,1.6534985339487456,1.5309952467514023,2.5303643724696356,9.0,2.15625,3.0,2.3846153846153846,2.0,1.0,0.0,1.0,1.0,2.0,6.0,2.0,3.0,4.0,4.0,
NAND,1439498239,6,2.0833333333333335,42.0,6.8062793587267905,5.152780824778045,8.337274605478193,True,1.6534985339487456,1.5309952467514023,2.0833333333333335,5.0,1.75,3.0,3.0,1.3333333333333333,1.0,0.0,1.0,1.0,2.0,3.0,2.0,0.0,0.0,0.0,
NAND,1460141831,6,2.5303643724696356,78.0,9.103194638264249,7.449696104315503,10.634189885015651,False,1.6534985339487456,1.5309952467514023,2.5303643724696356,9.0,2.15625,3.0,2.3846153846153846,2.0,1.0,0.0,1.0,1.0,2.0,6.0,2.0,3.0,4.0,4.0,
NAND,1465866207,6,2.130434782608696,60.0,7.166258046323167,5.512759512374421,8.697253293074569,True,1.6534985339487456,1.5309952467514023,2.130434782608696,7.0,1.8125,3.0,3.0,1.3478260869565217,1.0,0.0,0.0,0.0,1.0,7.0,2.0,6.0,2.0,2.0,
NAND,1566440925,6,2.130434782608696,60.0,7.304648474869914,5.651149940921169,8.835643721621317,True,1.6534985339487456,1.5309952467514023,2.130434782608696,7.0,1.8125,3.0,3.0,1.3478260869565217,1.0,0.0,1.0,2.0,1.0,7.0,1.0,2.0,4.0,4.0,
NAND,1602162559,6,2.0833333333333335,60.0,7.169979797360602,5.5164812634118565,8.700975044112004,True,1.6534985339487456,1.5309952467514023,2.0833333333333335,7.0,1.75,3.0,3.0,1.3333333333333333,1.0,0.0,0.0,1.0,1.0,5.0,2.0,3.0,2.0,1.0,
NAND,1865379631,6,2.618181818181818,51.0,7.349244230165231,5.695745696216486,8.880239476916634,True,1.6534985339487456,1.5309952467514023,2.618181818181818,6.0,1.875,3.0,3.0,1.3636363636363635,1.0,0.0,1.0,2.0,1.0,3.0,2.0,1.0,1.0,1.0,
NAND,2004824959,6,2.0833333333333335,60.0,7.169979797360602,5.5164812634118565,8.700975044112004,True,1.6534985339487456,1.5309952467514023,2.0833333333333335,7.0,1.75,3.0,3.0,1.3333333333333333,1.0,0.0,0.0,1.0,1.0,5.0,2.0,3.0,2.0,1.0,
NAND,2139059573,6,2.0833333333333335,42.0,6.8062793587267905,5.152780824778045,8.337274605478193,True,1.6534985339487456,1.5309952467514023,2.0833333333333335,5.0,1.75,3.0,3.0,1.3333333333333333,1.0,0.0,1.0,1.0,2.0,3.0,2.0,0.0,0.0,0.0,
NAND,2408513536,6,1.8181818181818181,42.0,6.918234958525152,5.264736424576406,8.449230205276553,True,1.6534985339487456,1.5309952467514023,1.8181818181818181,5.0,1.5625,3.0,1.2727272727272727,2.2,0.0,1.0,1.0,3.0,1.0,1.0,0.0,4.0,1.0,0.0,
NAND,2863320064,6,2.4,42.0,7.162568335258836,5.5090698013100905,8.693563582010238,True,1.6534985339487456,1.5309952467514023,2.4,5.0,2.125,3.0,2.0,2.3333333333333335,0.0,1.0,0.0,4.0,2.0,2.0,1.0,0.0,0.0,0.0,
NAND,2880113419,6,2.25,51.0,6.746571084547008,5.093072550598262,8.27756633129841,True,1.6534985339487456,1.5309952467514023,2.25,6.0,2.0,2.0,2.0,2.0,1.0,0.0,2.0,2.0,2.0,0.0,2.0,1.0,0.0,0.0,
NAND,2896211104,6,2.4,42.0,7.162568335258836,5.5090698013100905,8.693563582010238,True,1.6534985339487456,1.5309952467514023,2.4,5.0,2.125,3.0,2.0,2.3333333333333335,0.0,1.0,0.0,4.0,2.0,2.0,1.0,0.0,0.0,0.0,
NAND,3006529343,6,2.130434782608696,60.0,7.697962804100143,6.044464270151398,9.228958050851546,True,1.6534985339487456,1.5309952467514023,2.130434782608696,7.0,1.8125,3.0,3.0,1.3478260869565217,1.0,0.0,0.0,2.0,2.0,3.0,2.0,8.0,2.0,2.0,
NAND,3102801148,6,2.4,60.0,9.341594926187186,7.688096392238441,10.872590172938589,False,1.6534985339487456,1.5309952467514023,2.4,7.0,2.1875,4.0,2.4166666666666665,2.05,0.0,0.0,2.0,3.0,2.0,3.0,1.0,4.0,2.0,1.0,
NAND,3150721996,6,4.063492063492063,51.0,7.920132235012611,6.266633701063865,9.451127481764013,True,1.6534985339487456,1.5309952467514023,4.063492063492063,6.0,2.25,3.0,2.4285714285714284,2.111111111111111,0.0,0.0,2.0,4.0,0.0,1.0,0.0,4.0,1.0,0.0,
NAND,3221163791,6,1.7439613526570048,51.0,6.5545843852215,4.901085851272755,8.085579631972902,True,1.6534985339487456,1.5309952467514023,1.7439613526570048,6.0,1.5625,4.0,2.2222222222222223,1.3043478260869565,1.0,0.0,1.0,2.0,1.0,5.0,0.0,6.0,2.0,2.0,
NAND,3221192908,6,2.4,60.0,9.341594926187186,7.688096392238441,10.872590172938589,False,1.6534985339487456,1.5309952467514023,2.4,7.0,2.1875,4.0,2.4166666666666665,2.05,0.0,0.0,2.0,3.0,2.0,3.0,1.0,4.0,2.0,1.0,
NAND,3221207859,6,2.0628571428571427,60.0,8.067126600367637,6.413628066418891,9.598121847119039,True,1.6534985339487456,1.5309952467514023,2.0628571428571427,7.0,1.75,4.0,3.142857142857143,1.36,1.0,0.0,1.0,3.0,1.0,5.0,1.0,4.0,3.0,3.0,
NAND,3426811767,6,2.5303643724696356,60.0,7.952447588924068,6.298949054975322,9.48344283567547,True,1.6534985339487456,1.5309952467514023,2.5303643724696356,7.0,2.1875,3.0,2.3846153846153846,2.0526315789473686,1.0,0.0,1.0,3.0,1.0,3.0,4.0,5.0,4.0,4.0,
NAND,3427069678,6,2.2857142857142856,51.0,6.76389988295075,5.110401349002005,8.294895129702152,True,1.6534985339487456,1.5309952467514023,2.2857142857142856,6.0,2.0625,3.0,2.142857142857143,2.0,0.0,0.0,2.0,3.0,2.0,2.0,0.0,4.0,1.0,0.0,
NAND,3721264911,6,2.5555555555555554,69.0,9.059537255101104,7.406038721152358,10.590532501852506,False,1.6534985339487456,1.5309952467514023,2.5555555555555554,8.0,2.28125,3.0,3.0,2.0,1.0,0.0,1.0,2.0,2.0,4.0,3.0,4.0,4.0,4.0,
NAND,3723515376,6,2.6825396825396823,51.0,8.089628002903797,6.436129468955052,9.6206232496552,True,1.6534985339487456,1.5309952467514023,2.6825396825396823,6.0,2.25,3.0,2.4285714285714284,2.111111111111111,0.0,0.0,2.0,4.0,2.0,2.0,0.0,4.0,1.0,0.0,
NAND,3755937631,6,2.0833333333333335,60.0,7.653945611637839,6.000447077689094,9.184940858389242,True,1.6534985339487456,1.5309952467514023,2.0833333333333335,7.0,1.75,3.0,3.0,1.3333333333333333,1.0,0.0,0.0,2.0,2.0,2.0,2.0,5.0,2.0,1.0,
NAND,4026595583,6,2.450980392156863,60.0,8.091999855134222,6.438501321185477,9.622995101885625,True,1.6534985339487456,1.5309952467514023,2.450980392156863,7.0,2.125,3.0,2.2,2.0588235294117645,1.0,0.0,2.0,4.0,2.0,4.0,1.0,4.0,3.0,3.0,
NAND,4080254976,6,2.4,42.0,7.359341047888501,5.705842513939755,8.890336294639903,True,1.6534985339487456,1.5309952467514023,2.4,5.0,2.125,3.0,2.0,2.3333333333333335,0.0,1.0,1.0,3.0,1.0,1.0,1.0,1.0,0.0,0.0,
NAND,4115723760,6,2.2857142857142856,60.0,7.3813496134862016,5.727851079537456,8.912344860237603,True,1.6534985339487456,1.5309952467514023,2.2857142857142856,7.0,2.0625,3.0,2.142857142857143,2.0,0.0,0.0,2.0,2.0,2.0,4.0,2.0,3.0,1.0,0.0,
NAND,4116018517,6,1.785425101214575,51.0,5.850141288278259,4.196642754329513,7.381136535029661,True,1.6534985339487456,1.5309952467514023,1.785425101214575,6.0,1.625,3.0,2.076923076923077,1.3157894736842106,1.0,0.0,1.0,3.0,0.0,3.0,1.0,7.0,2.0,2.0,
NAND,4121982256,6,2.640625,69.0,9.199054512452818,7.545555978504073,10.73004975920422,False,1.6534985339487456,1.5309952467514023,2.640625,8.0,2.1875,3.0,2.25,2.125,0.0,0.0,2.0,3.0,3.0,3.0,2.0,5.0,2.0,1.0,
NAND,4280430370,6,2.450980392156863,69.0,8.329365097193449,6.675866563244703,9.860360343944851,True,1.6534985339487456,1.5309952467514023,2.450980392156863,8.0,2.09375,3.0,2.2,2.0,0.0,0.0,2.0,3.0,3.0,5.0,3.0,6.0,3.0,3.0,
NAND,4282121984,6,1.9090909090909092,51.0,6.861747185793599,5.208248651844854,8.392742432545003,True,1.6534985339487456,1.5309952467514023,1.9090909090909092,6.0,1.625,3.0,2.272727272727273,1.2857142857142858,0.0,0.0,2.0,3.0,2.0,6.0,2.0,5.0,3.0,3.0,
NAND,4283781200,6,2.25,51.0,6.939873574484896,5.28637504053615,8.470868821236298,True,1.6534985339487456,1.5309952467514023,2.25,6.0,2.0,2.0,2.0,2.0,0.0,0.0,2.0,3.0,3.0,2.0,2.0,2.0,0.0,0.0,
NAND,4286036787,6,2.0833333333333335,42.0,6.322321415604904,4.668822881656158,7.853316662356306,True,1.6534985339487456,1.5309952467514023,2.0833333333333335,5.0,1.75,3.0,3.0,1.3333333333333333,1.0,0.0,1.0,2.0,1.0,1.0,2.0,1.0,0.0,0.0,
NAND,168462986,7,1.8181818181818181,42.0,7.461705810418176,5.808207276469431,8.99270105716958,True,1.6534985339487456,1.5309952467514023,1.8181818181818181,5.0,1.5625,3.0,1.2727272727272727,2.2,0.0,1.0,1.0,2.0,1.0,4.0,1.0,1.0,1.0,1.0,
NAND,184799183,7,2.450980392156863,60.0,7.895067913108757,6.241569379160011,9.42606315986016,True,1.6534985339487456,1.5309952467514023,2.450980392156863,7.0,2.125,3.0,2.2,2.0588235294117645,1.0,0.0,1.0,3.0,2.0,4.0,0.0,4.0,2.0,4.0,
NAND,322142079,7,2.29004329004329,78.0,10.111988769220257,8.458490235271512,11.64298401597166,False,1.6534985339487456,1.5309952467514023,2.29004329004329,9.0,2.125,4.0,2.3636363636363638,2.0,1.0,0.0,0.0,0.0,1.0,7.0,1.0,6.0,3.0,2.0,
NAND,472973311,7,2.705627705627706,69.0,9.818966912484024,8.165468378535278,11.349962159235426,False,1.6534985339487456,1.5309952467514023,2.705627705627706,8.0,2.03125,4.0,3.090909090909091,1.4761904761904763,1.0,0.0,1.0,2.0,1.0,6.0,2.0,4.0,3.0,3.0,
NAND,589557679,7,2.5303643724696356,69.0,8.751404363771663,7.097905829822917,10.282399610523065,True,1.6534985339487456,1.5309952467514023,2.5303643724696356,8.0,2.1875,3.0,2.3846153846153846,2.0526315789473686,1.0,0.0,1.0,2.0,2.0,5.0,2.0,3.0,4.0,4.0,
NAND,866809855,7,2.618181818181818,60.0,8.209858362541784,6.556359828593038,9.740853609293186,True,1.6534985339487456,1.5309952467514023,2.618181818181818,7.0,2.3125,3.0,3.0,2.0,1.0,0.0,1.0,1.0,2.0,4.0,3.0,1.0,1.0,0.0,
NAND,1058103125,7,2.6825396825396823,78.0,9.445031989222114,7.791533455273369,10.976027235973516,True,1.6534985339487456,1.5309952467514023,2.6825396825396823,9.0,2.21875,3.0,2.4285714285714284,2.0555555555555554,1.0,0.0,1.0,1.0,2.0,4.0,3.0,2.0,3.0,2.0,
NAND,1080029439,7,2.5303643724696356,60.0,7.677722074417792,6.0242235404690465,9.208717321169194,True,1.6534985339487456,1.5309952467514023,2.5303643724696356,7.0,2.1875,3.0,2.3846153846153846,2.0526315789473686,1.0,0.0,1.0,2.0,1.0,5.0,2.0,5.0,3.0,3.0,
NAND,1280110415,7,2.6825396825396823,69.0,9.673655528795367,8.020156994846621,11.204650775546769,False,1.6534985339487456,1.5309952467514023,2.6825396825396823,8.0,2.25,3.0,2.4285714285714284,2.111111111111111,1.0,0.0,2.0,2.0,3.0,4.0,3.0,1.0,1.0,1.0,
NAND,1338983887,7,2.4,69.0,8.497574028862191,6.8440754949134455,10.028569275613593,True,1.6534985339487456,1.5309952467514023,2.4,8.0,2.125,3.0,2.3333333333333335,2.0,1.0,0.0,1.0,2.0,2.0,4.0,2.0,1.0,2.0,2.0,
NAND,1433884535,7,1.9090909090909092,51.0,6.358733489133829,4.705234955185084,7.889728735885232,False,1.6534985339487456,1.5309952467514023,1.9090909090909092,6.0,1.625,3.0,2.272727272727273,1.2857142857142858,1.0,0.0,0.0,0.0,1.0,6.0,2.0,7.0,4.0,2.0,
NAND,1434411007,7,2.0628571428571427,69.0,8.991427438171,7.337928904222254,10.522422684922402,True,1.6534985339487456,1.5309952467514023,2.0628571428571427,8.0,1.75,4.0,3.142857142857143,1.36,1.0,0.0,0.0,0.0,0.0,8.0,2.0,5.0,3.0,2.0,
NAND,1435041740,7,3.111111111111111,60.0,9.107205695756706,7.4537071618079604,10.638200942508108,True,1.6534985339487456,1.5309952467514023,3.111111111111111,7.0,2.25,3.0,2.4285714285714284,2.111111111111111,0.0,0.0,2.0,2.0,2.0,5.0,3.0,2.0,1.0,1.0,
NAND,1593900815,7,2.2857142857142856,60.0,7.6662354395774415,6.012736905628696,9.197230686328844,True,1.6534985339487456,1.5309952467514023,2.2857142857142856,7.0,2.0625,3.0,2.142857142857143,2.0,1.0,0.0,2.0,1.0,3.0,3.0,1.0,0.0,1.0,1.0,
NAND,1724671692,7,4.0,51.0,8.602238156190129,6.9487396222413835,10.133233402941531,True,1.6534985339487456,1.5309952467514023,4.0,6.0,2.25,3.0,2.25,2.25,0.0,0.0,1.0,1.0,1.0,2.0,0.0,0.0,0.0,0.0,
NAND,1933604727,7,2.6825396825396823,60.0,8.700239810905599,7.046741276956853,10.231235057657,True,1.6534985339487456,1.5309952467514023,2.6825396825396823,7.0,2.25,3.0,2.4285714285714284,2.111111111111111,1.0,0.0,1.0,2.0,2.0,3.0,3.0,2.0,1.0,1.0,
NAND,2012238064,7,2.640625,69.0,9.406782045882283,7.753283511933537,10.937777292633685,True,1.6534985339487456,1.5309952467514023,2.640625,8.0,2.25,3.0,2.25,2.25,0.0,0.0,1.0,2.0,1.0,7.0,2.0,1.0,2.0,1.0,
NAND,2131623901,7,2.5208333333333335,78.0,11.469281381423656,9.81578284747491,13.000276628175058,False,1.6534985339487456,1.5309952467514023,2.5208333333333335,9.0,2.28125,4.0,3.125,2.0,1.0,0.0,1.0,2.0,3.0,4.0,3.0,1.0,2.0,2.0,
NAND,2136293141,7,2.4,69.0,8.497574028862191,6.8440754949134455,10.028569275613593,True,1.6534985339487456,1.5309952467514023,2.4,8.0,2.125,3.0,2.3333333333333335,2.0,1.0,0.0,1.0,2.0,2.0,4.0,2.0,1.0,2.0,2.0,
NAND,2365539583,7,2.29004329004329,60.0,8.160742492863735,6.507243958914989,9.691737739615137,True,1.6534985339487456,1.5309952467514023,2.29004329004329,7.0,1.78125,4.0,2.3636363636363638,1.4761904761904763,1.0,0.0,1.0,2.0,1.0,5.0,1.0,6.0,3.0,2.0,
NAND,2802319223,7,3.0727272727272728,87.0,10.647729943012896,8.99423140906415,12.178725189764299,False,1.6534985339487456,1.5309952467514023,3.0727272727272728,10.0,2.40625,4.0,3.1,2.090909090909091,1.0,0.0,0.0,1.0,2.0,2.0,1.0,6.0,3.0,1.0,
NAND,2862674080,7,2.4,60.0,8.406433734097943,6.752935200149198,9.937428980849345,True,1.6534985339487456,1.5309952467514023,2.4,7.0,2.125,3.0,2.0,2.3333333333333335,0.0,1.0,0.0,3.0,2.0,1.0,3.0,1.0,0.0,0.0,
NAND,2863533068,7,2.5303643724696356,69.0,9.95806680352334,8.304568269574595,11.489062050274743,False,1.6534985339487456,1.5309952467514023,2.5303643724696356,8.0,2.1875,3.0,2.0526315789473686,2.3846153846153846,0.0,1.0,1.0,3.0,2.0,5.0,2.0,7.0,4.0,2.0,
NAND,2936580616,7,2.4,69.0,9.360938946531432,7.707440412582686,10.891934193282834,True,1.6534985339487456,1.5309952467514023,2.4,8.0,2.125,3.0,2.0,2.3333333333333335,0.0,1.0,0.0,4.0,3.0,4.0,4.0,3.0,2.0,0.0,
NAND,3132801216,7,3.111111111111111,60.0,9.166369749409618,7.512871215460873,10.69736499616102,True,1.6534985339487456,1.5309952467514023,3.111111111111111,7.0,2.25,3.0,2.111111111111111,2.4285714285714284,0.0,1.0,0.0,4.0,3.0,3.0,1.0,2.0,1.0,0.0,
NAND,3154098312,7,2.816666666666667,69.0,9.508574691227714,7.855076157278969,11.039569937979117,True,1.6534985339487456,1.5309952467514023,2.816666666666667,8.0,2.4375,3.0,3.0,2.1,0.0,0.0,1.0,3.0,2.0,6.0,4.0,3.0,2.0,0.0,
NAND,3238001919,7,2.0833333333333335,60.0,7.968676328275302,6.315177794326557,9.499671575026705,True,1.6534985339487456,1.5309952467514023,2.0833333333333335,7.0,1.75,3.0,3.0,1.3333333333333333,1.0,0.0,1.0,2.0,2.0,1.0,3.0,1.0,0.0,0.0,
NAND,3436974079,7,2.705627705627706,69.0,9.577362489756647,7.923863955807901,11.108357736508049,True,1.6534985339487456,1.5309952467514023,2.705627705627706,8.0,2.375,3.0,3.0,2.0476190476190474,1.0,0.0,1.0,1.0,3.0,4.0,2.0,7.0,4.0,2.0,
NAND,3439198378,7,2.450980392156863,69.0,9.590178475610177,7.936679941661431,11.12117372236158,True,1.6534985339487456,1.5309952467514023,2.450980392156863,8.0,2.0625,3.0,2.0588235294117645,2.066666666666667,0.0,1.0,1.0,4.0,3.0,6.0,4.0,6.0,5.0,1.0,
NAND,3476017071,7,2.5555555555555554,60.0,8.807270167981418,7.1537716340326725,10.33826541473282,True,1.6534985339487456,1.5309952467514023,2.5555555555555554,7.0,1.90625,4.0,3.111111111111111,1.434782608695652,1.0,0.0,1.0,3.0,1.0,5.0,2.0,5.0,2.0,2.0,
NAND,3522417147,7,2.705627705627706,69.0,9.577362489756647,7.923863955807901,11.108357736508049,True,1.6534985339487456,1.5309952467514023,2.705627705627706,8.0,2.375,3.0,3.0,2.0476190476190474,1.0,0.0,1.0,1.0,3.0,4.0,2.0,7.0,4.0,2.0,
NAND,3722311816,7,2.951417004048583,78.0,10.798108338499496,9.14460980455075,12.329103585250898,False,1.6534985339487456,1.5309952467514023,2.951417004048583,9.0,2.5,3.0,3.0,2.1578947368421053,0.0,0.0,1.0,4.0,3.0,7.0,1.0,5.0,2.0,2.0,
NAND,3754745736,7,2.4,69.0,8.309177589951847,6.655679056003102,9.84017283670325,True,1.6534985339487456,1.5309952467514023,2.4,8.0,2.125,3.0,2.3333333333333335,2.0,0.0,0.0,1.0,3.0,2.0,6.0,4.0,3.0,2.0,0.0,
NAND,4050907507,7,2.4,60.0,7.847733120957512,6.194234587008767,9.378728367708915,True,1.6534985339487456,1.5309952467514023,2.4,7.0,2.125,3.0,2.3333333333333335,2.0,1.0,0.0,1.0,1.0,2.0,0.0,3.0,2.0,0.0,0.0,
NAND,4084727671,7,2.076923076923077,51.0,7.178019844980096,5.52452131103135,8.709015091731498,True,1.6534985339487456,1.5309952467514023,2.076923076923077,6.0,1.75,4.0,3.3333333333333335,1.3846153846153846,1.0,0.0,0.0,2.0,1.0,3.0,2.0,4.0,1.0,0.0,
NAND,4207591616,7,2.6825396825396823,60.0,8.584763606686531,6.931265072737785,10.115758853437933,True,1.6534985339487456,1.5309952467514023,2.6825396825396823,7.0,2.25,3.0,2.111111111111111,2.4285714285714284,0.0,1.0,0.0,5.0,2.0,4.0,2.0,1.0,1.0,1.0,
NAND,4220045448,7,2.6825396825396823,60.0,8.584763606686531,6.931265072737785,10.115758853437933,True,1.6534985339487456,1.5309952467514023,2.6825396825396823,7.0,2.25,3.0,2.111111111111111,2.4285714285714284,0.0,1.0,0.0,5.0,2.0,4.0,2.0,1.0,1.0,1.0,
NAND,4243353600,7,2.6825396825396823,87.0,10.346070982992448,8.692572449043702,11.87706622974385,False,1.6534985339487456,1.5309952467514023,2.6825396825396823,10.0,2.25,3.0,2.111111111111111,2.4285714285714284,0.0,1.0,0.0,4.0,2.0,5.0,1.0,1.0,4.0,1.0,
NAND,4283417668,7,2.6825396825396823,78.0,10.042721914066592,8.389223380117846,11.573717160817994,False,1.6534985339487456,1.5309952467514023,2.6825396825396823,9.0,2.21875,3.0,2.4285714285714284,2.0555555555555554,0.0,0.0,2.0,3.0,3.0,3.0,3.0,4.0,3.0,2.0,
NAND,4291032003,7,3.5636363636363635,60.0,8.591359873941485,6.93786133999274,10.122355120692887,True,1.6534985339487456,1.5309952467514023,3.5636363636363635,7.0,2.3125,3.0,3.0,2.0,1.0,0.0,2.0,3.0,1.0,2.0,2.0,1.0,1.0,1.0,
NAND,148703453,8,2.2857142857142856,51.0,8.740753825442182,7.087255291493436,10.271749072193584,True,1.6534985339487456,1.5309952467514023,2.2857142857142856,6.0,2.0625,3.0,2.0,2.142857142857143,1.0,1.0,2.0,1.0,2.0,4.0,0.0,0.0,1.0,1.0,
NAND,209190775,8,3.0727272727272728,60.0,8.572703978758199,6.919205444809453,10.103699225509601,True,1.6534985339487456,1.5309952467514023,3.0727272727272728,7.0,2.375,3.0,3.0,2.090909090909091,1.0,0.0,0.0,0.0,2.0,5.0,2.0,2.0,1.0,1.0,
NAND,454164309,8,2.6825396825396823,60.0,8.652795052839434,6.999296518890688,10.183790299590836,True,1.6534985339487456,1.5309952467514023,2.6825396825396823,7.0,2.25,3.0,2.4285714285714284,2.111111111111111,1.0,0.0,1.0,1.0,2.0,5.0,1.0,1.0,1.0,1.0,
NAND,872378480,8,2.6825396825396823,60.0,8.405655370456628,6.752156836507883,9.93665061720803,True,1.6534985339487456,1.5309952467514023,2.6825396825396823,7.0,2.25,3.0,2.4285714285714284,2.111111111111111,0.0,0.0,2.0,2.0,1.0,7.0,2.0,3.0,1.0,0.0,
NAND,1060158000,8,2.8588235294117648,78.0,11.482742431164974,9.829243897216228,13.013737677916376,False,1.6534985339487456,1.5309952467514023,2.8588235294117648,9.0,2.375,3.0,2.2941176470588234,2.466666666666667,0.0,1.0,1.0,4.0,3.0,6.0,3.0,4.0,3.0,3.0,
NAND,1280068860,8,2.450980392156863,78.0,11.367342617364548,9.713844083415802,12.89833786411595,False,1.6534985339487456,1.5309952467514023,2.450980392156863,9.0,2.1875,3.0,2.176470588235294,2.2,0.0,1.0,2.0,1.0,3.0,7.0,3.0,4.0,4.0,4.0,
NAND,1290731502,8,2.5555555555555554,69.0,10.550655495283298,8.897156961334552,12.0816507420347,True,1.6534985339487456,1.5309952467514023,2.5555555555555554,8.0,2.3125,4.0,3.111111111111111,2.0,0.0,0.0,3.0,2.0,4.0,9.0,2.0,2.0,1.0,5.0,
NAND,1297075663,8,2.4,69.0,8.469361149122594,6.815862615173849,10.000356395873997,True,1.6534985339487456,1.5309952467514023,2.4,8.0,2.125,3.0,2.3333333333333335,2.0,1.0,0.0,1.0,1.0,2.0,4.0,2.0,2.0,2.0,2.0,
NAND,1442137328,8,2.640625,69.0,9.402409590892034,7.748911056943289,10.933404837643437,True,1.6534985339487456,1.5309952467514023,2.640625,8.0,2.1875,3.0,2.25,2.125,0.0,0.0,2.0,3.0,4.0,6.0,4.0,3.0,2.0,1.0,
NAND,1442797047,8,1.7439613526570048,51.0,7.731067539096005,6.077569005147259,9.262062785847407,True,1.6534985339487456,1.5309952467514023,1.7439613526570048,6.0,1.5625,4.0,2.2222222222222223,1.3043478260869565,1.0,0.0,0.0,2.0,2.0,5.0,3.0,4.0,4.0,4.0,
NAND,1609457408,8,3.111111111111111,60.0,9.21519439814791,7.561695864199164,10.746189644899312,True,1.6534985339487456,1.5309952467514023,3.111111111111111,7.0,2.375,3.0,2.4285714285714284,2.3333333333333335,0.0,0.0,1.0,3.0,2.0,6.0,4.0,1.0,1.0,0.0,
NAND,1962999040,8,2.0166666666666666,51.0,8.5564626152338,6.902964081285054,10.087457861985202,True,1.6534985339487456,1.5309952467514023,2.0166666666666666,6.0,1.75,3.0,1.4,2.3333333333333335,0.0,1.0,1.0,2.0,1.0,5.0,2.0,1.0,2.0,2.0,
NAND,2013208812,8,2.816666666666667,69.0,9.899602471515122,8.246103937566376,11.430597718266524,True,1.6534985339487456,1.5309952467514023,2.816666666666667,8.0,2.4375,3.0,3.0,2.1,0.0,0.0,2.0,2.0,3.0,7.0,3.0,2.0,2.0,1.0,
NAND,2147447296,8,2.5303643724696356,78.0,11.051806483368056,9.39830794941931,12.582801730119458,False,1.6534985339487456,1.5309952467514023,2.5303643724696356,9.0,2.3125,4.0,2.4615384615384617,2.210526315789474,0.0,0.0,1.0,3.0,2.0,8.0,4.0,3.0,3.0,3.0,
NAND,2345438156,8,3.0625,51.0,8.746363127123287,7.092864593174541,10.277358373874689,True,1.6534985339487456,1.5309952467514023,3.0625,6.0,2.25,3.0,2.25,2.25,0.0,0.0,2.0,2.0,1.0,2.0,2.0,2.0,0.0,0.0,
NAND,2862615040,8,2.0833333333333335,42.0,8.841899982692137,7.188401448743392,10.37289522944354,True,1.6534985339487456,1.5309952467514023,2.0833333333333335,5.0,1.75,3.0,1.3333333333333333,3.0,0.0,1.0,0.0,3.0,1.0,1.0,2.0,1.0,0.0,0.0,
NAND,3140730803,8,2.2,69.0,8.611978747984782,6.958480214036037,10.142973994736185,True,1.6534985339487456,1.5309952467514023,2.2,8.0,1.875,3.0,3.0,1.3636363636363635,1.0,0.0,1.0,2.0,1.0,2.0,3.0,4.0,3.0,1.0,
NAND,3233871100,8,2.450980392156863,69.0,9.818340254655027,8.164841720706281,11.34933550140643,True,1.6534985339487456,1.5309952467514023,2.450980392156863,8.0,2.125,3.0,2.0588235294117645,2.2,0.0,1.0,2.0,2.0,3.0,4.0,1.0,7.0,3.0,3.0,
NAND,3237661418,8,2.8588235294117648,78.0,10.365830824672338,8.712332290723593,11.89682607142374,True,1.6534985339487456,1.5309952467514023,2.8588235294117648,9.0,2.3125,3.0,2.466666666666667,2.176470588235294,0.0,0.0,1.0,3.0,2.0,7.0,6.0,7.0,4.0,1.0,
NAND,3428188023,8,2.618181818181818,60.0,8.888134287068088,7.234635753119342,10.41912953381949,True,1.6534985339487456,1.5309952467514023,2.618181818181818,7.0,2.3125,3.0,3.0,2.0,1.0,0.0,0.0,2.0,3.0,3.0,4.0,4.0,1.0,1.0,
NAND,3435967232,8,3.4048582995951415,60.0,11.654308476575395,10.000809942626649,13.185303723326797,False,1.6534985339487456,1.5309952467514023,3.4048582995951415,7.0,2.28125,4.0,2.1578947368421053,2.4615384615384617,0.0,1.0,1.0,5.0,3.0,4.0,1.0,5.0,2.0,4.0,
NAND,3456917343,8,2.951417004048583,87.0,10.11361086689669,8.460112332947945,11.644606113648093,True,1.6534985339487456,1.5309952467514023,2.951417004048583,10.0,2.5,3.0,3.0,2.1578947368421053,1.0,0.0,1.0,2.0,2.0,3.0,3.0,6.0,4.0,3.0,
NAND,3472490736,8,2.8588235294117648,78.0,11.156384361259672,9.502885827310926,12.687379608011074,False,1.6534985339487456,1.5309952467514023,2.8588235294117648,9.0,2.375,3.0,2.2941176470588234,2.466666666666667,0.0,1.0,1.0,4.0,2.0,5.0,2.0,6.0,2.0,2.0,
NAND,3489636607,8,2.5208333333333335,60.0,8.988884558178412,7.335386024229667,10.519879804929815,True,1.6534985339487456,1.5309952467514023,2.5208333333333335,7.0,1.875,4.0,3.25,1.4166666666666667,1.0,0.0,1.0,3.0,1.0,2.0,2.0,4.0,2.0,1.0,
NAND,3639659772,8,2.6825396825396823,87.0,10.241231797238454,8.587733263289708,11.772227043989856,True,1.6534985339487456,1.5309952467514023,2.6825396825396823,10.0,2.25,3.0,2.4285714285714284,2.111111111111111,0.0,0.0,2.0,2.0,3.0,4.0,3.0,4.0,3.0,2.0,
NAND,3907832012,8,2.25,69.0,8.945423415289369,7.291924881340623,10.476418662040771,True,1.6534985339487456,1.5309952467514023,2.25,8.0,2.125,3.0,2.125,2.125,0.0,0.0,1.0,4.0,1.0,2.0,3.0,3.0,2.0,2.0,
NAND,3942892291,8,3.5714285714285716,87.0,11.126467083828373,9.472968549879628,12.657462330579776,False,1.6534985339487456,1.5309952467514023,3.5714285714285716,10.0,2.375,3.0,2.3333333333333335,2.4285714285714284,1.0,1.0,2.0,3.0,1.0,0.0,1.0,2.0,2.0,3.0,
NAND,4008610030,8,2.4,69.0,8.838632617221965,7.185134083273219,10.369627863973367,True,1.6534985339487456,1.5309952467514023,2.4,8.0,2.125,3.0,2.3333333333333335,2.0,0.0,0.0,2.0,3.0,3.0,1.0,2.0,1.0,0.0,1.0,
NAND,4026544128,8,1.641025641025641,42.0,8.428685882378568,6.775187348429823,9.95968112912997,True,1.6534985339487456,1.5309952467514023,1.641025641025641,5.0,1.4375,3.0,1.0769230769230769,3.0,0.0,1.0,0.0,3.0,1.0,2.0,1.0,3.0,1.0,0.0,
NAND,4042518528,8,2.2857142857142856,51.0,8.469140944155932,6.815642410207186,10.000136190907334,True,1.6534985339487456,1.5309952467514023,2.2857142857142856,6.0,2.0625,3.0,2.0,2.142857142857143,0.0,1.0,1.0,3.0,3.0,2.0,2.0,2.0,1.0,1.0,
NAND,4042797311,8,2.5303643724696356,78.0,9.592081379468572,7.938582845519827,11.123076626219975,True,1.6534985339487456,1.5309952467514023,2.5303643724696356,9.0,2.1875,3.0,2.3846153846153846,2.0526315789473686,1.0,0.0,2.0,2.0,3.0,4.0,3.0,4.0,4.0,3.0,
NAND,4044487680,8,2.951417004048583,87.0,11.073680882329644,9.420182348380898,12.604676129081046,False,1.6534985339487456,1.5309952467514023,2.951417004048583,10.0,2.3125,3.0,2.263157894736842,2.3846153846153846,0.0,1.0,1.0,3.0,4.0,4.0,4.0,6.0,2.0,3.0,
NAND,4093595921,8,2.5303643724696356,78.0,9.592081379468572,7.938582845519827,11.123076626219975,True,1.6534985339487456,1.5309952467514023,2.5303643724696356,9.0,2.1875,3.0,2.3846153846153846,2.0526315789473686,1.0,0.0,2.0,2.0,3.0,4.0,3.0,5.0,2.0,2.0,
NAND,4116029525,8,3.0625,51.0,9.07403073184247,7.420532197893724,10.605025978593872,True,1.6534985339487456,1.5309952467514023,3.0625,6.0,2.25,3.0,2.25,2.25,1.0,0.0,2.0,2.0,2.0,1.0,2.0,1.0,0.0,0.0,
NAND,4126478143,8,3.5636363636363635,60.0,9.650169122843936,7.99667058889519,11.181164369595338,True,1.6534985339487456,1.5309952467514023,3.5636363636363635,7.0,2.375,3.0,3.0,2.090909090909091,1.0,0.0,0.0,1.0,3.0,3.0,4.0,4.0,1.0,1.0,
NAND,4223347370,8,2.4,78.0,10.721463677063134,9.067965143114389,12.252458923814537,False,1.6534985339487456,1.5309952467514023,2.4,9.0,2.1875,4.0,2.4166666666666665,2.05,0.0,0.0,2.0,2.0,2.0,4.0,1.0,4.0,2.0,1.0,
NAND,4278866000,8,3.111111111111111,60.0,9.863393866355423,8.209895332406678,11.394389113106826,True,1.6534985339487456,1.5309952467514023,3.111111111111111,7.0,2.375,3.0,2.3333333333333335,2.4285714285714284,0.0,1.0,1.0,3.0,4.0,3.0,1.0,3.0,1.0,0.0,
NAND,4279235571,8,3.0,51.0,7.881462052616744,6.227963518667998,9.412457299368146,True,1.6534985339487456,1.5309952467514023,3.0,6.0,2.25,3.0,3.0,2.0,1.0,0.0,1.0,1.0,3.0,1.0,2.0,1.0,0.0,0.0,
NAND,4285543280,8,2.6825396825396823,60.0,8.369776759318405,6.71627822536966,9.900772006069808,True,1.6534985339487456,1.5309952467514023,2.6825396825396823,7.0,2.25,3.0,2.4285714285714284,2.111111111111111,0.0,0.0,2.0,3.0,2.0,5.0,2.0,4.0,1.0,0.0,
NAND,4294254752,8,2.450980392156863,69.0,8.571717876372547,6.918219342423802,10.10271312312395,True,1.6534985339487456,1.5309952467514023,2.450980392156863,8.0,2.1875,3.0,2.2,2.176470588235294,0.0,0.0,1.0,4.0,2.0,6.0,1.0,4.0,3.0,3.0,
NAND,195792895,9,2.705627705627706,96.0,11.331949718933085,9.67845118498434,12.862944965684488,True,1.6534985339487456,1.5309952467514023,2.705627705627706,11.0,2.375,3.0,3.0,2.0476190476190474,1.0,0.0,0.0,1.0,3.0,4.0,4.0,5.0,4.0,4.0,
NAND,256855630,9,2.450980392156863,69.0,10.393435229258717,8.739936695309972,11.92443047601012,True,1.6534985339487456,1.5309952467514023,2.450980392156863,8.0,2.1875,3.0,2.2,2.176470588235294,0.0,0.0,3.0,2.0,5.0,8.0,3.0,6.0,3.0,3.0,
NAND,268402816,9,2.6825396825396823,60.0,9.982606205415705,8.329107671466959,11.513601452167107,True,1.6534985339487456,1.5309952467514023,2.6825396825396823,7.0,2.25,4.0,2.2222222222222223,2.2857142857142856,0.0,1.0,1.0,3.0,0.0,5.0,2.0,1.0,1.0,1.0,
NAND,301202672,9,3.5714285714285716,78.0,11.367655067895305,9.714156533946559,12.898650314646707,True,1.6534985339487456,1.5309952467514023,3.5714285714285716,9.0,2.625,3.0,3.0,2.3333333333333335,0.0,0.0,2.0,1.0,3.0,6.0,4.0,3.0,1.0,0.0,
NAND,301977087,9,2.5555555555555554,60.0,9.371237804472614,7.717739270523868,10.902233051224016,True,1.6534985339487456,1.5309952467514023,2.5555555555555554,7.0,1.90625,4.0,3.111111111111111,1.434782608695652,1.0,0.0,0.0,1.0,2.0,5.0,5.0,5.0,4.0,4.0,
NAND,490732863,9,3.0193236714975846,78.0,11.145354773108048,9.491856239159302,12.67635001985945,True,1.6534985339487456,1.5309952467514023,3.0193236714975846,9.0,2.46875,4.0,3.3333333333333335,2.130434782608696,1.0,0.0,0.0,0.0,2.0,6.0,3.0,4.0,4.0,4.0,
NAND,534711007,9,2.705627705627706,78.0,10.392727155178706,8.73922862122996,11.923722401930108,True,1.6534985339487456,1.5309952467514023,2.705627705627706,9.0,2.375,3.0,3.0,2.0476190476190474,1.0,0.0,1.0,2.0,3.0,6.0,2.0,3.0,3.0,3.0,
NAND,573809203,9,2.1417004048582995,60.0,9.44722676864167,7.793728234692924,10.978222015393072,True,1.6534985339487456,1.5309952467514023,2.1417004048582995,7.0,2.0625,4.0,2.0,2.1538461538461537,1.0,1.0,2.0,2.0,2.0,5.0,1.0,3.0,2.0,4.0,
NAND,669996501,9,3.75,96.0,13.497558544250333,11.844060010301588,15.028553791001736,False,1.6534985339487456,1.5309952467514023,3.75,11.0,2.71875,4.0,3.25,2.4,1.0,0.0,1.0,1.0,2.0,7.0,3.0,1.0,3.0,2.0,
NAND,797749132,9,2.8588235294117648,78.0,12.504423933676238,10.850925399727492,14.03541918042764,False,1.6534985339487456,1.5309952467514023,2.8588235294117648,9.0,2.21875,4.0,2.1333333333333333,2.2941176470588234,0.0,0.0,2.0,3.0,3.0,7.0,3.0,3.0,2.0,5.0,
NAND,1427504332,9,3.2980392156862743,78.0,12.448137794988526,10.79463926103978,13.979133041739928,False,1.6534985339487456,1.5309952467514023,3.2980392156862743,9.0,2.53125,4.0,2.533333333333333,2.5294117647058822,0.0,0.0,2.0,3.0,3.0,7.0,3.0,5.0,2.0,3.0,
NAND,1605348015,9,3.5636363636363635,69.0,10.766226674770117,9.112728140821371,12.297221921521519,True,1.6534985339487456,1.5309952467514023,3.5636363636363635,8.0,2.4375,4.0,3.2,2.090909090909091,1.0,0.0,2.0,2.0,4.0,3.0,2.0,0.0,1.0,1.0,
NAND,1610564852,9,2.705627705627706,78.0,11.185115109874566,9.53161657592582,12.716110356625968,True,1.6534985339487456,1.5309952467514023,2.705627705627706,9.0,2.34375,3.0,3.0,2.0,0.0,0.0,3.0,3.0,5.0,7.0,5.0,5.0,5.0,5.0,
NAND,2004820027,9,2.951417004048583,87.0,10.770848108408616,9.11734957445987,12.301843355160019,True,1.6534985339487456,1.5309952467514023,2.951417004048583,10.0,2.5,3.0,3.0,2.1578947368421053,1.0,0.0,2.0,1.0,4.0,6.0,5.0,3.0,2.0,2.0,
NAND,2298478576,9,3.5636363636363635,60.0,10.1065421776849,8.453043643736155,11.637537424436303,True,1.6534985339487456,1.5309952467514023,3.5636363636363635,7.0,2.375,3.0,3.0,2.090909090909091,0.0,0.0,3.0,3.0,2.0,3.0,1.0,5.0,1.0,0.0,
NAND,2407594746,9,3.5714285714285716,69.0,10.779391639304935,9.12589310535619,12.310386886056337,True,1.6534985339487456,1.5309952467514023,3.5714285714285716,8.0,2.625,3.0,3.0,2.3333333333333335,0.0,0.0,2.0,4.0,4.0,4.0,2.0,4.0,1.0,0.0,
NAND,2448545277,9,3.2666666666666666,96.0,11.773490089077207,10.119991555128461,13.304485335828609,False,1.6534985339487456,1.5309952467514023,3.2666666666666666,11.0,2.5,4.0,3.0833333333333335,2.15,1.0,0.0,1.0,1.0,3.0,3.0,4.0,5.0,2.0,1.0,
NAND,2700083280,9,2.0833333333333335,42.0,9.654403859042267,8.000905325093521,11.18539910579367,True,1.6534985339487456,1.5309952467514023,2.0833333333333335,5.0,1.75,3.0,1.3333333333333333,3.0,0.0,1.0,1.0,2.0,2.0,1.0,2.0,2.0,0.0,0.0,
NAND,2762339829,9,3.4048582995951415,60.0,10.509834314815151,8.856335780866406,12.040829561566554,True,1.6534985339487456,1.5309952467514023,3.4048582995951415,7.0,2.28125,4.0,2.4615384615384617,2.1578947368421053,1.0,0.0,1.0,2.0,3.0,4.0,4.0,5.0,4.0,4.0,
NAND,2960175359,9,2.8588235294117648,78.0,11.781069125422096,10.12757059147335,13.312064372173499,False,1.6534985339487456,1.5309952467514023,2.8588235294117648,9.0,2.21875,4.0,2.2666666666666666,2.176470588235294,1.0,0.0,2.0,2.0,3.0,4.0,2.0,5.0,3.0,2.0,
NAND,3048453536,9,3.768627450980392,87.0,12.228133496817101,10.574634962868355,13.759128743568503,False,1.6534985339487456,1.5309952467514023,3.768627450980392,10.0,2.75,3.0,3.0,2.5294117647058822,0.0,0.0,2.0,4.0,4.0,7.0,3.0,8.0,4.0,2.0,
NAND,3123854010,9,2.8588235294117648,78.0,12.220510150154576,10.56701161620583,13.751505396905978,False,1.6534985339487456,1.5309952467514023,2.8588235294117648,9.0,2.28125,4.0,2.2666666666666666,2.2941176470588234,0.0,0.0,2.0,3.0,2.0,5.0,2.0,7.0,3.0,2.0,
NAND,3123948051,9,3.0625,87.0,11.978902838624387,10.325404304675642,13.50989808537579,False,1.6534985339487456,1.5309952467514023,3.0625,10.0,2.40625,4.0,2.3125,2.5,1.0,0.0,2.0,3.0,3.0,2.0,4.0,1.0,3.0,2.0,
NAND,3153801984,9,2.450980392156863,69.0,9.027201793127645,7.3737032591789,10.558197039879047,True,1.6534985339487456,1.5309952467514023,2.450980392156863,8.0,2.125,3.0,2.2,2.0588235294117645,0.0,0.0,2.0,4.0,3.0,4.0,3.0,6.0,3.0,3.0,
NAND,3364866063,9,3.2980392156862743,78.0,11.765395538855184,10.111897004906439,13.296390785606587,False,1.6534985339487456,1.5309952467514023,3.2980392156862743,9.0,2.375,3.0,2.2941176470588234,2.466666666666667,1.0,1.0,2.0,3.0,1.0,2.0,2.0,5.0,3.0,4.0,
NAND,3503329167,9,4.0,51.0,9.705218781675441,8.051720247726696,11.236214028426843,True,1.6534985339487456,1.5309952467514023,4.0,6.0,2.5,3.0,2.5,2.5,1.0,0.0,2.0,1.0,0.0,1.0,2.0,1.0,0.0,0.0,
NAND,3590258924,9,2.6825396825396823,87.0,9.748916451624913,8.095417917676167,11.279911698376315,True,1.6534985339487456,1.5309952467514023,2.6825396825396823,10.0,2.25,3.0,2.4285714285714284,2.111111111111111,0.0,0.0,2.0,3.0,3.0,4.0,5.0,6.0,3.0,0.0,
NAND,3721136136,9,2.4,69.0,9.271547213356696,7.61804867940795,10.802542460108098,True,1.6534985339487456,1.5309952467514023,2.4,8.0,2.125,3.0,2.0,2.3333333333333335,0.0,1.0,0.0,3.0,3.0,5.0,4.0,3.0,2.0,0.0,
NAND,3722507744,9,3.111111111111111,78.0,11.885100971662224,10.231602437713478,13.416096218413626,False,1.6534985339487456,1.5309952467514023,3.111111111111111,9.0,2.34375,4.0,2.5,2.2222222222222223,0.0,0.0,1.0,3.0,3.0,3.0,2.0,3.0,3.0,1.0,
NAND,4026593715,9,2.6825396825396823,87.0,11.411142264239544,9.757643730290798,12.942137510990946,True,1.6534985339487456,1.5309952467514023,2.6825396825396823,10.0,2.25,3.0,2.111111111111111,2.4285714285714284,1.0,1.0,2.0,2.0,2.0,1.0,6.0,2.0,4.0,2.0,
NAND,4029709821,9,3.4048582995951415,87.0,11.706857446318956,10.05335891237021,13.237852693070359,False,1.6534985339487456,1.5309952467514023,3.4048582995951415,10.0,2.375,5.0,2.5384615384615383,2.263157894736842,1.0,0.0,2.0,2.0,4.0,3.0,4.0,5.0,4.0,2.0,
NAND,4037081762,9,2.450980392156863,69.0,9.49856926303288,7.845070729084135,11.029564509784283,True,1.6534985339487456,1.5309952467514023,2.450980392156863,8.0,2.125,3.0,2.0588235294117645,2.2,0.0,1.0,1.0,3.0,3.0,4.0,5.0,5.0,4.0,4.0,
NAND,4040227064,9,2.074509803921569,78.0,9.987110712446334,8.333612178497589,11.518105959197737,True,1.6534985339487456,1.5309952467514023,2.074509803921569,9.0,2.125,4.0,2.1333333333333333,2.1176470588235294,0.0,0.0,1.0,4.0,1.0,5.0,3.0,5.0,2.0,3.0,
NAND,4042451490,9,3.0625,87.0,10.32649624876743,8.672997714818685,11.857491495518833,True,1.6534985339487456,1.5309952467514023,3.0625,10.0,2.5,3.0,2.5,2.5,0.0,0.0,1.0,4.0,2.0,4.0,4.0,2.0,4.0,2.0,
NAND,4126471536,9,2.4,87.0,11.392338635342739,9.738840101393993,12.923333882094141,True,1.6534985339487456,1.5309952467514023,2.4,10.0,2.1875,4.0,2.4166666666666665,2.05,0.0,0.0,2.0,3.0,3.0,5.0,5.0,4.0,3.0,1.0,
NAND,4126803242,9,4.270588235294118,78.0,11.957542512522426,10.30404397857368,13.488537759273829,False,1.6534985339487456,1.5309952467514023,4.270588235294118,9.0,2.75,3.0,3.0,2.5294117647058822,0.0,0.0,2.0,3.0,2.0,5.0,3.0,7.0,4.0,2.0,
NAND,4157948928,9,2.6825396825396823,78.0,10.215025289558373,8.561526755609627,11.746020536309775,True,1.6534985339487456,1.5309952467514023,2.6825396825396823,9.0,2.3125,3.0,2.2222222222222223,2.4285714285714284,0.0,1.0,1.0,4.0,2.0,3.0,3.0,5.0,1.0,0.0,
NAND,4160209095,9,3.155844155844156,78.0,11.437642067882392,9.784143533933646,12.968637314633794,True,1.6534985339487456,1.5309952467514023,3.155844155844156,9.0,2.4375,3.0,3.0,2.142857142857143,1.0,0.0,2.0,3.0,5.0,3.0,4.0,3.0,3.0,3.0,
NAND,4227921365,9,2.8588235294117648,78.0,10.319856204057224,8.666357670108479,11.850851450808626,True,1.6534985339487456,1.5309952467514023,2.8588235294117648,9.0,2.3125,3.0,2.466666666666667,2.176470588235294,1.0,0.0,2.0,3.0,1.0,2.0,4.0,4.0,5.0,5.0,
NAND,4293066506,9,2.618181818181818,69.0,10.506646631855237,8.853148097906491,12.037641878606639,True,1.6534985339487456,1.5309952467514023,2.618181818181818,8.0,2.03125,4.0,3.1,1.5454545454545454,0.0,0.0,2.0,3.0,2.0,4.0,4.0,4.0,3.0,2.0,
NAND,16722479,10,2.640625,69.0,10.659655015202675,9.00615648125393,12.190650261954078,True,1.6534985339487456,1.5309952467514023,2.640625,8.0,2.25,3.0,2.25,2.25,1.0,0.0,2.0,1.0,4.0,4.0,5.0,2.0,2.0,0.0,
NAND,45347827,10,2.6825396825396823,87.0,10.14671133962884,8.493212805680095,11.677706586380243,True,1.6534985339487456,1.5309952467514023,2.6825396825396823,10.0,2.25,3.0,2.4285714285714284,2.111111111111111,1.0,0.0,1.0,2.0,2.0,3.0,3.0,2.0,3.0,2.0,
NAND,50384076,10,2.618181818181818,51.0,10.119480913073698,8.465982379124952,11.6504761598251,True,1.6534985339487456,1.5309952467514023,2.618181818181818,6.0,2.125,4.0,2.0,2.4,0.0,1.0,1.0,2.0,2.0,4.0,2.0,2.0,1.0,0.0,
NAND,301928819,10,2.450980392156863,69.0,9.246825179354763,7.593326645406018,10.777820426106166,False,1.6534985339487456,1.5309952467514023,2.450980392156863,8.0,2.125,3.0,2.2,2.0588235294117645,1.0,0.0,1.0,2.0,3.0,6.0,5.0,5.0,4.0,2.0,
NAND,552902900,10,2.5303643724696356,78.0,10.905725694044415,9.25222716009567,12.436720940795817,True,1.6534985339487456,1.5309952467514023,2.5303643724696356,9.0,2.1875,3.0,2.0526315789473686,2.3846153846153846,0.0,1.0,2.0,3.0,4.0,8.0,4.0,4.0,2.0,5.0,
NAND,804007712,10,3.515625,69.0,10.494296767090841,8.840798233142095,12.025292013842243,True,1.6534985339487456,1.5309952467514023,3.515625,8.0,2.75,3.0,3.0,2.5,0.0,0.0,1.0,3.0,3.0,5.0,2.0,0.0,0.0,0.0,
NAND,808582389,10,2.8588235294117648,78.0,10.934296969102919,9.280798435154173,12.465292215854321,True,1.6534985339487456,1.5309952467514023,2.8588235294117648,9.0,2.375,3.0,2.466666666666667,2.2941176470588234,1.0,0.0,2.0,1.0,5.0,4.0,3.0,2.0,3.0,3.0,
NAND,1156644812,10,3.5714285714285716,69.0,11.03627614125928,9.382777607310535,12.567271388010683,True,1.6534985339487456,1.5309952467514023,3.5714285714285716,8.0,2.625,3.0,3.0,2.3333333333333335,0.0,0.0,2.0,3.0,4.0,7.0,1.0,1.0,1.0,1.0,
NAND,1191206911,10,2.6825396825396823,78.0,10.029627375513005,8.37612884156426,11.560622622264408,True,1.6534985339487456,1.5309952467514023,2.6825396825396823,9.0,2.3125,3.0,2.4285714285714284,2.2222222222222223,1.0,0.0,1.0,1.0,1.0,4.0,2.0,3.0,3.0,1.0,
NAND,1296850783,10,2.5303643724696356,78.0,10.132848583756497,8.479350049807751,11.663843830507899,True,1.6534985339487456,1.5309952467514023,2.5303643724696356,9.0,2.1875,3.0,2.3846153846153846,2.0526315789473686,1.0,0.0,1.0,2.0,3.0,6.0,4.0,4.0,5.0,2.0,
NAND,1560870816,10,3.0625,69.0,10.548720753509745,8.895222219561,12.079716000261147,True,1.6534985339487456,1.5309952467514023,3.0625,8.0,2.40625,4.0,2.5,2.3125,0.0,0.0,1.0,2.0,1.0,6.0,4.0,2.0,2.0,1.0,
NAND,1929362431,10,2.5641025641025643,69.0,10.799251058434955,9.145752524486209,12.330246305186357,True,1.6534985339487456,1.5309952467514023,2.5641025641025643,8.0,1.90625,4.0,4.0,1.4230769230769231,1.0,0.0,0.0,2.0,2.0,4.0,4.0,1.0,1.0,2.0,
NAND,2013209226,10,2.951417004048583,69.0,10.951695717096694,9.298197183147948,12.482690963848096,True,1.6534985339487456,1.5309952467514023,2.951417004048583,8.0,2.34375,4.0,2.4615384615384617,2.263157894736842,0.0,0.0,2.0,2.0,2.0,7.0,4.0,4.0,4.0,4.0,
NAND,2293796351,10,3.111111111111111,87.0,11.63970418273811,9.986205648789364,13.170699429489511,True,1.6534985339487456,1.5309952467514023,3.111111111111111,10.0,2.5625,3.0,3.0,2.2222222222222223,1.0,0.0,1.0,2.0,3.0,2.0,5.0,4.0,3.0,2.0,
NAND,2348792719,10,3.5217391304347827,87.0,11.647377324837585,9.99387879088884,13.178372571588987,True,1.6534985339487456,1.5309952467514023,3.5217391304347827,10.0,2.5,4.0,3.5555555555555554,2.0869565217391304,1.0,0.0,1.0,2.0,3.0,3.0,2.0,6.0,4.0,3.0,
NAND,2514290125,10,3.2980392156862743,87.0,11.652414337506237,9.998915803557491,13.183409584257639,True,1.6534985339487456,1.5309952467514023,3.2980392156862743,10.0,2.375,4.0,2.533333333333333,2.235294117647059,1.0,0.0,2.0,2.0,4.0,5.0,5.0,6.0,3.0,1.0,
NAND,2699945381,10,4.803921568627451,105.0,14.045450355531326,12.39195182158258,15.576445602282728,False,1.6534985339487456,1.5309952467514023,4.803921568627451,12.0,2.8125,4.0,3.066666666666667,2.588235294117647,1.0,0.0,2.0,3.0,1.0,3.0,5.0,4.0,4.0,3.0,
NAND,2827548416,10,3.2666666666666666,87.0,13.024095107882708,11.370596573933963,14.55509035463411,False,1.6534985339487456,1.5309952467514023,3.2666666666666666,10.0,2.46875,4.0,2.15,3.0,0.0,1.0,1.0,4.0,1.0,2.0,2.0,3.0,3.0,2.0,
NAND,3011573732,10,3.2980392156862743,78.0,11.563570527495521,9.910071993546776,13.094565774246924,True,1.6534985339487456,1.5309952467514023,3.2980392156862743,9.0,2.75,3.0,3.0,2.5294117647058822,0.0,0.0,2.0,3.0,4.0,6.0,3.0,7.0,4.0,2.0,
NAND,3014897907,10,2.5303643724696356,78.0,9.822143524824284,8.168644990875539,11.353138771575686,True,1.6534985339487456,1.5309952467514023,2.5303643724696356,9.0,2.1875,3.0,2.3846153846153846,2.0526315789473686,1.0,0.0,2.0,3.0,4.0,2.0,3.0,6.0,3.0,2.0,
NAND,3086976085,10,3.75,78.0,11.973220772926826,10.31972223897808,13.504216019678228,True,1.6534985339487456,1.5309952467514023,3.75,9.0,2.625,4.0,3.25,2.25,1.0,0.0,2.0,1.0,4.0,1.0,4.0,2.0,0.0,0.0,
NAND,3139629872,10,3.0625,87.0,11.348979820079812,9.695481286131066,12.879975066831214,True,1.6534985339487456,1.5309952467514023,3.0625,10.0,2.5,3.0,2.5,2.5,0.0,0.0,2.0,3.0,5.0,1.0,4.0,2.0,0.0,1.0,
NAND,3437284853,10,3.111111111111111,96.0,12.243808760652438,10.590310226703693,13.77480400740384,True,1.6534985339487456,1.5309952467514023,3.111111111111111,11.0,2.625,3.0,3.0,2.3333333333333335,1.0,0.0,2.0,2.0,3.0,1.0,5.0,1.0,4.0,2.0,
NAND,3439267891,10,2.8588235294117648,60.0,9.985818259390706,8.33231972544196,11.516813506142109,True,1.6534985339487456,1.5309952467514023,2.8588235294117648,7.0,2.28125,4.0,2.466666666666667,2.1176470588235294,1.0,0.0,2.0,2.0,3.0,5.0,3.0,6.0,4.0,2.0,
NAND,3480735351,10,3.5217391304347827,69.0,11.314462919503072,9.660964385554326,12.845458166254474,True,1.6534985339487456,1.5309952467514023,3.5217391304347827,8.0,2.40625,4.0,3.111111111111111,2.130434782608696,1.0,0.0,1.0,2.0,4.0,6.0,4.0,6.0,5.0,1.0,
NAND,3585334749,10,3.5636363636363635,78.0,11.608078847871184,9.954580313922438,13.139074094622586,True,1.6534985339487456,1.5309952467514023,3.5636363636363635,9.0,2.5625,4.0,3.4,2.1818181818181817,1.0,0.0,1.0,2.0,3.0,2.0,3.0,4.0,1.0,0.0,
NAND,3756060912,10,3.111111111111111,78.0,11.889659854255259,10.236161320306513,13.42065510100666,True,1.6534985339487456,1.5309952467514023,3.111111111111111,9.0,2.34375,5.0,2.357142857142857,2.3333333333333335,0.0,0.0,1.0,4.0,2.0,3.0,2.0,2.0,2.0,2.0,
NAND,3976149819,10,3.5217391304347827,78.0,11.662505325935962,10.009006791987217,13.193500572687364,True,1.6534985339487456,1.5309952467514023,3.5217391304347827,9.0,2.46875,4.0,3.3333333333333335,2.130434782608696,1.0,0.0,1.0,2.0,3.0,4.0,3.0,6.0,3.0,3.0,
NAND,4014337732,10,2.951417004048583,78.0,11.311399768921063,9.657901234972318,12.842395015672466,True,1.6534985339487456,1.5309952467514023,2.951417004048583,9.0,2.5,3.0,3.0,2.1578947368421053,0.0,0.0,2.0,3.0,5.0,6.0,4.0,6.0,2.0,3.0,
NAND,4017087588,10,3.75,78.0,12.113210695479589,10.459712161530843,13.644205942230991,True,1.6534985339487456,1.5309952467514023,3.75,9.0,2.625,4.0,3.1666666666666665,2.3,0.0,0.0,2.0,3.0,4.0,3.0,3.0,5.0,2.0,1.0,
NAND,4147164976,10,2.8588235294117648,78.0,12.220510150154576,10.56701161620583,13.751505396905978,True,1.6534985339487456,1.5309952467514023,2.8588235294117648,9.0,2.28125,4.0,2.2666666666666666,2.2941176470588234,0.0,0.0,2.0,3.0,2.0,5.0,1.0,6.0,2.0,3.0,
NAND,4202000639,10,4.090909090909091,96.0,12.165248500902553,10.511749966953808,13.696243747653956,True,1.6534985339487456,1.5309952467514023,4.090909090909091,11.0,2.53125,4.0,3.4,2.1363636363636362,1.0,0.0,1.0,1.0,2.0,3.0,1.0,2.0,2.0,2.0,
NAND,4211339376,10,3.515625,87.0,11.0174342930971,9.363935759148355,12.548429539848502,True,1.6534985339487456,1.5309952467514023,3.515625,10.0,2.5,3.0,2.5,2.5,0.0,0.0,2.0,3.0,1.0,3.0,3.0,4.0,3.0,2.0,
NAND,4221614984,10,2.8588235294117648,87.0,10.066930703071181,8.413432169122435,11.597925949822583,True,1.6534985339487456,1.5309952467514023,2.8588235294117648,10.0,2.375,3.0,2.466666666666667,2.2941176470588234,0.0,0.0,1.0,4.0,2.0,5.0,2.0,5.0,4.0,3.0,
NAND,4264178483,10,3.111111111111111,87.0,12.223357975679717,10.569859441730971,13.754353222431119,True,1.6534985339487456,1.5309952467514023,3.111111111111111,10.0,2.40625,4.0,2.5,2.3333333333333335,1.0,0.0,2.0,3.0,2.0,4.0,2.0,2.0,4.0,1.0,
NAND,4280745932,10,3.0193236714975846,69.0,11.178371083335024,9.524872549386279,12.709366330086427,True,1.6534985339487456,1.5309952467514023,3.0193236714975846,8.0,1.96875,4.0,3.3333333333333335,1.434782608695652,0.0,0.0,2.0,3.0,2.0,6.0,2.0,6.0,3.0,2.0,
NAND,4283567882,10,3.2980392156862743,78.0,12.022248430003557,10.368749896054812,13.55324367675496,True,1.6534985339487456,1.5309952467514023,3.2980392156862743,9.0,2.40625,4.0,2.533333333333333,2.2941176470588234,0.0,0.0,2.0,3.0,4.0,6.0,3.0,7.0,4.0,2.0,
NAND,4283780684,10,2.951417004048583,78.0,10.7246756745601,9.071177140611354,12.255670921311502,True,1.6534985339487456,1.5309952467514023,2.951417004048583,9.0,2.5,3.0,3.0,2.1578947368421053,0.0,0.0,2.0,3.0,3.0,7.0,3.0,7.0,5.0,1.0,
NAND,4286578645,10,2.2857142857142856,69.0,11.109816482445133,9.456317948496388,12.640811729196535,True,1.6534985339487456,1.5309952467514023,2.2857142857142856,8.0,1.5625,5.0,4.25,1.1785714285714286,1.0,0.0,1.0,2.0,2.0,3.0,2.0,2.0,1.0,2.0,
NAND,4293165216,10,2.8588235294117648,87.0,11.198824136931401,9.545325602982656,12.729819383682804,True,1.6534985339487456,1.5309952467514023,2.8588235294117648,10.0,2.375,3.0,2.2941176470588234,2.466666666666667,0.0,1.0,0.0,5.0,3.0,6.0,3.0,4.0,3.0,3.0,
NAND,13852671,11,2.951417004048583,87.0,11.649779505347338,9.996280971398592,13.18077475209874,True,1.6534985339487456,1.5309952467514023,2.951417004048583,10.0,2.34375,4.0,2.4615384615384617,2.263157894736842,1.0,0.0,0.0,0.0,2.0,5.0,4.0,7.0,3.0,3.0,
NAND,170004394,11,2.816666666666667,69.0,13.033306691200615,11.379808157251869,14.564301937952017,True,1.6534985339487456,1.5309952467514023,2.816666666666667,8.0,2.4375,3.0,2.1,3.0,0.0,1.0,2.0,1.0,3.0,5.0,3.0,4.0,2.0,1.0,
NAND,900792314,11,3.155844155844156,78.0,12.533221218303577,10.879722684354832,14.06421646505498,True,1.6534985339487456,1.5309952467514023,3.155844155844156,9.0,2.53125,4.0,3.272727272727273,2.142857142857143,0.0,0.0,3.0,3.0,4.0,7.0,3.0,4.0,2.0,4.0,
NAND,975855455,11,3.4048582995951415,78.0,11.372379801459733,9.718881267510987,12.903375048211135,True,1.6534985339487456,1.5309952467514023,3.4048582995951415,9.0,2.53125,4.0,3.0,2.210526315789474,1.0,0.0,1.0,2.0,2.0,6.0,2.0,3.0,4.0,4.0,
NAND,1313623052,11,2.4,87.0,12.079413480457145,10.4259149465084,13.610408727208547,True,1.6534985339487456,1.5309952467514023,2.4,10.0,2.1875,4.0,2.05,2.4166666666666665,0.0,1.0,1.0,3.0,1.0,3.0,3.0,3.0,5.0,1.0,
NAND,1397796608,11,3.75,78.0,13.451338497130921,11.797839963182176,14.982333743882323,True,1.6534985339487456,1.5309952467514023,3.75,9.0,2.5625,3.0,2.3,3.0,0.0,1.0,1.0,1.0,2.0,6.0,3.0,3.0,2.0,1.0,
NAND,1430254515,11,3.6406926406926408,87.0,12.036201803117454,10.382703269168708,13.567197049868856,True,1.6534985339487456,1.5309952467514023,3.6406926406926408,10.0,2.65625,4.0,3.272727272727273,2.3333333333333335,1.0,0.0,1.0,1.0,1.0,4.0,4.0,4.0,3.0,3.0,
NAND,1440568573,11,2.4,87.0,11.938441063916786,10.28494252996804,13.469436310668188,True,1.6534985339487456,1.5309952467514023,2.4,10.0,2.1875,4.0,2.4166666666666665,2.05,1.0,0.0,2.0,2.0,6.0,5.0,6.0,2.0,3.0,0.0,
NAND,1482488560,11,3.768627450980392,87.0,12.765028508360533,11.111529974411788,14.296023755111936,True,1.6534985339487456,1.5309952467514023,3.768627450980392,10.0,2.71875,4.0,3.0,2.4705882352941178,0.0,0.0,1.0,3.0,2.0,7.0,5.0,4.0,4.0,2.0,
NAND,1585319984,11,3.5714285714285716,78.0,12.806926837664472,11.153428303715726,14.337922084415874,True,1.6534985339487456,1.5309952467514023,3.5714285714285716,9.0,2.625,3.0,2.3333333333333335,3.0,0.0,1.0,1.0,2.0,3.0,6.0,3.0,3.0,1.0,0.0,
NAND,1595416351,11,3.111111111111111,87.0,12.490805126941115,10.83730659299237,14.021800373692518,True,1.6534985339487456,1.5309952467514023,3.111111111111111,10.0,2.46875,4.0,2.642857142857143,2.3333333333333335,1.0,0.0,1.0,1.0,4.0,4.0,3.0,2.0,3.0,2.0,
NAND,1607101162,11,4.4089068825910935,105.0,14.32107118246562,12.667572648516874,15.852066429217022,False,1.6534985339487456,1.5309952467514023,4.4089068825910935,12.0,2.875,4.0,3.3076923076923075,2.5789473684210527,0.0,0.0,1.0,4.0,2.0,7.0,3.0,2.0,4.0,3.0,
NAND,1608381429,11,3.5208333333333335,87.0,12.694434939303573,11.040936405354827,14.225430186054975,True,1.6534985339487456,1.5309952467514023,3.5208333333333335,10.0,2.65625,4.0,4.0,2.2083333333333335,1.0,0.0,1.0,1.0,3.0,4.0,5.0,2.0,2.0,2.0,
NAND,1608451850,11,3.111111111111111,96.0,14.074968701598687,12.421470167649941,15.60596394835009,False,1.6534985339487456,1.5309952467514023,3.111111111111111,11.0,2.40625,4.0,2.5,2.3333333333333335,0.0,0.0,3.0,1.0,5.0,6.0,4.0,4.0,4.0,2.0,
NAND,1862247082,11,3.2666666666666666,87.0,11.775027332459011,10.121528798510266,13.306022579210413,True,1.6534985339487456,1.5309952467514023,3.2666666666666666,10.0,2.34375,5.0,2.5833333333333335,2.2,0.0,0.0,2.0,2.0,2.0,4.0,3.0,2.0,1.0,4.0,
NAND,1891238143,11,3.0625,87.0,11.716300811054884,10.062802277106139,13.247296057806286,True,1.6534985339487456,1.5309952467514023,3.0625,10.0,2.3125,4.0,2.3125,2.3125,1.0,0.0,2.0,2.0,3.0,4.0,3.0,1.0,3.0,2.0,
NAND,1945313392,11,2.8588235294117648,87.0,11.593824556910574,9.940326022961829,13.124819803661977,True,1.6534985339487456,1.5309952467514023,2.8588235294117648,10.0,2.375,3.0,2.2941176470588234,2.466666666666667,0.0,1.0,2.0,2.0,3.0,7.0,4.0,4.0,3.0,4.0,
NAND,1968504060,11,2.816666666666667,96.0,11.000390230313124,9.346891696364379,12.531385477064527,True,1.6534985339487456,1.5309952467514023,2.816666666666667,11.0,2.4375,3.0,3.0,2.1,0.0,0.0,2.0,3.0,2.0,6.0,5.0,2.0,3.0,1.0,
NAND,1996524170,11,3.75,69.0,12.559041616824539,10.905543082875793,14.090036863575941,True,1.6534985339487456,1.5309952467514023,3.75,8.0,2.5,3.0,2.2,3.0,0.0,1.0,1.0,2.0,3.0,5.0,2.0,2.0,2.0,2.0,
NAND,1997208554,11,3.75,96.0,13.337025884445158,11.683527350496412,14.86802113119656,True,1.6534985339487456,1.5309952467514023,3.75,11.0,2.65625,4.0,3.25,2.3,0.0,0.0,2.0,2.0,3.0,7.0,5.0,2.0,2.0,1.0,
NAND,2071152752,11,4.0,78.0,13.469422047284084,11.815923513335338,15.000417294035486,True,1.6534985339487456,1.5309952467514023,4.0,9.0,2.8125,4.0,3.0,2.625,0.0,0.0,2.0,2.0,3.0,5.0,5.0,3.0,2.0,2.0,
NAND,2131656479,11,2.618181818181818,78.0,11.449495342202972,9.795996808254227,12.980490588954375,True,1.6534985339487456,1.5309952467514023,2.618181818181818,9.0,2.375,4.0,3.1,2.0454545454545454,1.0,0.0,1.0,1.0,5.0,5.0,6.0,0.0,1.0,1.0,
NAND,2141977258,11,3.0727272727272728,96.0,12.884969744620065,11.23147121067132,14.415964991371467,True,1.6534985339487456,1.5309952467514023,3.0727272727272728,11.0,2.59375,5.0,3.2,2.3181818181818183,0.0,0.0,2.0,3.0,4.0,5.0,5.0,1.0,3.0,3.0,
NAND,2228175951,11,3.2980392156862743,87.0,13.011819973808482,11.358321439859736,14.542815220559884,True,1.6534985339487456,1.5309952467514023,3.2980392156862743,10.0,2.4375,4.0,2.3529411764705883,2.533333333333333,1.0,1.0,2.0,2.0,3.0,3.0,3.0,6.0,4.0,2.0,
NAND,2270541815,11,4.16017316017316,105.0,12.944615702446413,11.291117168497667,14.475610949197815,True,1.6534985339487456,1.5309952467514023,4.16017316017316,12.0,2.625,4.0,3.3636363636363638,2.238095238095238,1.0,0.0,0.0,0.0,2.0,5.0,5.0,8.0,5.0,3.0,
NAND,2768623069,11,3.768627450980392,87.0,12.600264766108783,10.946766232160037,14.131260012860185,True,1.6534985339487456,1.5309952467514023,3.768627450980392,10.0,2.6875,4.0,3.0,2.411764705882353,1.0,0.0,1.0,2.0,2.0,3.0,3.0,7.0,4.0,2.0,
NAND,2926824563,11,4.959514170040486,87.0,13.238962914210244,11.585464380261499,14.769958160961647,True,1.6534985339487456,1.5309952467514023,4.959514170040486,10.0,2.78125,4.0,3.076923076923077,2.5789473684210527,1.0,0.0,2.0,3.0,1.0,5.0,3.0,4.0,4.0,3.0,
NAND,3105750365,11,3.6406926406926408,78.0,11.427115647703765,9.77361711375502,12.958110894455167,True,1.6534985339487456,1.5309952467514023,3.6406926406926408,9.0,2.71875,4.0,3.272727272727273,2.4285714285714284,1.0,0.0,1.0,2.0,1.0,5.0,4.0,7.0,4.0,2.0,
NAND,3133100112,11,3.515625,69.0,11.867558870086546,10.2140603361378,13.398554116837948,True,1.6534985339487456,1.5309952467514023,3.515625,8.0,2.4375,4.0,2.375,2.5,0.0,0.0,2.0,2.0,3.0,5.0,4.0,5.0,2.0,1.0,
NAND,3425957887,11,4.06280193236715,78.0,11.264016708398238,9.610518174449492,12.79501195514964,True,1.6534985339487456,1.5309952467514023,4.06280193236715,9.0,2.46875,5.0,3.2222222222222223,2.1739130434782608,1.0,0.0,0.0,1.0,2.0,3.0,1.0,6.0,3.0,3.0,
NAND,3452042513,11,3.768627450980392,87.0,12.074060760686315,10.42056222673757,13.605056007437717,True,1.6534985339487456,1.5309952467514023,3.768627450980392,10.0,2.75,3.0,3.0,2.5294117647058822,1.0,0.0,2.0,3.0,3.0,3.0,2.0,3.0,5.0,5.0,
NAND,3721787605,11,3.155844155844156,96.0,12.48903883204181,10.835540298093065,14.020034078793213,True,1.6534985339487456,1.5309952467514023,3.155844155844156,11.0,2.5,4.0,3.1818181818181817,2.142857142857143,1.0,0.0,2.0,4.0,3.0,2.0,4.0,6.0,1.0,2.0,
NAND,3874107050,11,3.5714285714285716,96.0,11.997922596597402,10.344424062648656,13.528917843348804,True,1.6534985339487456,1.5309952467514023,3.5714285714285716,11.0,2.53125,5.0,2.642857142857143,2.4444444444444446,0.0,0.0,1.0,3.0,1.0,4.0,3.0,3.0,2.0,1.0,
NAND,3940204752,11,3.2980392156862743,78.0,12.78706116738816,11.133562633439414,14.318056414139562,True,1.6534985339487456,1.5309952467514023,3.2980392156862743,9.0,2.40625,4.0,2.3529411764705883,2.466666666666667,0.0,1.0,1.0,4.0,3.0,4.0,4.0,5.0,3.0,4.0,
NAND,4020305732,11,2.951417004048583,87.0,12.610780299148995,10.95728176520025,14.141775545900398,True,1.6534985339487456,1.5309952467514023,2.951417004048583,10.0,2.5625,4.0,3.076923076923077,2.210526315789474,0.0,0.0,2.0,4.0,3.0,5.0,5.0,6.0,3.0,4.0,
NAND,4156805067,11,4.090909090909091,78.0,11.964747450299342,10.311248916350596,13.495742697050744,True,1.6534985339487456,1.5309952467514023,4.090909090909091,9.0,2.625,4.0,3.4,2.272727272727273,1.0,0.0,2.0,2.0,2.0,3.0,5.0,3.0,3.0,1.0,
NAND,4193958314,11,3.6406926406926408,96.0,12.621049249327346,10.9675507153786,14.152044496078748,True,1.6534985339487456,1.5309952467514023,3.6406926406926408,11.0,2.5,4.0,3.1818181818181817,2.142857142857143,0.0,0.0,2.0,4.0,2.0,6.0,3.0,5.0,4.0,3.0,
NAND,4194483123,11,3.111111111111111,87.0,11.50517340547761,9.851674871528864,13.036168652229012,True,1.6534985339487456,1.5309952467514023,3.111111111111111,10.0,2.5625,3.0,3.0,2.2222222222222223,1.0,0.0,2.0,3.0,2.0,1.0,5.0,3.0,1.0,1.0,
NAND,4225266290,11,3.8906882591093117,87.0,13.206404323774468,11.552905789825722,14.73739957052587,True,1.6534985339487456,1.5309952467514023,3.8906882591093117,10.0,2.8125,4.0,3.1538461538461537,2.5789473684210527,0.0,0.0,2.0,4.0,4.0,5.0,2.0,6.0,3.0,3.0,
NAND,4283963640,11,4.587301587301587,114.0,15.000841206914625,13.34734267296588,16.531836453666028,False,1.6534985339487456,1.5309952467514023,4.587301587301587,13.0,2.90625,4.0,3.357142857142857,2.5555555555555554,0.0,0.0,1.0,4.0,2.0,6.0,5.0,4.0,3.0,1.0,
NOR,2863311530,0,1.0,15.0,2.773492774598209,1.0,4.5545210148502875,True,1.8545541465205986,1.7810282402520787,1.0,2.0,1.0,1.0,1.0,1.0,0.0,0.0,1.0,1.0,0.0,0.0,0.0,0.0,0.0,0.0,
NOR,3435973836,0,1.0,15.0,2.773492774598209,1.0,4.5545210148502875,True,1.8545541465205986,1.7810282402520787,1.0,2.0,1.0,1.0,1.0,1.0,0.0,0.0,1.0,1.0,0.0,0.0,0.0,0.0,0.0,0.0,
NOR,4042322160,0,1.0,15.0,2.773492774598209,1.0,4.5545210148502875,True,1.8545541465205986,1.7810282402520787,1.0,2.0,1.0,1.0,1.0,1.0,0.0,0.0,1.0,1.0,0.0,0.0,0.0,0.0,0.0,0.0,
NOR,4278255360,0,1.0,15.0,2.773492774598209,1.0,4.5545210148502875,True,1.8545541465205986,1.7810282402520787,1.0,2.0,1.0,1.0,1.0,1.0,0.0,0.0,1.0,1.0,0.0,0.0,0.0,0.0,0.0,0.0,
NOR,4294901760,0,1.0,15.0,2.773492774598209,1.0,4.5545210148502875,True,1.8545541465205986,1.7810282402520787,1.0,2.0,1.0,1.0,1.0,1.0,0.0,0.0,1.0,1.0,0.0,0.0,0.0,0.0,0.0,0.0,
NOR,255,1,1.3333333333333333,24.0,3.1714061359465084,1.3333333333333333,4.952434376198587,True,1.8545541465205986,1.7810282402520787,1.3333333333333333,3.0,1.25,2.0,1.0,2.0,1.0,1.0,2.0,0.0,1.0,0.0,0.0,0.0,0.0,0.0,
NOR,3855,1,1.3333333333333333,24.0,3.1714061359465084,1.3333333333333333,4.952434376198587,True,1.8545541465205986,1.7810282402520787,1.3333333333333333,3.0,1.25,2.0,1.0,2.0,1.0,1.0,2.0,0.0,1.0,0.0,0.0,0.0,0.0,0.0,
NOR,13107,1,1.3333333333333333,24.0,3.1714061359465084,1.3333333333333333,4.952434376198587,True,1.8545541465205986,1.7810282402520787,1.3333333333333333,3.0,1.25,2.0,1.0,2.0,1.0,1.0,2.0,0.0,1.0,0.0,0.0,0.0,0.0,0.0,
NOR,21845,1,1.3333333333333333,24.0,3.1714061359465084,1.3333333333333333,4.952434376198587,True,1.8545541465205986,1.7810282402520787,1.3333333333333333,3.0,1.25,2.0,1.0,2.0,1.0,1.0,2.0,0.0,1.0,0.0,0.0,0.0,0.0,0.0,
NOR,65535,1,1.0,15.0,3.4019888184188414,1.5474346718982428,5.18301705867092,True,1.8545541465205986,1.7810282402520787,1.0,2.0,1.0,1.0,1.0,1.0,1.0,0.0,1.0,0.0,0.0,0.0,0.0,0.0,0.0,0.0,
NOR,983055,1,1.3333333333333333,24.0,3.1714061359465084,1.3333333333333333,4.952434376198587,True,1.8545541465205986,1.7810282402520787,1.3333333333333333,3.0,1.25,2.0,1.0,2.0,1.0,1.0,2.0,0.0,1.0,0.0,0.0,0.0,0.0,0.0,
NOR,3342387,1,1.3333333333333333,24.0,3.1714061359465084,1.3333333333333333,4.952434376198587,True,1.8545541465205986,1.7810282402520787,1.3333333333333333,3.0,1.25,2.0,1.0,2.0,1.0,1.0,2.0,0.0,1.0,0.0,0.0,0.0,0.0,0.0,
NOR,5570645,1,1.3333333333333333,24.0,3.1714061359465084,1.3333333333333333,4.952434376198587,True,1.8545541465205986,1.7810282402520787,1.3333333333333333,3.0,1.25,2.0,1.0,2.0,1.0,1.0,2.0,0.0,1.0,0.0,0.0,0.0,0.0,0.0,
NOR,16711935,1,1.0,15.0,3.4019888184188414,1.5474346718982428,5.18301705867092,True,1.8545541465205986,1.7810282402520787,1.0,2.0,1.0,1.0,1.0,1.0,1.0,0.0,1.0,0.0,0.0,0.0,0.0,0.0,0.0,0.0,
NOR,50529027,1,1.3333333333333333,24.0,3.1714061359465084,1.3333333333333333,4.952434376198587,True,1.8545541465205986,1.7810282402520787,1.3333333333333333,3.0,1.25,2.0,1.0,2.0,1.0,1.0,2.0,0.0,1.0,0.0,0.0,0.0,0.0,0.0,
NOR,84215045,1,1.3333333333333333,24.0,3.1714061359465084,1.3333333333333333,4.952434376198587,True,1.8545541465205986,1.7810282402520787,1.3333333333333333,3.0,1.25,2.0,1.0,2.0,1.0,1.0,2.0,0.0,1.0,0.0,0.0,0.0,0.0,0.0,
NOR,252645135,1,1.0,15.0,3.4019888184188414,1.5474346718982428,5.18301705867092,True,1.8545541465205986,1.7810282402520787,1.0,2.0,1.0,1.0,1.0,1.0,1.0,0.0,1.0,0.0,0.0,0.0,0.0,0.0,0.0,0.0,
NOR,286331153,1,1.3333333333333333,24.0,3.1714061359465084,1.3333333333333333,4.952434376198587,True,1.8545541465205986,1.7810282402520787,1.3333333333333333,3.0,1.25,2.0,1.0,2.0,1.0,1.0,2.0,0.0,1.0,0.0,0.0,0.0,0.0,0.0,
NOR,858993459,1,1.0,15.0,3.4019888184188414,1.5474346718982428,5.18301705867092,True,1.8545541465205986,1.7810282402520787,1.0,2.0,1.0,1.0,1.0,1.0,1.0,0.0,1.0,0.0,0.0,0.0,0.0,0.0,0.0,0.0,
NOR,1431655765,1,1.0,15.0,3.4019888184188414,1.5474346718982428,5.18301705867092,True,1.8545541465205986,1.7810282402520787,1.0,2.0,1.0,1.0,1.0,1.0,1.0,0.0,1.0,0.0,0.0,0.0,0.0,0.0,0.0,0.0,
NOR,43690,2,1.3333333333333333,24.0,3.3794179816351386,1.52486383511454,5.160446221887217,True,1.8545541465205986,1.7810282402520787,1.3333333333333333,3.0,1.25,2.0,1.0,2.0,0.0,1.0,1.0,1.0,1.0,1.0,0.0,0.0,0.0,0.0,
NOR,52428,2,1.3333333333333333,24.0,3.3794179816351386,1.52486383511454,5.160446221887217,True,1.8545541465205986,1.7810282402520787,1.3333333333333333,3.0,1.25,2.0,1.0,2.0,0.0,1.0,1.0,1.0,1.0,1.0,0.0,0.0,0.0,0.0,
NOR,61166,2,1.6666666666666667,33.0,4.066071847920841,2.2115177014002425,5.84710008817292,True,1.8545541465205986,1.7810282402520787,1.6666666666666667,4.0,1.5,2.0,1.2,2.0,0.0,1.0,2.0,2.0,3.0,3.0,1.0,1.0,0.0,0.0,
NOR,61680,2,1.3333333333333333,24.0,3.3794179816351386,1.52486383511454,5.160446221887217,True,1.8545541465205986,1.7810282402520787,1.3333333333333333,3.0,1.25,2.0,1.0,2.0,0.0,1.0,1.0,1.0,1.0,1.0,0.0,0.0,0.0,0.0,
NOR,64764,2,1.6666666666666667,33.0,4.066071847920841,2.2115177014002425,5.84710008817292,True,1.8545541465205986,1.7810282402520787,1.6666666666666667,4.0,1.5,2.0,1.2,2.0,0.0,1.0,2.0,2.0,3.0,3.0,1.0,1.0,0.0,0.0,
NOR,65280,2,1.3333333333333333,24.0,3.3794179816351386,1.52486383511454,5.160446221887217,True,1.8545541465205986,1.7810282402520787,1.3333333333333333,3.0,1.25,2.0,1.0,2.0,0.0,1.0,1.0,1.0,1.0,1.0,0.0,0.0,0.0,0.0,
NOR,65450,2,1.6666666666666667,33.0,4.066071847920841,2.2115177014002425,5.84710008817292,True,1.8545541465205986,1.7810282402520787,1.6666666666666667,4.0,1.5,2.0,1.2,2.0,0.0,1.0,2.0,2.0,3.0,3.0,1.0,1.0,0.0,0.0,
NOR,65484,2,1.6666666666666667,33.0,4.066071847920841,2.2115177014002425,5.84710008817292,True,1.8545541465205986,1.7810282402520787,1.6666666666666667,4.0,1.5,2.0,1.2,2.0,0.0,1.0,2.0,2.0,3.0,3.0,1.0,1.0,0.0,0.0,
NOR,65520,2,1.6666666666666667,33.0,4.066071847920841,2.2115177014002425,5.84710008817292,True,1.8545541465205986,1.7810282402520787,1.6666666666666667,4.0,1.5,2.0,1.2,2.0,0.0,1.0,2.0,2.0,3.0,3.0,1.0,1.0,0.0,0.0,
NOR,11141290,2,1.3333333333333333,24.0,3.3794179816351386,1.52486383511454,5.160446221887217,True,1.8545541465205986,1.7810282402520787,1.3333333333333333,3.0,1.25,2.0,1.0,2.0,0.0,1.0,1.0,1.0,1.0,1.0,0.0,0.0,0.0,0.0,
NOR,13369548,2,1.3333333333333333,24.0,3.3794179816351386,1.52486383511454,5.160446221887217,True,1.8545541465205986,1.7810282402520787,1.3333333333333333,3.0,1.25,2.0,1.0,2.0,0.0,1.0,1.0,1.0,1.0,1.0,0.0,0.0,0.0,0.0,
NOR,15597806,2,1.6666666666666667,33.0,4.066071847920841,2.2115177014002425,5.84710008817292,True,1.8545541465205986,1.7810282402520787,1.6666666666666667,4.0,1.5,2.0,1.2,2.0,0.0,1.0,2.0,2.0,3.0,3.0,1.0,1.0,0.0,0.0,
NOR,15728880,2,1.3333333333333333,24.0,3.3794179816351386,1.52486383511454,5.160446221887217,True,1.8545541465205986,1.7810282402520787,1.3333333333333333,3.0,1.25,2.0,1.0,2.0,0.0,1.0,1.0,1.0,1.0,1.0,0.0,0.0,0.0,0.0,
NOR,16711680,2,1.3333333333333333,24.0,3.3794179816351386,1.52486383511454,5.160446221887217,True,1.8545541465205986,1.7810282402520787,1.3333333333333333,3.0,1.25,2.0,1.0,2.0,0.0,1.0,1.0,1.0,1.0,1.0,0.0,0.0,0.0,0.0,
NOR,16711850,2,1.6666666666666667,33.0,4.066071847920841,2.2115177014002425,5.84710008817292,True,1.8545541465205986,1.7810282402520787,1.6666666666666667,4.0,1.5,2.0,1.2,2.0,0.0,1.0,2.0,2.0,3.0,3.0,1.0,1.0,0.0,0.0,
NOR,16711884,2,1.6666666666666667,33.0,4.066071847920841,2.2115177014002425,5.84710008817292,True,1.8545541465205986,1.7810282402520787,1.6666666666666667,4.0,1.5,2.0,1.2,2.0,0.0,1.0,2.0,2.0,3.0,3.0,1.0,1.0,0.0,0.0,
NOR,168430090,2,1.3333333333333333,24.0,3.3794179816351386,1.52486383511454,5.160446221887217,True,1.8545541465205986,1.7810282402520787,1.3333333333333333,3.0,1.25,2.0,1.0,2.0,0.0,1.0,1.0,1.0,1.0,1.0,0.0,0.0,0.0,0.0,
NOR,235802126,2,1.6666666666666667,33.0,4.066071847920841,2.2115177014002425,5.84710008817292,True,1.8545541465205986,1.7810282402520787,1.6666666666666667,4.0,1.5,2.0,1.2,2.0,0.0,1.0,2.0,2.0,3.0,3.0,1.0,1.0,0.0,0.0,
NOR,251662080,2,1.3333333333333333,24.0,3.3794179816351386,1.52486383511454,5.160446221887217,True,1.8545541465205986,1.7810282402520787,1.3333333333333333,3.0,1.25,2.0,1.0,2.0,0.0,1.0,1.0,1.0,1.0,1.0,0.0,0.0,0.0,0.0,
NOR,252317450,2,1.6666666666666667,33.0,4.066071847920841,2.2115177014002425,5.84710008817292,True,1.8545541465205986,1.7810282402520787,1.6666666666666667,4.0,1.5,2.0,1.2,2.0,0.0,1.0,2.0,2.0,3.0,3.0,1.0,1.0,0.0,0.0,
NOR,252448524,2,1.6666666666666667,33.0,4.066071847920841,2.2115177014002425,5.84710008817292,True,1.8545541465205986,1.7810282402520787,1.6666666666666667,4.0,1.5,2.0,1.2,2.0,0.0,1.0,2.0,2.0,3.0,3.0,1.0,1.0,0.0,0.0,
NOR,252641280,2,1.3333333333333333,24.0,3.3794179816351386,1.52486383511454,5.160446221887217,True,1.8545541465205986,1.7810282402520787,1.3333333333333333,3.0,1.25,2.0,1.0,2.0,0.0,1.0,1.0,1.0,1.0,1.0,0.0,0.0,0.0,0.0,
NOR,252643850,2,1.6666666666666667,33.0,4.066071847920841,2.2115177014002425,5.84710008817292,True,1.8545541465205986,1.7810282402520787,1.6666666666666667,4.0,1.5,2.0,1.2,2.0,0.0,1.0,2.0,2.0,3.0,3.0,1.0,1.0,0.0,0.0,
NOR,252644364,2,1.6666666666666667,33.0,4.066071847920841,2.2115177014002425,5.84710008817292,True,1.8545541465205986,1.7810282402520787,1.6666666666666667,4.0,1.5,2.0,1.2,2.0,0.0,1.0,2.0,2.0,3.0,3.0,1.0,1.0,0.0,0.0,
NOR,252645120,2,1.6666666666666667,33.0,4.066071847920841,2.2115177014002425,5.84710008817292,True,1.8545541465205986,1.7810282402520787,1.6666666666666667,4.0,1.5,2.0,1.2,2.0,0.0,1.0,2.0,2.0,3.0,3.0,1.0,1.0,0.0,0.0,
NOR,808464432,2,1.3333333333333333,24.0,3.3794179816351386,1.52486383511454,5.160446221887217,True,1.8545541465205986,1.7810282402520787,1.3333333333333333,3.0,1.25,2.0,1.0,2.0,0.0,1.0,1.0,1.0,1.0,1.0,0.0,0.0,0.0,0.0,
NOR,842150450,2,1.6666666666666667,33.0,4.066071847920841,2.2115177014002425,5.84710008817292,True,1.8545541465205986,1.7810282402520787,1.6666666666666667,4.0,1.5,2.0,1.2,2.0,0.0,1.0,2.0,2.0,3.0,3.0,1.0,1.0,0.0,0.0,
NOR,855651072,2,1.3333333333333333,24.0,3.3794179816351386,1.52486383511454,5.160446221887217,True,1.8545541465205986,1.7810282402520787,1.3333333333333333,3.0,1.25,2.0,1.0,2.0,0.0,1.0,1.0,1.0,1.0,1.0,0.0,0.0,0.0,0.0,
NOR,857879330,2,1.6666666666666667,33.0,4.066071847920841,2.2115177014002425,5.84710008817292,True,1.8545541465205986,1.7810282402520787,1.6666666666666667,4.0,1.5,2.0,1.2,2.0,0.0,1.0,2.0,2.0,3.0,3.0,1.0,1.0,0.0,0.0,
NOR,858980352,2,1.3333333333333333,24.0,3.3794179816351386,1.52486383511454,5.160446221887217,True,1.8545541465205986,1.7810282402520787,1.3333333333333333,3.0,1.25,2.0,1.0,2.0,0.0,1.0,1.0,1.0,1.0,1.0,0.0,0.0,0.0,0.0,
NOR,858993408,2,1.6666666666666667,33.0,4.066071847920841,2.2115177014002425,5.84710008817292,True,1.8545541465205986,1.7810282402520787,1.6666666666666667,4.0,1.5,2.0,1.2,2.0,0.0,1.0,2.0,2.0,3.0,3.0,1.0,1.0,0.0,0.0,
NOR,1145324612,2,1.3333333333333333,24.0,3.3794179816351386,1.52486383511454,5.160446221887217,True,1.8545541465205986,1.7810282402520787,1.3333333333333333,3.0,1.25,2.0,1.0,2.0,0.0,1.0,1.0,1.0,1.0,1.0,0.0,0.0,0.0,0.0,
NOR,1347440720,2,1.3333333333333333,24.0,3.3794179816351386,1.52486383511454,5.160446221887217,True,1.8545541465205986,1.7810282402520787,1.3333333333333333,3.0,1.25,2.0,1.0,2.0,0.0,1.0,1.0,1.0,1.0,1.0,0.0,0.0,0.0,0.0,
NOR,1414812756,2,1.6666666666666667,33.0,4.066071847920841,2.2115177014002425,5.84710008817292,True,1.8545541465205986,1.7810282402520787,1.6666666666666667,4.0,1.5,2.0,1.2,2.0,0.0,1.0,2.0,2.0,3.0,3.0,1.0,1.0,0.0,0.0,
NOR,1426085120,2,1.3333333333333333,24.0,3.3794179816351386,1.52486383511454,5.160446221887217,True,1.8545541465205986,1.7810282402520787,1.3333333333333333,3.0,1.25,2.0,1.0,2.0,0.0,1.0,1.0,1.0,1.0,1.0,0.0,0.0,0.0,0.0,
NOR,1430541636,2,1.6666666666666667,33.0,4.066071847920841,2.2115177014002425,5.84710008817292,True,1.8545541465205986,1.7810282402520787,1.6666666666666667,4.0,1.5,2.0,1.2,2.0,0.0,1.0,2.0,2.0,3.0,3.0,1.0,1.0,0.0,0.0,
NOR,1431328080,2,1.6666666666666667,33.0,4.066071847920841,2.2115177014002425,5.84710008817292,True,1.8545541465205986,1.7810282402520787,1.6666666666666667,4.0,1.5,2.0,1.2,2.0,0.0,1.0,2.0,2.0,3.0,3.0,1.0,1.0,0.0,0.0,
NOR,1431651396,2,1.6666666666666667,33.0,4.066071847920841,2.2115177014002425,5.84710008817292,True,1.8545541465205986,1.7810282402520787,1.6666666666666667,4.0,1.5,2.0,1.2,2.0,0.0,1.0,2.0,2.0,3.0,3.0,1.0,1.0,0.0,0.0,
NOR,1431654480,2,1.6666666666666667,33.0,4.066071847920841,2.2115177014002425,5.84710008817292,True,1.8545541465205986,1.7810282402520787,1.6666666666666667,4.0,1.5,2.0,1.2,2.0,0.0,1.0,2.0,2.0,3.0,3.0,1.0,1.0,0.0,0.0,
NOR,1431655680,2,1.6666666666666667,33.0,4.066071847920841,2.2115177014002425,5.84710008817292,True,1.8545541465205986,1.7810282402520787,1.6666666666666667,4.0,1.5,2.0,1.2,2.0,0.0,1.0,2.0,2.0,3.0,3.0,1.0,1.0,0.0,0.0,
NOR,85,3,1.2857142857142858,33.0,4.271890067338008,2.4173359208174094,6.052918307590087,True,1.8545541465205986,1.7810282402520787,1.2857142857142858,4.0,1.25,3.0,1.0,3.0,1.0,1.0,3.0,0.0,3.0,0.0,1.0,0.0,0.0,0.0,
NOR,1285,3,1.2857142857142858,33.0,4.271890067338008,2.4173359208174094,6.052918307590087,True,1.8545541465205986,1.7810282402520787,1.2857142857142858,4.0,1.25,3.0,1.0,3.0,1.0,1.0,3.0,0.0,3.0,0.0,1.0,0.0,0.0,0.0,
NOR,43775,3,1.6666666666666667,33.0,4.124684913592346,2.2701307670717474,5.905713153844425,True,1.8545541465205986,1.7810282402520787,1.6666666666666667,4.0,1.5,2.0,1.2,2.0,1.0,1.0,2.0,1.0,2.0,1.0,1.0,0.0,0.0,0.0,
NOR,52431,3,1.8181818181818181,42.0,4.89647735471125,3.041923208190651,6.677505594963328,True,1.8545541465205986,1.7810282402520787,1.8181818181818181,5.0,1.5625,3.0,1.2727272727272727,2.2,1.0,1.0,3.0,1.0,5.0,1.0,4.0,0.0,1.0,0.0,
NOR,52445,3,1.8181818181818181,42.0,4.89647735471125,3.041923208190651,6.677505594963328,True,1.8545541465205986,1.7810282402520787,1.8181818181818181,5.0,1.5625,3.0,1.2727272727272727,2.2,1.0,1.0,3.0,1.0,5.0,1.0,4.0,0.0,1.0,0.0,
NOR,52479,3,1.6666666666666667,33.0,4.124684913592346,2.2701307670717474,5.905713153844425,True,1.8545541465205986,1.7810282402520787,1.6666666666666667,4.0,1.5,2.0,1.2,2.0,1.0,1.0,2.0,1.0,2.0,1.0,1.0,0.0,0.0,0.0,
NOR,53199,3,1.6666666666666667,33.0,4.124684913592346,2.2701307670717474,5.905713153844425,True,1.8545541465205986,1.7810282402520787,1.6666666666666667,4.0,1.5,2.0,1.2,2.0,1.0,1.0,2.0,1.0,2.0,1.0,1.0,0.0,0.0,0.0,
NOR,56797,3,1.6666666666666667,33.0,4.124684913592346,2.2701307670717474,5.905713153844425,True,1.8545541465205986,1.7810282402520787,1.6666666666666667,4.0,1.5,2.0,1.2,2.0,1.0,1.0,2.0,1.0,2.0,1.0,1.0,0.0,0.0,0.0,
NOR,65365,3,1.6666666666666667,33.0,4.124684913592346,2.2701307670717474,5.905713153844425,True,1.8545541465205986,1.7810282402520787,1.6666666666666667,4.0,1.5,2.0,1.2,2.0,1.0,1.0,2.0,1.0,2.0,1.0,1.0,0.0,0.0,0.0,
NOR,1114129,3,1.2857142857142858,33.0,4.271890067338008,2.4173359208174094,6.052918307590087,True,1.8545541465205986,1.7810282402520787,1.2857142857142858,4.0,1.25,3.0,1.0,3.0,1.0,1.0,3.0,0.0,3.0,0.0,1.0,0.0,0.0,0.0,
NOR,13435085,3,1.8181818181818181,42.0,4.89647735471125,3.041923208190651,6.677505594963328,True,1.8545541465205986,1.7810282402520787,1.8181818181818181,5.0,1.5625,3.0,1.2727272727272727,2.2,1.0,1.0,3.0,1.0,5.0,1.0,4.0,0.0,1.0,0.0,
NOR,13566159,3,1.6666666666666667,33.0,4.124684913592346,2.2701307670717474,5.905713153844425,True,1.8545541465205986,1.7810282402520787,1.6666666666666667,4.0,1.5,2.0,1.2,2.0,1.0,1.0,2.0,1.0,2.0,1.0,1.0,0.0,0.0,0.0,
NOR,15728885,3,1.8181818181818181,42.0,4.89647735471125,3.041923208190651,6.677505594963328,True,1.8545541465205986,1.7810282402520787,1.8181818181818181,5.0,1.5625,3.0,1.2727272727272727,2.2,1.0,1.0,3.0,1.0,5.0,1.0,4.0,0.0,1.0,0.0,
NOR,15728895,3,1.6666666666666667,33.0,4.124684913592346,2.2701307670717474,5.905713153844425,True,1.8545541465205986,1.7810282402520787,1.6666666666666667,4.0,1.5,2.0,1.2,2.0,1.0,1.0,2.0,1.0,2.0,1.0,1.0,0.0,0.0,0.0,
NOR,16056565,3,1.6666666666666667,33.0,4.124684913592346,2.2701307670717474,5.905713153844425,True,1.8545541465205986,1.7810282402520787,1.6666666666666667,4.0,1.5,2.0,1.2,2.0,1.0,1.0,2.0,1.0,2.0,1.0,1.0,0.0,0.0,0.0,
NOR,168430095,3,1.8181818181818181,42.0,4.89647735471125,3.041923208190651,6.677505594963328,True,1.8545541465205986,1.7810282402520787,1.8181818181818181,5.0,1.5625,3.0,1.2727272727272727,2.2,1.0,1.0,3.0,1.0,5.0,1.0,4.0,0.0,1.0,0.0,
NOR,168495627,3,1.8181818181818181,42.0,4.89647735471125,3.041923208190651,6.677505594963328,True,1.8545541465205986,1.7810282402520787,1.8181818181818181,5.0,1.5625,3.0,1.2727272727272727,2.2,1.0,1.0,3.0,1.0,5.0,1.0,4.0,0.0,1.0,0.0,
NOR,202116365,3,1.8181818181818181,42.0,4.89647735471125,3.041923208190651,6.677505594963328,True,1.8545541465205986,1.7810282402520787,1.8181818181818181,5.0,1.5625,3.0,1.2727272727272727,2.2,1.0,1.0,3.0,1.0,5.0,1.0,4.0,0.0,1.0,0.0,
NOR,202312719,3,1.6666666666666667,33.0,4.124684913592346,2.2701307670717474,5.905713153844425,True,1.8545541465205986,1.7810282402520787,1.6666666666666667,4.0,1.5,2.0,1.2,2.0,1.0,1.0,2.0,1.0,2.0,1.0,1.0,0.0,0.0,0.0,
NOR,251662095,3,1.6666666666666667,33.0,4.124684913592346,2.2701307670717474,5.905713153844425,True,1.8545541465205986,1.7810282402520787,1.6666666666666667,4.0,1.5,2.0,1.2,2.0,1.0,1.0,2.0,1.0,2.0,1.0,1.0,0.0,0.0,0.0,
NOR,808464689,3,1.8181818181818181,42.0,4.89647735471125,3.041923208190651,6.677505594963328,True,1.8545541465205986,1.7810282402520787,1.8181818181818181,5.0,1.5625,3.0,1.2727272727272727,2.2,1.0,1.0,3.0,1.0,5.0,1.0,4.0,0.0,1.0,0.0,
NOR,808465203,3,1.6666666666666667,33.0,4.124684913592346,2.2701307670717474,5.905713153844425,True,1.8545541465205986,1.7810282402520787,1.6666666666666667,4.0,1.5,2.0,1.2,2.0,1.0,1.0,2.0,1.0,2.0,1.0,1.0,0.0,0.0,0.0,
NOR,808661043,3,1.6666666666666667,33.0,4.124684913592346,2.2701307670717474,5.905713153844425,True,1.8545541465205986,1.7810282402520787,1.6666666666666667,4.0,1.5,2.0,1.2,2.0,1.0,1.0,2.0,1.0,2.0,1.0,1.0,0.0,0.0,0.0,
NOR,855651123,3,1.6666666666666667,33.0,4.124684913592346,2.2701307670717474,5.905713153844425,True,1.8545541465205986,1.7810282402520787,1.6666666666666667,4.0,1.5,2.0,1.2,2.0,1.0,1.0,2.0,1.0,2.0,1.0,1.0,0.0,0.0,0.0,
NOR,858980369,3,1.8181818181818181,42.0,4.89647735471125,3.041923208190651,6.677505594963328,True,1.8545541465205986,1.7810282402520787,1.8181818181818181,5.0,1.5625,3.0,1.2727272727272727,2.2,1.0,1.0,3.0,1.0,5.0,1.0,4.0,0.0,1.0,0.0,
NOR,1146438741,3,1.6666666666666667,33.0,4.124684913592346,2.2701307670717474,5.905713153844425,True,1.8545541465205986,1.7810282402520787,1.6666666666666667,4.0,1.5,2.0,1.2,2.0,1.0,1.0,2.0,1.0,2.0,1.0,1.0,0.0,0.0,0.0,
NOR,1347440977,3,1.8181818181818181,42.0,4.89647735471125,3.041923208190651,6.677505594963328,True,1.8545541465205986,1.7810282402520787,1.8181818181818181,5.0,1.5625,3.0,1.2727272727272727,2.2,1.0,1.0,3.0,1.0,5.0,1.0,4.0,0.0,1.0,0.0,
NOR,1426412805,3,1.6666666666666667,33.0,4.124684913592346,2.2701307670717474,5.905713153844425,True,1.8545541465205986,1.7810282402520787,1.6666666666666667,4.0,1.5,2.0,1.2,2.0,1.0,1.0,2.0,1.0,2.0,1.0,1.0,0.0,0.0,0.0,
NOR,1431635205,3,1.6666666666666667,33.0,4.124684913592346,2.2701307670717474,5.905713153844425,True,1.8545541465205986,1.7810282402520787,1.6666666666666667,4.0,1.5,2.0,1.2,2.0,1.0,1.0,2.0,1.0,2.0,1.0,1.0,0.0,0.0,0.0,
NOR,3368601800,3,1.6666666666666667,33.0,4.421814800635529,2.5672606541149303,6.202843040887608,True,1.8545541465205986,1.7810282402520787,1.6666666666666667,4.0,1.5,2.0,1.2,2.0,0.0,1.0,0.0,3.0,2.0,1.0,1.0,0.0,0.0,0.0,
NOR,3435921408,3,1.3333333333333333,24.0,4.017192567074539,2.1626384205539404,5.798220807326618,True,1.8545541465205986,1.7810282402520787,1.3333333333333333,3.0,1.25,2.0,1.0,2.0,0.0,1.0,0.0,2.0,1.0,0.0,0.0,0.0,0.0,0.0,
NOR,3435970752,3,1.6666666666666667,33.0,4.421814800635529,2.5672606541149303,6.202843040887608,True,1.8545541465205986,1.7810282402520787,1.6666666666666667,4.0,1.5,2.0,1.2,2.0,0.0,1.0,0.0,3.0,2.0,1.0,1.0,0.0,0.0,0.0,
NOR,4042321920,3,1.6666666666666667,33.0,4.421814800635529,2.5672606541149303,6.202843040887608,True,1.8545541465205986,1.7810282402520787,1.6666666666666667,4.0,1.5,2.0,1.2,2.0,0.0,1.0,0.0,3.0,2.0,1.0,1.0,0.0,0.0,0.0,
NOR,4210739400,3,2.2857142857142856,60.0,6.0785523738808465,4.223998227360248,7.859580614132925,False,1.8545541465205986,1.7810282402520787,2.2857142857142856,7.0,2.0,2.0,2.0,2.0,0.0,0.0,0.0,4.0,4.0,2.0,4.0,0.0,1.0,0.0,
NOR,4210752000,3,2.2857142857142856,60.0,6.0785523738808465,4.223998227360248,7.859580614132925,False,1.8545541465205986,1.7810282402520787,2.2857142857142856,7.0,2.0,2.0,2.0,2.0,0.0,0.0,0.0,4.0,4.0,2.0,4.0,0.0,1.0,0.0,
NOR,4244425932,3,1.6666666666666667,33.0,5.189248026042677,3.334693879522079,6.970276266294756,True,1.8545541465205986,1.7810282402520787,1.6666666666666667,4.0,1.5,2.0,2.0,1.2,0.0,0.0,1.0,3.0,1.0,2.0,1.0,0.0,0.0,0.0,
NOR,4278242304,3,1.6666666666666667,33.0,4.421814800635529,2.5672606541149303,6.202843040887608,True,1.8545541465205986,1.7810282402520787,1.6666666666666667,4.0,1.5,2.0,1.2,2.0,0.0,1.0,0.0,3.0,2.0,1.0,1.0,0.0,0.0,0.0,
NOR,4293980400,3,1.6666666666666667,33.0,5.189248026042677,3.334693879522079,6.970276266294756,True,1.8545541465205986,1.7810282402520787,1.6666666666666667,4.0,1.5,2.0,2.0,1.2,0.0,0.0,1.0,3.0,1.0,2.0,1.0,0.0,0.0,0.0,
NOR,4293984000,3,1.6666666666666667,33.0,5.189248026042677,3.334693879522079,6.970276266294756,True,1.8545541465205986,1.7810282402520787,1.6666666666666667,4.0,1.5,2.0,2.0,1.2,0.0,0.0,1.0,3.0,1.0,2.0,1.0,0.0,0.0,0.0,
NOR,4294963440,3,1.3333333333333333,24.0,4.179281359163763,2.3247272126431646,5.960309599415842,True,1.8545541465205986,1.7810282402520787,1.3333333333333333,3.0,1.25,2.0,2.0,1.0,0.0,0.0,2.0,2.0,1.0,1.0,0.0,0.0,0.0,0.0,
NOR,21588,4,1.641025641025641,42.0,5.362740346896786,3.508186200376187,7.143768587148864,True,1.8545541465205986,1.7810282402520787,1.641025641025641,5.0,1.4375,3.0,1.0769230769230769,3.0,0.0,1.0,2.0,2.0,5.0,5.0,4.0,4.0,1.0,1.0,
NOR,61692,4,1.8181818181818181,42.0,5.185420887196657,3.3308667406760586,6.966449127448736,True,1.8545541465205986,1.7810282402520787,1.8181818181818181,5.0,1.5625,3.0,1.2727272727272727,2.2,0.0,1.0,2.0,2.0,4.0,4.0,3.0,3.0,1.0,1.0,
NOR,65530,4,1.5873015873015872,42.0,5.294761969009318,3.44020782248872,7.075790209261397,True,1.8545541465205986,1.7810282402520787,1.5873015873015872,5.0,1.5625,3.0,1.2222222222222223,2.0,0.0,1.0,3.0,3.0,6.0,6.0,4.0,4.0,1.0,1.0,
NOR,5570679,4,1.8181818181818181,42.0,5.699284940256695,3.8447307937360966,7.480313180508774,True,1.8545541465205986,1.7810282402520787,1.8181818181818181,5.0,1.5625,3.0,1.2727272727272727,2.2,1.0,1.0,1.0,0.0,2.0,2.0,3.0,3.0,1.0,1.0,
NOR,14483660,4,1.8181818181818181,42.0,5.185420887196657,3.3308667406760586,6.966449127448736,True,1.8545541465205986,1.7810282402520787,1.8181818181818181,5.0,1.5625,3.0,1.2727272727272727,2.2,0.0,1.0,2.0,2.0,4.0,4.0,3.0,3.0,1.0,1.0,
NOR,15728892,4,1.8181818181818181,42.0,5.185420887196657,3.3308667406760586,6.966449127448736,True,1.8545541465205986,1.7810282402520787,1.8181818181818181,5.0,1.5625,3.0,1.2727272727272727,2.2,0.0,1.0,2.0,2.0,4.0,4.0,3.0,3.0,1.0,1.0,
NOR,16711930,4,1.5873015873015872,42.0,5.294761969009318,3.44020782248872,7.075790209261397,True,1.8545541465205986,1.7810282402520787,1.5873015873015872,5.0,1.5625,3.0,1.2222222222222223,2.0,0.0,1.0,3.0,3.0,6.0,6.0,4.0,4.0,1.0,1.0,
NOR,16843023,4,2.0628571428571427,69.0,8.564906194784731,6.710352048264133,10.34593443503681,False,1.8545541465205986,1.7810282402520787,2.0628571428571427,8.0,1.71875,3.0,1.36,3.0,1.0,1.0,1.0,0.0,4.0,4.0,8.0,8.0,6.0,6.0,
NOR,589439778,4,1.8181818181818181,42.0,5.185420887196657,3.3308667406760586,6.966449127448736,True,1.8545541465205986,1.7810282402520787,1.8181818181818181,5.0,1.5625,3.0,1.2727272727272727,2.2,0.0,1.0,2.0,2.0,4.0,4.0,3.0,3.0,1.0,1.0,
NOR,858980866,4,1.8181818181818181,42.0,5.185420887196657,3.3308667406760586,6.966449127448736,True,1.8545541465205986,1.7810282402520787,1.8181818181818181,5.0,1.5625,3.0,1.2727272727272727,2.2,0.0,1.0,2.0,2.0,4.0,4.0,3.0,3.0,1.0,1.0,
NOR,1431638272,4,1.8181818181818181,42.0,5.185420887196657,3.3308667406760586,6.966449127448736,True,1.8545541465205986,1.7810282402520787,1.8181818181818181,5.0,1.5625,3.0,1.2727272727272727,2.2,0.0,1.0,2.0,2.0,4.0,4.0,3.0,3.0,1.0,1.0,
NOR,2324335242,4,1.6666666666666667,33.0,4.772207370925097,2.917653224404498,6.5532356111771755,True,1.8545541465205986,1.7810282402520787,1.6666666666666667,4.0,1.5,2.0,1.2,2.0,0.0,1.0,1.0,2.0,1.0,1.0,1.0,1.0,0.0,0.0,
NOR,2829647100,4,2.2857142857142856,60.0,6.111882731031955,4.257328584511356,7.892910971284033,True,1.8545541465205986,1.7810282402520787,2.2857142857142856,7.0,2.0,2.0,2.0,2.0,0.0,0.0,2.0,3.0,3.0,3.0,3.0,3.0,1.0,1.0,
NOR,2854398498,4,1.6666666666666667,33.0,4.772207370925097,2.917653224404498,6.5532356111771755,True,1.8545541465205986,1.7810282402520787,1.6666666666666667,4.0,1.5,2.0,1.2,2.0,0.0,1.0,1.0,2.0,1.0,1.0,1.0,1.0,0.0,0.0,
NOR,2861087624,4,2.2857142857142856,51.0,6.750343356966784,4.8957892104461855,8.531371597218863,True,1.8545541465205986,1.7810282402520787,2.2857142857142856,6.0,2.0625,3.0,2.0,2.142857142857143,0.0,1.0,1.0,3.0,3.0,2.0,2.0,2.0,1.0,1.0,
NOR,2863267874,4,1.8181818181818181,42.0,5.296152802976378,3.4415986564557794,7.077181043228457,True,1.8545541465205986,1.7810282402520787,1.8181818181818181,5.0,1.5625,3.0,1.2727272727272727,2.2,0.0,1.0,1.0,2.0,2.0,2.0,3.0,3.0,1.0,1.0,
NOR,2863303820,4,2.2857142857142856,51.0,6.750343356966784,4.8957892104461855,8.531371597218863,True,1.8545541465205986,1.7810282402520787,2.2857142857142856,6.0,2.0625,3.0,2.0,2.142857142857143,0.0,1.0,1.0,3.0,3.0,2.0,2.0,2.0,1.0,1.0,
NOR,2863595520,4,1.8181818181818181,42.0,5.296152802976378,3.4415986564557794,7.077181043228457,True,1.8545541465205986,1.7810282402520787,1.8181818181818181,5.0,1.5625,3.0,1.2727272727272727,2.2,0.0,1.0,1.0,2.0,2.0,2.0,3.0,3.0,1.0,1.0,
NOR,2864381952,4,1.8181818181818181,42.0,5.296152802976378,3.4415986564557794,7.077181043228457,True,1.8545541465205986,1.7810282402520787,1.8181818181818181,5.0,1.5625,3.0,1.2727272727272727,2.2,0.0,1.0,1.0,2.0,2.0,2.0,3.0,3.0,1.0,1.0,
NOR,2867899120,4,2.25,33.0,5.308753636748796,3.4541994902281976,7.089781877000875,True,1.8545541465205986,1.7810282402520787,2.25,4.0,2.0,2.0,2.0,2.0,0.0,0.0,1.0,2.0,2.0,1.0,0.0,0.0,0.0,0.0,
NOR,2868882090,4,1.6666666666666667,33.0,4.854406288302394,2.999852141781796,6.635434528554473,True,1.8545541465205986,1.7810282402520787,1.6666666666666667,4.0,1.5,2.0,2.0,1.2,0.0,0.0,2.0,2.0,2.0,2.0,1.0,1.0,0.0,0.0,
NOR,3436118016,4,1.8181818181818181,42.0,5.296152802976378,3.4415986564557794,7.077181043228457,True,1.8545541465205986,1.7810282402520787,1.8181818181818181,5.0,1.5625,3.0,1.2727272727272727,2.2,0.0,1.0,1.0,2.0,2.0,2.0,3.0,3.0,1.0,1.0,
NOR,3452799112,4,2.2857142857142856,51.0,6.750343356966784,4.8957892104461855,8.531371597218863,True,1.8545541465205986,1.7810282402520787,2.2857142857142856,6.0,2.0625,3.0,2.0,2.142857142857143,0.0,1.0,1.0,3.0,3.0,2.0,2.0,2.0,1.0,1.0,
NOR,3472936704,4,1.6666666666666667,33.0,4.772207370925097,2.917653224404498,6.5532356111771755,True,1.8545541465205986,1.7810282402520787,1.6666666666666667,4.0,1.5,2.0,1.2,2.0,0.0,1.0,1.0,2.0,1.0,1.0,1.0,1.0,0.0,0.0,
NOR,3486449664,4,1.6666666666666667,33.0,4.772207370925097,2.917653224404498,6.5532356111771755,True,1.8545541465205986,1.7810282402520787,1.6666666666666667,4.0,1.5,2.0,1.2,2.0,0.0,1.0,1.0,2.0,1.0,1.0,1.0,1.0,0.0,0.0,
NOR,3638089944,4,2.25,33.0,5.308753636748796,3.4541994902281976,7.089781877000875,True,1.8545541465205986,1.7810282402520787,2.25,4.0,2.0,2.0,2.0,2.0,0.0,0.0,1.0,2.0,2.0,1.0,0.0,0.0,0.0,0.0,
NOR,3707821312,4,1.6666666666666667,33.0,4.772207370925097,2.917653224404498,6.5532356111771755,True,1.8545541465205986,1.7810282402520787,1.6666666666666667,4.0,1.5,2.0,1.2,2.0,0.0,1.0,1.0,2.0,1.0,1.0,1.0,1.0,0.0,0.0,
NOR,3772834030,4,2.450980392156863,69.0,8.556847027655623,6.702292881135024,10.337875267907702,False,1.8545541465205986,1.7810282402520787,2.450980392156863,8.0,2.09375,3.0,2.0,2.2,0.0,1.0,2.0,3.0,5.0,5.0,8.0,8.0,6.0,6.0,
NOR,3773751534,4,2.2857142857142856,60.0,6.111882731031955,4.257328584511356,7.892910971284033,True,1.8545541465205986,1.7810282402520787,2.2857142857142856,7.0,2.0,2.0,2.0,2.0,0.0,0.0,2.0,3.0,3.0,3.0,3.0,3.0,1.0,1.0,
NOR,3840206052,4,2.25,33.0,5.308753636748796,3.4541994902281976,7.089781877000875,True,1.8545541465205986,1.7810282402520787,2.25,4.0,2.0,2.0,2.0,2.0,0.0,0.0,1.0,2.0,2.0,1.0,0.0,0.0,0.0,0.0,
NOR,4008574990,4,2.450980392156863,69.0,8.556847027655623,6.702292881135024,10.337875267907702,False,1.8545541465205986,1.7810282402520787,2.450980392156863,8.0,2.09375,3.0,2.0,2.2,0.0,1.0,2.0,3.0,5.0,5.0,8.0,8.0,6.0,6.0,
NOR,4026594560,4,1.8181818181818181,42.0,5.296152802976378,3.4415986564557794,7.077181043228457,True,1.8545541465205986,1.7810282402520787,1.8181818181818181,5.0,1.5625,3.0,1.2727272727272727,2.2,0.0,1.0,1.0,2.0,2.0,2.0,3.0,3.0,1.0,1.0,
NOR,4037083050,4,2.2857142857142856,60.0,6.111882731031955,4.257328584511356,7.892910971284033,True,1.8545541465205986,1.7810282402520787,2.2857142857142856,7.0,2.0,2.0,2.0,2.0,0.0,0.0,2.0,3.0,3.0,3.0,3.0,3.0,1.0,1.0,
NOR,4042325244,4,1.6666666666666667,33.0,4.854406288302394,2.999852141781796,6.635434528554473,True,1.8545541465205986,1.7810282402520787,1.6666666666666667,4.0,1.5,2.0,2.0,1.2,0.0,0.0,2.0,2.0,2.0,2.0,1.0,1.0,0.0,0.0,
NOR,4110480640,4,1.6666666666666667,33.0,4.772207370925097,2.917653224404498,6.5532356111771755,True,1.8545541465205986,1.7810282402520787,1.6666666666666667,4.0,1.5,2.0,1.2,2.0,0.0,1.0,1.0,2.0,1.0,1.0,1.0,1.0,0.0,0.0,
NOR,4227922956,4,2.2857142857142856,51.0,6.750343356966784,4.8957892104461855,8.531371597218863,True,1.8545541465205986,1.7810282402520787,2.2857142857142856,6.0,2.0625,3.0,2.0,2.142857142857143,0.0,1.0,1.0,3.0,3.0,2.0,2.0,2.0,1.0,1.0,
NOR,4244373516,4,2.2857142857142856,51.0,6.750343356966784,4.8957892104461855,8.531371597218863,True,1.8545541465205986,1.7810282402520787,2.2857142857142856,6.0,2.0625,3.0,2.0,2.142857142857143,0.0,1.0,1.0,3.0,3.0,2.0,2.0,2.0,1.0,1.0,
NOR,4279304192,4,1.8181818181818181,42.0,5.296152802976378,3.4415986564557794,7.077181043228457,True,1.8545541465205986,1.7810282402520787,1.8181818181818181,5.0,1.5625,3.0,1.2727272727272727,2.2,0.0,1.0,1.0,2.0,2.0,2.0,3.0,3.0,1.0,1.0,
NOR,4283825920,4,1.6666666666666667,33.0,4.854406288302394,2.999852141781796,6.635434528554473,True,1.8545541465205986,1.7810282402520787,1.6666666666666667,4.0,1.5,2.0,2.0,1.2,0.0,0.0,2.0,2.0,2.0,2.0,1.0,1.0,0.0,0.0,
NOR,4294903040,4,1.5873015873015872,42.0,5.710877021726004,3.8563228752054055,7.491905261978083,True,1.8545541465205986,1.7810282402520787,1.5873015873015872,5.0,1.5625,3.0,2.0,1.2222222222222223,0.0,0.0,2.0,2.0,3.0,3.0,3.0,3.0,1.0,1.0,
NOR,60138,5,1.8181818181818181,42.0,5.706349842754732,3.8517956962341335,7.487378083006811,True,1.8545541465205986,1.7810282402520787,1.8181818181818181,5.0,1.5625,3.0,1.2727272727272727,2.2,0.0,1.0,1.0,3.0,2.0,5.0,2.0,2.0,1.0,0.0,
NOR,330765,5,2.0628571428571427,69.0,7.91761219974682,6.0630580532262215,9.698640439998899,False,1.8545541465205986,1.7810282402520787,2.0628571428571427,8.0,1.71875,3.0,1.36,3.0,1.0,1.0,3.0,1.0,5.0,4.0,6.0,4.0,5.0,1.0,
NOR,3145968,5,1.641025641025641,42.0,6.570635814721955,4.716081668201356,8.351664054974034,True,1.8545541465205986,1.7810282402520787,1.641025641025641,5.0,1.4375,3.0,1.0769230769230769,3.0,0.0,1.0,1.0,1.0,1.0,4.0,1.0,3.0,1.0,0.0,
NOR,5304560,5,1.8181818181818181,42.0,6.456662552009131,4.602108405488533,8.23769079226121,True,1.8545541465205986,1.7810282402520787,1.8181818181818181,5.0,1.5625,3.0,1.2727272727272727,2.2,0.0,1.0,1.0,1.0,0.0,5.0,2.0,2.0,1.0,0.0,
NOR,11403439,5,1.9090909090909092,51.0,6.247496285505685,4.392942138985086,8.028524525757764,True,1.8545541465205986,1.7810282402520787,1.9090909090909092,6.0,1.625,3.0,1.2857142857142858,2.272727272727273,1.0,1.0,3.0,2.0,6.0,4.0,7.0,3.0,5.0,1.0,
NOR,19988785,5,2.0833333333333335,42.0,6.618774494938066,4.764220348417467,8.399802735190145,True,1.8545541465205986,1.7810282402520787,2.0833333333333335,5.0,1.75,3.0,1.3333333333333333,3.0,1.0,1.0,2.0,0.0,3.0,1.0,2.0,1.0,0.0,0.0,
NOR,50548816,5,3.0,51.0,7.564420680444251,5.709866533923653,9.345448920696331,True,1.8545541465205986,1.7810282402520787,3.0,6.0,2.25,3.0,2.0,3.0,0.0,1.0,2.0,0.0,2.0,3.0,2.0,2.0,0.0,0.0,
NOR,50589936,5,3.2666666666666666,42.0,6.884272070529301,5.029717924008702,8.66530031078138,True,1.8545541465205986,1.7810282402520787,3.2666666666666666,5.0,2.125,3.0,2.0,2.3333333333333335,0.0,1.0,2.0,1.0,1.0,2.0,1.0,1.0,0.0,0.0,
NOR,51118860,5,3.0,42.0,7.005791406672211,5.151237260151612,8.78681964692429,True,1.8545541465205986,1.7810282402520787,3.0,5.0,1.75,3.0,1.3333333333333333,3.0,0.0,1.0,2.0,0.0,2.0,1.0,0.0,1.0,0.0,0.0,
NOR,82707694,5,2.2857142857142856,51.0,7.126136001788097,5.271581855267498,8.907164242040174,True,1.8545541465205986,1.7810282402520787,2.2857142857142856,6.0,2.0625,3.0,2.0,2.142857142857143,0.0,1.0,2.0,2.0,2.0,5.0,1.0,3.0,1.0,0.0,
NOR,85263381,5,2.130434782608696,60.0,7.393828616978606,5.5392744704580075,9.174856857230685,True,1.8545541465205986,1.7810282402520787,2.130434782608696,7.0,1.8125,3.0,1.3478260869565217,3.0,1.0,1.0,2.0,1.0,4.0,5.0,5.0,6.0,4.0,2.0,
NOR,250482414,5,2.2857142857142856,60.0,6.858707747637586,5.004153601116988,8.639735987889665,True,1.8545541465205986,1.7810282402520787,2.2857142857142856,7.0,2.0,2.0,2.0,2.0,0.0,0.0,2.0,2.0,1.0,6.0,2.0,2.0,1.0,0.0,
NOR,273944660,5,2.0833333333333335,42.0,6.415169428558029,4.56061528203743,8.196197668810107,True,1.8545541465205986,1.7810282402520787,2.0833333333333335,5.0,1.75,3.0,1.3333333333333333,3.0,0.0,1.0,2.0,1.0,4.0,3.0,2.0,2.0,0.0,0.0,
NOR,286326835,5,2.0833333333333335,42.0,6.618774494938066,4.764220348417467,8.399802735190145,True,1.8545541465205986,1.7810282402520787,2.0833333333333335,5.0,1.75,3.0,1.3333333333333333,3.0,1.0,1.0,2.0,0.0,3.0,1.0,2.0,1.0,0.0,0.0,
NOR,286331137,5,1.6514285714285715,51.0,5.876342321363101,4.021788174842502,7.6573705616151795,True,1.8545541465205986,1.7810282402520787,1.6514285714285715,6.0,1.5,3.0,1.08,3.0,1.0,1.0,3.0,2.0,5.0,5.0,6.0,4.0,5.0,1.0,
NOR,640034342,5,3.2666666666666666,42.0,6.884272070529301,5.029717924008702,8.66530031078138,True,1.8545541465205986,1.7810282402520787,3.2666666666666666,5.0,2.125,3.0,2.0,2.3333333333333335,0.0,1.0,2.0,1.0,1.0,2.0,1.0,1.0,0.0,0.0,
NOR,808464433,5,1.7439613526570048,51.0,6.461688383020307,4.607134236499708,8.242716623272386,True,1.8545541465205986,1.7810282402520787,1.7439613526570048,6.0,1.5625,4.0,1.3043478260869565,2.2222222222222223,1.0,1.0,4.0,1.0,9.0,1.0,10.0,0.0,6.0,0.0,
NOR,857878560,5,2.130434782608696,69.0,8.678589152298887,6.824035005778288,10.459617392550966,False,1.8545541465205986,1.7810282402520787,2.130434782608696,8.0,1.78125,3.0,1.3043478260869565,3.0,0.0,1.0,0.0,4.0,4.0,6.0,8.0,2.0,6.0,0.0,
NOR,858988576,5,1.8181818181818181,42.0,5.706349842754732,3.8517956962341335,7.487378083006811,True,1.8545541465205986,1.7810282402520787,1.8181818181818181,5.0,1.5625,3.0,1.2727272727272727,2.2,0.0,1.0,1.0,3.0,2.0,5.0,2.0,2.0,1.0,0.0,
NOR,1145848908,5,1.8181818181818181,42.0,6.456662552009131,4.602108405488533,8.23769079226121,True,1.8545541465205986,1.7810282402520787,1.8181818181818181,5.0,1.5625,3.0,1.2727272727272727,2.2,0.0,1.0,1.0,1.0,0.0,5.0,2.0,2.0,1.0,0.0,
NOR,1364218193,5,1.9090909090909092,51.0,6.247496285505685,4.392942138985086,8.028524525757764,True,1.8545541465205986,1.7810282402520787,1.9090909090909092,6.0,1.625,3.0,1.2857142857142858,2.272727272727273,1.0,1.0,3.0,2.0,6.0,4.0,7.0,3.0,5.0,1.0,
NOR,1364283473,5,1.9090909090909092,51.0,6.247496285505685,4.392942138985086,8.028524525757764,True,1.8545541465205986,1.7810282402520787,1.9090909090909092,6.0,1.625,3.0,1.2857142857142858,2.272727272727273,1.0,1.0,3.0,2.0,6.0,4.0,7.0,3.0,5.0,1.0,
NOR,2290662331,5,2.25,33.0,5.768887273859175,3.914333127338576,7.5499155141112535,True,1.8545541465205986,1.7810282402520787,2.25,4.0,2.0,2.0,2.0,2.0,1.0,0.0,2.0,1.0,2.0,0.0,0.0,0.0,0.0,0.0,
NOR,2695012515,5,2.29004329004329,60.0,8.10986913077349,6.255314984252891,9.890897371025568,False,1.8545541465205986,1.7810282402520787,2.29004329004329,7.0,2.125,4.0,2.0,2.3636363636363638,1.0,1.0,4.0,2.0,8.0,2.0,7.0,3.0,5.0,1.0,
NOR,2852826895,5,2.25,51.0,6.612814034447264,4.758259887926665,8.393842274699342,True,1.8545541465205986,1.7810282402520787,2.25,6.0,2.0,2.0,2.0,2.0,1.0,0.0,2.0,2.0,2.0,0.0,2.0,1.0,0.0,0.0,
NOR,2864382139,5,2.25,51.0,6.612814034447264,4.758259887926665,8.393842274699342,True,1.8545541465205986,1.7810282402520787,2.25,6.0,2.0,2.0,2.0,2.0,1.0,0.0,2.0,2.0,2.0,0.0,2.0,1.0,0.0,0.0,
NOR,3149607731,5,1.6666666666666667,33.0,6.131790558560342,4.277236412039743,7.91281879881242,True,1.8545541465205986,1.7810282402520787,1.6666666666666667,4.0,1.5,2.0,2.0,1.2,1.0,0.0,1.0,2.0,0.0,0.0,1.0,1.0,0.0,0.0,
NOR,3443903813,5,2.25,51.0,6.612814034447264,4.758259887926665,8.393842274699342,True,1.8545541465205986,1.7810282402520787,2.25,6.0,2.0,2.0,2.0,2.0,1.0,0.0,2.0,2.0,2.0,0.0,2.0,1.0,0.0,0.0,
NOR,4026596352,5,1.8181818181818181,42.0,6.221573178631661,4.367019032111062,8.002601418883739,True,1.8545541465205986,1.7810282402520787,1.8181818181818181,5.0,1.5625,3.0,1.2727272727272727,2.2,0.0,1.0,0.0,3.0,2.0,3.0,2.0,2.0,1.0,0.0,
NOR,4042280960,5,1.8181818181818181,42.0,6.221573178631661,4.367019032111062,8.002601418883739,True,1.8545541465205986,1.7810282402520787,1.8181818181818181,5.0,1.5625,3.0,1.2727272727272727,2.2,0.0,1.0,0.0,3.0,2.0,3.0,2.0,2.0,1.0,0.0,
NOR,4042311880,5,2.2857142857142856,51.0,6.690203998425009,4.83564985190441,8.471232238677088,True,1.8545541465205986,1.7810282402520787,2.2857142857142856,6.0,2.0625,3.0,2.0,2.142857142857143,0.0,1.0,0.0,4.0,3.0,3.0,3.0,1.0,1.0,0.0,
NOR,4042457091,5,2.4,42.0,6.386924672651931,4.5323705261313325,8.16795291290401,True,1.8545541465205986,1.7810282402520787,2.4,5.0,2.125,3.0,2.0,2.3333333333333335,1.0,1.0,3.0,2.0,4.0,0.0,1.0,0.0,0.0,0.0,
NOR,4043239424,5,2.450980392156863,60.0,7.658079247272148,5.80352510075155,9.439107487524227,True,1.8545541465205986,1.7810282402520787,2.450980392156863,7.0,2.125,3.0,2.0588235294117645,2.2,0.0,1.0,0.0,5.0,4.0,6.0,6.0,4.0,5.0,1.0,
NOR,4104189088,5,2.2857142857142856,51.0,6.690203998425009,4.83564985190441,8.471232238677088,True,1.8545541465205986,1.7810282402520787,2.2857142857142856,6.0,2.0625,3.0,2.0,2.142857142857143,0.0,1.0,0.0,4.0,3.0,3.0,3.0,1.0,1.0,0.0,
NOR,4278211857,5,2.2857142857142856,51.0,6.7558215743570855,4.901267427836487,8.536849814609164,True,1.8545541465205986,1.7810282402520787,2.2857142857142856,6.0,2.0625,3.0,2.0,2.142857142857143,1.0,1.0,3.0,2.0,5.0,1.0,3.0,1.0,1.0,0.0,
NOR,4278845440,5,1.8181818181818181,42.0,6.221573178631661,4.367019032111062,8.002601418883739,True,1.8545541465205986,1.7810282402520787,1.8181818181818181,5.0,1.5625,3.0,1.2727272727272727,2.2,0.0,1.0,0.0,3.0,2.0,3.0,2.0,2.0,1.0,0.0,
NOR,4279151114,5,2.450980392156863,69.0,8.571221986053715,6.716667839533116,10.352250226305793,False,1.8545541465205986,1.7810282402520787,2.450980392156863,8.0,2.0625,3.0,2.066666666666667,2.0588235294117645,0.0,0.0,1.0,4.0,3.0,6.0,5.0,6.0,4.0,2.0,
NOR,4283760384,5,1.785425101214575,51.0,7.176531773764943,5.321977627244344,8.957560014017021,True,1.8545541465205986,1.7810282402520787,1.785425101214575,6.0,1.625,3.0,2.076923076923077,1.3157894736842106,0.0,0.0,1.0,4.0,2.0,7.0,5.0,5.0,5.0,1.0,
NOR,4289331368,5,2.450980392156863,60.0,7.658079247272148,5.80352510075155,9.439107487524227,True,1.8545541465205986,1.7810282402520787,2.450980392156863,7.0,2.125,3.0,2.0588235294117645,2.2,0.0,1.0,0.0,5.0,4.0,6.0,6.0,4.0,5.0,1.0,
NOR,4293921280,5,2.2857142857142856,51.0,6.690203998425009,4.83564985190441,8.471232238677088,True,1.8545541465205986,1.7810282402520787,2.2857142857142856,6.0,2.0625,3.0,2.0,2.142857142857143,0.0,1.0,0.0,4.0,3.0,3.0,3.0,1.0,1.0,0.0,
NOR,18263,6,2.130434782608696,60.0,7.8429600050102195,5.988405858489621,9.623988245262298,True,1.8545541465205986,1.7810282402520787,2.130434782608696,7.0,1.8125,3.0,1.3478260869565217,3.0,1.0,1.0,1.0,0.0,3.0,3.0,6.0,6.0,5.0,5.0,
NOR,28789,6,2.0833333333333335,60.0,7.48837194130282,5.633817794782221,9.269400181554898,True,1.8545541465205986,1.7810282402520787,2.0833333333333335,7.0,1.75,3.0,1.3333333333333333,3.0,1.0,1.0,3.0,1.0,5.0,3.0,5.0,2.0,2.0,0.0,
NOR,61905,6,2.130434782608696,60.0,7.618632619247627,5.764078472727029,9.399660859499706,True,1.8545541465205986,1.7810282402520787,2.130434782608696,7.0,1.8125,3.0,1.3478260869565217,3.0,1.0,1.0,3.0,2.0,4.0,3.0,3.0,2.0,3.0,3.0,
NOR,336439,6,2.5555555555555554,69.0,9.18381250527461,7.329258358754011,10.964840745526688,False,1.8545541465205986,1.7810282402520787,2.5555555555555554,8.0,2.28125,3.0,2.0,3.0,1.0,1.0,1.0,0.0,5.0,4.0,6.0,6.0,5.0,5.0,
NOR,786446,6,1.6666666666666667,51.0,7.1101439798835875,5.255589833362989,8.891172220135665,True,1.8545541465205986,1.7810282402520787,1.6666666666666667,6.0,1.4375,4.0,1.1111111111111112,3.2,0.0,1.0,2.0,2.0,6.0,6.0,7.0,7.0,5.0,5.0,
NOR,847564,6,2.4,69.0,9.235864472895717,7.381310326375118,11.016892713147795,False,1.8545541465205986,1.7810282402520787,2.4,8.0,2.125,3.0,2.0,2.3333333333333335,0.0,1.0,1.0,2.0,1.0,7.0,4.0,3.0,2.0,0.0,
NOR,983263,6,1.9090909090909092,51.0,6.945362465234792,5.090808318714194,8.726390705486871,True,1.8545541465205986,1.7810282402520787,1.9090909090909092,6.0,1.625,3.0,1.2857142857142858,2.272727272727273,1.0,1.0,1.0,1.0,2.0,4.0,4.0,5.0,4.0,4.0,
NOR,3273201,6,2.5303643724696356,78.0,9.717037644453429,7.86248349793283,11.498065884705508,False,1.8545541465205986,1.7810282402520787,2.5303643724696356,9.0,2.15625,3.0,2.0,2.3846153846153846,1.0,1.0,2.0,1.0,4.0,4.0,4.0,3.0,3.0,3.0,
NOR,50528529,6,2.0628571428571427,60.0,8.55121343184712,6.696659285326522,10.3322416720992,True,1.8545541465205986,1.7810282402520787,2.0628571428571427,7.0,1.75,4.0,1.36,3.142857142857143,1.0,1.0,2.0,1.0,4.0,3.0,5.0,4.0,4.0,4.0,
NOR,50529279,6,2.2857142857142856,60.0,6.752670111726195,4.898115965205596,8.533698351978273,True,1.8545541465205986,1.7810282402520787,2.2857142857142856,7.0,2.0,2.0,2.0,2.0,1.0,1.0,0.0,0.0,4.0,4.0,4.0,4.0,1.0,1.0,
NOR,50541106,6,2.618181818181818,51.0,7.073658229737683,5.2191040832170845,8.854686469989762,True,1.8545541465205986,1.7810282402520787,2.618181818181818,6.0,1.875,3.0,1.3636363636363635,3.0,0.0,1.0,3.0,1.0,5.0,4.0,3.0,4.0,1.0,1.0,
NOR,67433716,6,2.4,42.0,6.736706658613896,4.882152512093297,8.517734898865974,True,1.8545541465205986,1.7810282402520787,2.4,5.0,2.125,3.0,2.0,2.3333333333333335,0.0,1.0,2.0,2.0,3.0,3.0,1.0,1.0,0.0,0.0,
NOR,251662101,6,2.29004329004329,60.0,8.920709638229159,7.06615549170856,10.701737878481238,False,1.8545541465205986,1.7810282402520787,2.29004329004329,7.0,2.125,4.0,2.0,2.3636363636363638,1.0,1.0,2.0,1.0,5.0,2.0,4.0,3.0,4.0,4.0,
NOR,252702880,6,4.063492063492063,51.0,8.26991720147559,6.415363054954991,10.050945441727668,True,1.8545541465205986,1.7810282402520787,4.063492063492063,6.0,2.25,3.0,2.111111111111111,2.4285714285714284,0.0,1.0,1.0,3.0,3.0,4.0,3.0,1.0,1.0,0.0,
NOR,267390912,6,4.063492063492063,51.0,8.26991720147559,6.415363054954991,10.050945441727668,True,1.8545541465205986,1.7810282402520787,4.063492063492063,6.0,2.25,3.0,2.111111111111111,2.4285714285714284,0.0,1.0,1.0,3.0,3.0,4.0,3.0,1.0,1.0,0.0,
NOR,269488639,6,2.4,69.0,9.160429369649044,7.305875223128446,10.941457609901123,False,1.8545541465205986,1.7810282402520787,2.4,8.0,2.125,3.0,2.0,2.3333333333333335,1.0,1.0,1.0,1.0,3.0,4.0,5.0,4.0,2.0,1.0,
NOR,285220627,6,2.618181818181818,87.0,10.484948548071484,8.630394401550886,12.265976788323563,False,1.8545541465205986,1.7810282402520787,2.618181818181818,10.0,2.3125,3.0,2.0,3.0,1.0,1.0,2.0,1.0,4.0,3.0,4.0,4.0,3.0,1.0,
NOR,285282575,6,2.5555555555555554,69.0,9.18381250527461,7.329258358754011,10.964840745526688,False,1.8545541465205986,1.7810282402520787,2.5555555555555554,8.0,2.28125,3.0,2.0,3.0,1.0,1.0,1.0,0.0,5.0,4.0,6.0,6.0,5.0,5.0,
NOR,808452348,6,2.618181818181818,60.0,7.971718934483102,6.117164787962503,9.75274717473518,True,1.8545541465205986,1.7810282402520787,2.618181818181818,7.0,2.3125,3.0,2.0,3.0,0.0,1.0,2.0,1.0,4.0,4.0,3.0,3.0,1.0,1.0,
NOR,839922192,6,2.0833333333333335,42.0,6.815840997718233,4.9612868511976345,8.596869237970312,True,1.8545541465205986,1.7810282402520787,2.0833333333333335,5.0,1.75,3.0,1.3333333333333333,3.0,0.0,1.0,1.0,2.0,3.0,3.0,2.0,1.0,0.0,0.0,
NOR,842674234,6,2.5303643724696356,60.0,8.877064955380753,7.022510808860154,10.658093195632832,False,1.8545541465205986,1.7810282402520787,2.5303643724696356,7.0,2.1875,3.0,2.0526315789473686,2.3846153846153846,0.0,1.0,2.0,3.0,3.0,7.0,2.0,5.0,3.0,3.0,
NOR,846672384,6,2.816666666666667,69.0,10.08010440951347,8.225550262992872,11.86113264976555,False,1.8545541465205986,1.7810282402520787,2.816666666666667,8.0,2.4375,3.0,2.1,3.0,0.0,1.0,1.0,2.0,3.0,7.0,4.0,3.0,2.0,0.0,
NOR,855846915,6,2.618181818181818,51.0,7.773971299562414,5.919417153041816,9.554999539814492,True,1.8545541465205986,1.7810282402520787,2.618181818181818,6.0,1.875,3.0,1.3636363636363635,3.0,1.0,1.0,3.0,2.0,3.0,3.0,2.0,1.0,1.0,0.0,
NOR,856768273,6,2.2857142857142856,60.0,7.596901847595989,5.74234770107539,9.377930087848068,True,1.8545541465205986,1.7810282402520787,2.2857142857142856,7.0,2.0625,3.0,2.0,2.142857142857143,1.0,1.0,2.0,1.0,3.0,5.0,3.0,2.0,1.0,0.0,
NOR,858862128,6,2.0166666666666666,51.0,7.00778814848178,5.153234001961182,8.78881638873386,True,1.8545541465205986,1.7810282402520787,2.0166666666666666,6.0,1.75,3.0,1.4,2.3333333333333335,0.0,1.0,2.0,3.0,5.0,6.0,5.0,4.0,2.0,1.0,
NOR,859028224,6,2.2857142857142856,51.0,7.227923748902655,5.3733696023820565,9.008951989154735,True,1.8545541465205986,1.7810282402520787,2.2857142857142856,6.0,2.0625,3.0,2.0,2.142857142857143,0.0,1.0,2.0,3.0,3.0,4.0,2.0,2.0,1.0,1.0,
NOR,872349957,6,2.450980392156863,69.0,8.624071129454878,6.769516982934279,10.405099369706956,True,1.8545541465205986,1.7810282402520787,2.450980392156863,8.0,2.09375,3.0,2.0,2.2,1.0,1.0,2.0,1.0,4.0,3.0,3.0,2.0,4.0,4.0,
NOR,1396724544,6,2.618181818181818,60.0,8.570195883934801,6.715641737414202,10.35122412418688,True,1.8545541465205986,1.7810282402520787,2.618181818181818,7.0,2.3125,3.0,2.0,3.0,0.0,1.0,1.0,2.0,2.0,5.0,2.0,2.0,1.0,0.0,
NOR,1414878213,6,2.4,60.0,8.111772969138029,6.25721882261743,9.892801209390107,True,1.8545541465205986,1.7810282402520787,2.4,7.0,2.0,3.0,1.4,3.0,1.0,1.0,3.0,2.0,4.0,4.0,4.0,2.0,2.0,0.0,
NOR,2699075812,6,2.29004329004329,60.0,8.702162539828775,6.847608393308176,10.483190780080854,True,1.8545541465205986,1.7810282402520787,2.29004329004329,7.0,2.125,4.0,2.0,2.3636363636363638,0.0,1.0,1.0,3.0,4.0,4.0,4.0,5.0,4.0,4.0,
NOR,2863270402,6,1.9090909090909092,51.0,6.828541160538303,4.9739870140177045,8.609569400790381,True,1.8545541465205986,1.7810282402520787,1.9090909090909092,6.0,1.625,3.0,1.2857142857142858,2.272727272727273,0.0,1.0,1.0,3.0,2.0,4.0,4.0,5.0,4.0,4.0,
NOR,3137387024,6,2.4,60.0,8.792713594278165,6.938159447757567,10.573741834530244,True,1.8545541465205986,1.7810282402520787,2.4,7.0,2.1875,4.0,2.05,2.4166666666666665,0.0,1.0,1.0,3.0,5.0,4.0,5.0,4.0,2.0,1.0,
NOR,3233858498,6,3.155844155844156,60.0,9.46715898732971,7.612604840809112,11.24818722758179,False,1.8545541465205986,1.7810282402520787,3.155844155844156,7.0,2.21875,4.0,2.0476190476190474,2.5454545454545454,0.0,1.0,2.0,4.0,8.0,7.0,9.0,9.0,6.0,6.0,
NOR,3235954928,6,1.9090909090909092,51.0,6.828541160538303,4.9739870140177045,8.609569400790381,True,1.8545541465205986,1.7810282402520787,1.9090909090909092,6.0,1.625,3.0,1.2857142857142858,2.272727272727273,0.0,1.0,1.0,3.0,2.0,4.0,4.0,5.0,4.0,4.0,
NOR,3587560912,6,2.2857142857142856,60.0,7.821204058700611,5.966649912180013,9.60223229895269,True,1.8545541465205986,1.7810282402520787,2.2857142857142856,7.0,2.0625,3.0,2.142857142857143,2.0,0.0,0.0,3.0,4.0,6.0,5.0,5.0,5.0,1.0,1.0,
NOR,4029935650,6,2.6825396825396823,51.0,7.332556693396906,5.478002546876308,9.113584933648985,True,1.8545541465205986,1.7810282402520787,2.6825396825396823,6.0,2.25,3.0,2.111111111111111,2.4285714285714284,0.0,1.0,2.0,4.0,6.0,5.0,4.0,4.0,1.0,1.0,
NOR,4283760708,6,2.2857142857142856,51.0,6.822081805261645,4.967527658741046,8.603110045513723,True,1.8545541465205986,1.7810282402520787,2.2857142857142856,6.0,2.0625,3.0,2.0,2.142857142857143,0.0,1.0,2.0,3.0,4.0,4.0,4.0,4.0,1.0,1.0,
NOR,4288737440,6,2.25,51.0,6.745299923620432,4.890745777099833,8.52632816387251,True,1.8545541465205986,1.7810282402520787,2.25,6.0,2.0,2.0,2.0,2.0,0.0,0.0,0.0,4.0,3.0,2.0,2.0,0.0,0.0,0.0,
NOR,4293980320,6,2.2857142857142856,60.0,7.387146229179006,5.532592082658407,9.168174469431085,True,1.8545541465205986,1.7810282402520787,2.2857142857142856,7.0,2.0625,3.0,2.142857142857143,2.0,0.0,0.0,0.0,4.0,4.0,4.0,2.0,1.0,1.0,0.0,
NOR,4294923588,6,1.8181818181818181,42.0,6.791959264733244,4.937405118212645,8.572987504985322,True,1.8545541465205986,1.7810282402520787,1.8181818181818181,5.0,1.5625,3.0,2.2,1.2727272727272727,0.0,0.0,3.0,3.0,5.0,5.0,4.0,4.0,1.0,1.0,
NOR,23647,7,2.2,51.0,7.359428058091189,5.5048739115705905,9.140456298343267,True,1.8545541465205986,1.7810282402520787,2.2,6.0,1.875,3.0,1.3636363636363635,3.0,1.0,1.0,2.0,1.0,4.0,3.0,4.0,2.0,1.0,0.0,
NOR,52458,7,2.130434782608696,60.0,8.003673413478623,6.149119266958024,9.784701653730702,True,1.8545541465205986,1.7810282402520787,2.130434782608696,7.0,1.8125,3.0,1.3478260869565217,3.0,0.0,1.0,1.0,3.0,4.0,7.0,5.0,6.0,4.0,2.0,
NOR,52493,7,2.0833333333333335,60.0,7.485698064228391,5.631143917707792,9.26672630448047,True,1.8545541465205986,1.7810282402520787,2.0833333333333335,7.0,1.75,3.0,1.3333333333333333,3.0,1.0,1.0,3.0,2.0,4.0,2.0,4.0,1.0,2.0,1.0,
NOR,56768,7,2.0833333333333335,60.0,7.874617053751363,6.0200629072307645,9.655645294003442,True,1.8545541465205986,1.7810282402520787,2.0833333333333335,7.0,1.75,3.0,1.3333333333333333,3.0,0.0,1.0,1.0,3.0,3.0,5.0,4.0,3.0,2.0,1.0,
NOR,11862197,7,2.618181818181818,51.0,7.818661704500376,5.964107557979777,9.599689944752456,True,1.8545541465205986,1.7810282402520787,2.618181818181818,6.0,1.875,3.0,1.3636363636363635,3.0,1.0,1.0,2.0,1.0,3.0,2.0,3.0,2.0,1.0,1.0,
NOR,13369539,7,3.0,60.0,8.887345550650469,7.0327914041298705,10.668373790902548,True,1.8545541465205986,1.7810282402520787,3.0,7.0,1.875,4.0,1.4166666666666667,3.25,1.0,1.0,4.0,1.0,4.0,1.0,1.0,0.0,0.0,0.0,
NOR,32702704,7,2.29004329004329,60.0,9.360698588316897,7.506144441796298,11.141726828568975,True,1.8545541465205986,1.7810282402520787,2.29004329004329,7.0,2.125,4.0,2.0,2.3636363636363638,0.0,1.0,2.0,2.0,3.0,6.0,2.0,7.0,3.0,3.0,
NOR,33703751,7,2.618181818181818,60.0,8.384572985501146,6.530018838980547,10.165601225753225,True,1.8545541465205986,1.7810282402520787,2.618181818181818,7.0,2.3125,3.0,2.0,3.0,1.0,1.0,2.0,0.0,4.0,3.0,2.0,2.0,1.0,0.0,
NOR,50528508,7,3.5636363636363635,60.0,8.778663677172357,6.924109530651759,10.559691917424436,True,1.8545541465205986,1.7810282402520787,3.5636363636363635,7.0,2.375,3.0,2.090909090909091,3.0,0.0,1.0,3.0,0.0,3.0,4.0,3.0,4.0,1.0,1.0,
NOR,170528570,7,2.951417004048583,78.0,10.242666870554006,8.388112724033407,12.023695110806084,False,1.8545541465205986,1.7810282402520787,2.951417004048583,9.0,2.25,4.0,2.1052631578947367,2.4615384615384617,0.0,1.0,3.0,1.0,5.0,6.0,5.0,6.0,3.0,4.0,
NOR,197921740,7,3.111111111111111,51.0,8.683502463205953,6.828948316685354,10.464530703458031,True,1.8545541465205986,1.7810282402520787,3.111111111111111,6.0,2.25,3.0,2.111111111111111,2.4285714285714284,0.0,1.0,2.0,2.0,1.0,3.0,2.0,2.0,1.0,1.0,
NOR,252313617,7,3.0,69.0,9.519389835221034,7.664835688700435,11.300418075473113,True,1.8545541465205986,1.7810282402520787,3.0,8.0,2.375,4.0,2.0833333333333335,3.25,1.0,1.0,4.0,1.0,4.0,3.0,5.0,1.0,2.0,0.0,
NOR,252645324,7,2.25,51.0,7.988791672625908,6.134237526105309,9.769819912877987,True,1.8545541465205986,1.7810282402520787,2.25,6.0,2.125,3.0,2.125,2.125,0.0,0.0,3.0,1.0,5.0,4.0,2.0,2.0,0.0,0.0,
NOR,253034513,7,2.5555555555555554,69.0,8.85684316930358,7.002289022782982,10.63787140955566,True,1.8545541465205986,1.7810282402520787,2.5555555555555554,8.0,2.28125,3.0,2.0,3.0,1.0,1.0,3.0,1.0,5.0,4.0,5.0,4.0,4.0,2.0,
NOR,269549564,7,2.25,69.0,9.123416197482317,7.268862050961719,10.904444437734396,True,1.8545541465205986,1.7810282402520787,2.25,8.0,2.125,3.0,2.125,2.125,0.0,0.0,3.0,2.0,5.0,7.0,4.0,5.0,2.0,1.0,
NOR,288428081,7,2.130434782608696,69.0,8.226812446769733,6.372258300249134,10.007840687021812,True,1.8545541465205986,1.7810282402520787,2.130434782608696,8.0,1.8125,3.0,1.3478260869565217,3.0,1.0,1.0,3.0,2.0,6.0,6.0,6.0,5.0,4.0,1.0,
NOR,573768211,7,2.2,51.0,7.679558320455644,5.825004173935046,9.460586560707723,True,1.8545541465205986,1.7810282402520787,2.2,6.0,1.875,3.0,1.3636363636363635,3.0,1.0,1.0,2.0,2.0,3.0,3.0,3.0,2.0,1.0,1.0,
NOR,587539205,7,2.618181818181818,60.0,8.738420472028388,6.883866325507789,10.519448712280466,True,1.8545541465205986,1.7810282402520787,2.618181818181818,7.0,2.3125,3.0,2.0,3.0,1.0,1.0,2.0,1.0,3.0,2.0,1.0,1.0,1.0,1.0,
NOR,788606721,7,2.4,60.0,7.846120858542365,5.991566712021767,9.627149098794444,True,1.8545541465205986,1.7810282402520787,2.4,7.0,2.125,3.0,2.0,2.3333333333333335,1.0,1.0,3.0,1.0,5.0,1.0,3.0,0.0,0.0,0.0,
NOR,821567736,7,2.5303643724696356,78.0,9.994851672893049,8.14029752637245,11.775879913145127,False,1.8545541465205986,1.7810282402520787,2.5303643724696356,9.0,2.1875,3.0,2.0526315789473686,2.3846153846153846,0.0,1.0,1.0,3.0,2.0,7.0,4.0,3.0,3.0,3.0,
NOR,838876949,7,2.816666666666667,96.0,11.461069666294764,9.606515519774165,13.242097906546842,False,1.8545541465205986,1.7810282402520787,2.816666666666667,11.0,2.40625,3.0,2.05,3.0,1.0,1.0,2.0,1.0,3.0,2.0,3.0,3.0,5.0,1.0,
NOR,855847696,7,2.29004329004329,60.0,8.308833761942536,6.454279615421937,10.089862002194614,True,1.8545541465205986,1.7810282402520787,2.29004329004329,7.0,1.78125,4.0,1.4761904761904763,2.3636363636363638,0.0,1.0,3.0,2.0,6.0,5.0,5.0,6.0,4.0,5.0,
NOR,1145394449,7,2.705627705627706,69.0,10.367083739689255,8.512529593168656,12.148111979941334,False,1.8545541465205986,1.7810282402520787,2.705627705627706,8.0,2.03125,4.0,1.4761904761904763,3.090909090909091,1.0,1.0,2.0,2.0,5.0,4.0,6.0,4.0,4.0,4.0,
NOR,1162150149,7,2.130434782608696,60.0,7.551250543082894,5.696696396562295,9.332278783334973,True,1.8545541465205986,1.7810282402520787,2.130434782608696,7.0,1.8125,3.0,1.3478260869565217,3.0,1.0,1.0,2.0,2.0,2.0,3.0,4.0,4.0,5.0,5.0,
NOR,1346654453,7,2.816666666666667,78.0,10.534069658451443,8.679515511930845,12.315097898703522,False,1.8545541465205986,1.7810282402520787,2.816666666666667,9.0,2.4375,3.0,2.1,3.0,1.0,1.0,3.0,2.0,6.0,4.0,4.0,2.0,2.0,0.0,
NOR,1347502145,7,2.5208333333333335,60.0,8.548268492119469,6.69371434559887,10.329296732371548,True,1.8545541465205986,1.7810282402520787,2.5208333333333335,7.0,1.875,4.0,1.4166666666666667,3.25,1.0,1.0,4.0,2.0,6.0,3.0,5.0,1.0,2.0,0.0,
NOR,1482185306,7,4.063492063492063,51.0,8.530171999969513,6.675617853448914,10.311200240221591,True,1.8545541465205986,1.7810282402520787,4.063492063492063,6.0,2.25,3.0,2.111111111111111,2.4285714285714284,0.0,1.0,2.0,2.0,1.0,3.0,2.0,2.0,1.0,1.0,
NOR,2699078380,7,2.6825396825396823,78.0,9.957209654714392,8.102655508193793,11.73823789496647,False,1.8545541465205986,1.7810282402520787,2.6825396825396823,9.0,2.21875,3.0,2.0555555555555554,2.4285714285714284,0.0,1.0,1.0,3.0,4.0,5.0,5.0,4.0,3.0,1.0,
NOR,2829625769,7,3.111111111111111,60.0,8.339300799314929,6.48474665279433,10.120329039567007,True,1.8545541465205986,1.7810282402520787,3.111111111111111,7.0,2.25,4.0,2.2222222222222223,2.2857142857142856,1.0,1.0,4.0,3.0,4.0,1.0,3.0,0.0,1.0,0.0,
NOR,3302016213,7,2.6825396825396823,69.0,9.594780118819044,7.740225972298445,11.375808359071122,True,1.8545541465205986,1.7810282402520787,2.6825396825396823,8.0,2.25,3.0,2.111111111111111,2.4285714285714284,1.0,1.0,3.0,2.0,5.0,1.0,5.0,2.0,1.0,0.0,
NOR,3424832512,7,2.618181818181818,51.0,9.119143990331349,7.26458984381075,10.900172230583427,True,1.8545541465205986,1.7810282402520787,2.618181818181818,6.0,2.125,4.0,2.0,2.4,0.0,1.0,0.0,4.0,2.0,4.0,2.0,2.0,1.0,0.0,
NOR,3433745663,7,2.4,42.0,7.8736772078369945,6.019123061316396,9.654705448089073,True,1.8545541465205986,1.7810282402520787,2.4,5.0,2.125,3.0,2.3333333333333335,2.0,1.0,0.0,2.0,2.0,3.0,1.0,1.0,0.0,0.0,0.0,
NOR,3993038831,7,2.4,69.0,9.37189272227175,7.517338575751152,11.15292096252383,True,1.8545541465205986,1.7810282402520787,2.4,8.0,2.125,3.0,2.3333333333333335,2.0,1.0,0.0,2.0,3.0,3.0,1.0,5.0,2.0,2.0,1.0,
NOR,4112577825,7,2.8588235294117648,78.0,10.90862673287005,9.054072586349452,12.68965497312213,False,1.8545541465205986,1.7810282402520787,2.8588235294117648,9.0,2.21875,4.0,2.176470588235294,2.2666666666666666,1.0,1.0,4.0,2.0,8.0,3.0,9.0,3.0,5.0,0.0,
NOR,4244439108,7,2.450980392156863,78.0,9.488325831438225,7.633771684917626,11.269354071690303,True,1.8545541465205986,1.7810282402520787,2.450980392156863,9.0,2.1875,3.0,2.176470588235294,2.2,0.0,1.0,2.0,3.0,5.0,3.0,4.0,5.0,4.0,5.0,
NOR,4278059212,7,2.2857142857142856,60.0,7.6662530507962625,5.811698904275664,9.447281291048341,True,1.8545541465205986,1.7810282402520787,2.2857142857142856,7.0,2.0625,3.0,2.142857142857143,2.0,0.0,0.0,1.0,4.0,3.0,5.0,4.0,2.0,1.0,0.0,
NOR,4278193931,7,2.450980392156863,60.0,7.995954175029775,6.141400028509176,9.776982415281854,True,1.8545541465205986,1.7810282402520787,2.450980392156863,7.0,2.125,3.0,2.0588235294117645,2.2,1.0,1.0,3.0,3.0,6.0,4.0,6.0,4.0,5.0,1.0,
NOR,4279238656,7,1.7439613526570048,51.0,8.610353018301288,6.755798871780689,10.391381258553366,True,1.8545541465205986,1.7810282402520787,1.7439613526570048,6.0,1.5625,4.0,1.3043478260869565,2.2222222222222223,0.0,1.0,0.0,3.0,2.0,5.0,3.0,6.0,4.0,2.0,
NOR,4283703808,7,2.5303643724696356,78.0,9.746157154271355,7.891603007750756,11.527185394523434,True,1.8545541465205986,1.7810282402520787,2.5303643724696356,9.0,2.1875,3.0,2.0526315789473686,2.3846153846153846,0.0,1.0,0.0,3.0,4.0,6.0,7.0,6.0,4.0,1.0,
NOR,4290445499,7,2.4,42.0,7.8736772078369945,6.019123061316396,9.654705448089073,True,1.8545541465205986,1.7810282402520787,2.4,5.0,2.125,3.0,2.3333333333333335,2.0,1.0,0.0,2.0,2.0,3.0,1.0,1.0,0.0,0.0,0.0,
NOR,331861,8,2.0628571428571427,60.0,8.63873768720416,6.784183540683561,10.419765927456238,True,1.8545541465205986,1.7810282402520787,2.0628571428571427,7.0,1.75,4.0,1.36,3.142857142857143,1.0,1.0,2.0,0.0,3.0,3.0,3.0,6.0,3.0,3.0,
NOR,1114361,8,2.5208333333333335,78.0,11.06364103988733,9.209086893366731,12.844669280139408,False,1.8545541465205986,1.7810282402520787,2.5208333333333335,9.0,1.84375,4.0,1.4166666666666667,3.125,1.0,1.0,3.0,1.0,4.0,4.0,5.0,3.0,3.0,0.0,
NOR,3364115,8,2.705627705627706,69.0,9.501383618860876,7.646829472340277,11.282411859112955,True,1.8545541465205986,1.7810282402520787,2.705627705627706,8.0,2.375,3.0,2.0476190476190474,3.0,1.0,1.0,1.0,0.0,4.0,4.0,4.0,5.0,4.0,4.0,
NOR,13484236,8,2.29004329004329,78.0,10.613564945228324,8.759010798707726,12.394593185480403,True,1.8545541465205986,1.7810282402520787,2.29004329004329,9.0,2.125,4.0,2.0,2.3636363636363638,0.0,1.0,2.0,2.0,5.0,5.0,7.0,4.0,4.0,5.0,
NOR,20119664,8,2.5208333333333335,87.0,13.931602142916443,12.077047996395844,15.712630383168522,False,1.8545541465205986,1.7810282402520787,2.5208333333333335,10.0,2.3125,4.0,2.0,3.25,0.0,1.0,2.0,2.0,3.0,3.0,2.0,8.0,5.0,0.0,
NOR,23003151,8,2.29004329004329,78.0,10.830539213517405,8.975985066996806,12.611567453769483,True,1.8545541465205986,1.7810282402520787,2.29004329004329,9.0,2.125,4.0,2.0,2.3636363636363638,1.0,1.0,2.0,1.0,3.0,5.0,3.0,6.0,3.0,2.0,
NOR,67043789,8,2.640625,69.0,9.75252592873872,7.8979717822181215,11.533554168990799,True,1.8545541465205986,1.7810282402520787,2.640625,8.0,2.25,3.0,2.25,2.25,1.0,0.0,2.0,1.0,6.0,4.0,5.0,2.0,2.0,0.0,
NOR,84021002,8,2.5555555555555554,60.0,9.582602829361937,7.728048682841338,11.363631069614016,True,1.8545541465205986,1.7810282402520787,2.5555555555555554,7.0,1.90625,4.0,1.434782608695652,3.111111111111111,0.0,1.0,2.0,2.0,3.0,7.0,3.0,7.0,4.0,2.0,
NOR,86181154,8,3.0193236714975846,69.0,9.667115340069156,7.812561193548557,11.448143580321235,True,1.8545541465205986,1.7810282402520787,3.0193236714975846,8.0,2.34375,4.0,2.0434782608695654,3.111111111111111,0.0,1.0,3.0,1.0,6.0,7.0,8.0,8.0,5.0,5.0,
NOR,87491841,8,2.618181818181818,96.0,11.76880621382249,9.914252067301891,13.549834454074569,False,1.8545541465205986,1.7810282402520787,2.618181818181818,11.0,2.34375,3.0,2.0454545454545454,3.0,1.0,1.0,3.0,1.0,7.0,4.0,7.0,2.0,2.0,0.0,
NOR,89458517,8,2.1417004048582995,60.0,9.396584299118944,7.542030152598345,11.177612539371022,True,1.8545541465205986,1.7810282402520787,2.1417004048582995,7.0,2.0625,4.0,2.0,2.1538461538461537,1.0,1.0,1.0,0.0,2.0,5.0,2.0,7.0,4.0,2.0,
NOR,303174146,8,3.0228571428571427,60.0,10.368370827574426,8.513816681053827,12.149399067826504,True,1.8545541465205986,1.7810282402520787,3.0228571428571427,7.0,1.84375,4.0,1.4,3.4285714285714284,0.0,1.0,1.0,3.0,4.0,7.0,6.0,5.0,5.0,1.0,
NOR,352322560,8,1.75,51.0,8.991689828008228,7.13713568148763,10.772718068260307,True,1.8545541465205986,1.7810282402520787,1.75,6.0,1.5,4.0,1.1428571428571428,4.0,0.0,1.0,0.0,2.0,2.0,5.0,4.0,3.0,2.0,0.0,
NOR,582156464,8,2.618181818181818,87.0,10.42440208719103,8.569847940670432,12.205430327443109,True,1.8545541465205986,1.7810282402520787,2.618181818181818,10.0,2.3125,3.0,2.0,3.0,0.0,1.0,2.0,3.0,5.0,3.0,6.0,4.0,3.0,3.0,
NOR,589547720,8,4.266666666666667,69.0,11.138461652099553,9.283907505578954,12.919489892351631,False,1.8545541465205986,1.7810282402520787,4.266666666666667,8.0,2.5,3.0,2.2,3.0,0.0,1.0,1.0,1.0,4.0,2.0,3.0,1.0,0.0,0.0,
NOR,708780607,8,2.450980392156863,69.0,10.41553869915602,8.560984552635421,12.196566939408099,True,1.8545541465205986,1.7810282402520787,2.450980392156863,8.0,2.0625,3.0,2.066666666666667,2.0588235294117645,1.0,0.0,1.0,2.0,2.0,4.0,2.0,4.0,2.0,4.0,
NOR,805370964,8,2.705627705627706,78.0,10.009468082370393,8.154913935849795,11.790496322622472,True,1.8545541465205986,1.7810282402520787,2.705627705627706,9.0,2.34375,3.0,2.0,3.0,0.0,1.0,2.0,3.0,5.0,7.0,7.0,7.0,6.0,6.0,
NOR,808710144,8,2.618181818181818,60.0,9.260969590433788,7.40641544391319,11.041997830685867,True,1.8545541465205986,1.7810282402520787,2.618181818181818,7.0,2.3125,3.0,2.0,3.0,0.0,1.0,1.0,3.0,3.0,4.0,1.0,1.0,1.0,1.0,
NOR,858980266,8,2.5303643724696356,69.0,10.204648065434435,8.350093918913837,11.985676305686514,True,1.8545541465205986,1.7810282402520787,2.5303643724696356,8.0,2.1875,3.0,2.3846153846153846,2.0526315789473686,0.0,0.0,2.0,3.0,2.0,9.0,5.0,5.0,5.0,1.0,
NOR,990396168,8,2.5303643724696356,60.0,9.062107614906129,7.20755346838553,10.843135855158208,True,1.8545541465205986,1.7810282402520787,2.5303643724696356,7.0,2.1875,3.0,2.0526315789473686,2.3846153846153846,0.0,1.0,1.0,2.0,1.0,7.0,4.0,5.0,4.0,2.0,
NOR,1145918813,8,2.450980392156863,78.0,10.258737089765564,8.404182943244965,12.039765330017643,True,1.8545541465205986,1.7810282402520787,2.450980392156863,9.0,2.1875,3.0,2.176470588235294,2.2,1.0,1.0,1.0,1.0,3.0,7.0,7.0,7.0,6.0,5.0,
NOR,1343250207,8,2.6825396825396823,51.0,8.576797332481076,6.722243185960478,10.357825572733155,True,1.8545541465205986,1.7810282402520787,2.6825396825396823,6.0,2.25,3.0,2.111111111111111,2.4285714285714284,1.0,1.0,1.0,1.0,3.0,3.0,2.0,2.0,1.0,1.0,
NOR,1561264128,8,2.130434782608696,60.0,8.860505493179431,7.005951346658833,10.64153373343151,True,1.8545541465205986,1.7810282402520787,2.130434782608696,7.0,1.8125,3.0,1.3478260869565217,3.0,0.0,1.0,1.0,3.0,1.0,5.0,2.0,4.0,2.0,4.0,
NOR,2852171682,8,2.5303643724696356,78.0,9.956593873969798,8.102039727449199,11.737622114221876,True,1.8545541465205986,1.7810282402520787,2.5303643724696356,9.0,2.1875,3.0,2.0526315789473686,2.3846153846153846,0.0,1.0,2.0,2.0,5.0,3.0,5.0,6.0,5.0,5.0,
NOR,2863705760,8,2.6825396825396823,87.0,12.660868654289951,10.806314507769352,14.44189689454203,False,1.8545541465205986,1.7810282402520787,2.6825396825396823,10.0,2.4375,4.0,2.5555555555555554,2.2857142857142856,0.0,1.0,0.0,3.0,4.0,4.0,7.0,3.0,4.0,0.0,
NOR,2865560268,8,2.6825396825396823,51.0,8.337164394092042,6.4826102475714436,10.11819263434412,True,1.8545541465205986,1.7810282402520787,2.6825396825396823,6.0,2.25,3.0,2.4285714285714284,2.111111111111111,0.0,0.0,1.0,4.0,3.0,4.0,2.0,2.0,1.0,0.0,
NOR,2868816120,8,2.5303643724696356,78.0,10.162590461972997,8.308036315452398,11.943618702225075,True,1.8545541465205986,1.7810282402520787,2.5303643724696356,9.0,2.1875,3.0,2.3846153846153846,2.0526315789473686,0.0,0.0,1.0,4.0,4.0,7.0,5.0,6.0,3.0,2.0,
NOR,2965093307,8,2.29004329004329,78.0,11.431124999045405,9.576570852524807,13.212153239297484,False,1.8545541465205986,1.7810282402520787,2.29004329004329,9.0,2.09375,3.0,2.272727272727273,2.0,1.0,0.0,1.0,2.0,2.0,4.0,2.0,5.0,3.0,3.0,
NOR,3433728187,8,3.0625,69.0,10.041189577060216,8.186635430539617,11.822217817312294,True,1.8545541465205986,1.7810282402520787,3.0625,8.0,2.375,3.0,2.5,2.25,1.0,0.0,3.0,2.0,5.0,1.0,2.0,0.0,0.0,0.0,
NOR,3435960576,8,3.2666666666666666,60.0,9.793892971381945,7.939338824861347,11.574921211634024,True,1.8545541465205986,1.7810282402520787,3.2666666666666666,7.0,2.25,4.0,2.1,2.5,0.0,1.0,1.0,3.0,4.0,1.0,2.0,1.0,0.0,1.0,
NOR,3993112066,8,2.705627705627706,78.0,10.72893194599374,8.874377799473141,12.509960186245818,True,1.8545541465205986,1.7810282402520787,2.705627705627706,9.0,2.34375,3.0,2.0,3.0,0.0,1.0,1.0,4.0,3.0,3.0,2.0,7.0,3.0,3.0,
NOR,3997237232,8,2.5303643724696356,78.0,10.351947351047702,8.497393204527103,12.13297559129978,True,1.8545541465205986,1.7810282402520787,2.5303643724696356,9.0,2.1875,3.0,2.3846153846153846,2.0526315789473686,0.0,0.0,2.0,4.0,3.0,4.0,4.0,5.0,4.0,4.0,
NOR,3997486080,8,2.4,60.0,8.810166902994265,6.955612756473666,10.591195143246344,True,1.8545541465205986,1.7810282402520787,2.4,7.0,2.125,3.0,2.0,2.3333333333333335,0.0,1.0,0.0,3.0,2.0,1.0,3.0,1.0,0.0,0.0,
NOR,4042324986,8,1.9090909090909092,51.0,7.781482227822738,5.926928081302139,9.562510468074816,True,1.8545541465205986,1.7810282402520787,1.9090909090909092,6.0,1.625,3.0,2.272727272727273,1.2857142857142858,0.0,0.0,3.0,3.0,6.0,6.0,7.0,7.0,5.0,5.0,
NOR,4043001920,8,2.6825396825396823,87.0,10.755359437995173,8.900805291474574,12.536387678247252,True,1.8545541465205986,1.7810282402520787,2.6825396825396823,10.0,2.25,3.0,2.111111111111111,2.4285714285714284,0.0,1.0,1.0,2.0,4.0,4.0,5.0,4.0,3.0,1.0,
NOR,4092719953,8,2.4,69.0,9.455859213914538,7.601305067393939,11.236887454166617,True,1.8545541465205986,1.7810282402520787,2.4,8.0,2.125,3.0,2.3333333333333335,2.0,1.0,0.0,2.0,3.0,3.0,2.0,3.0,2.0,2.0,1.0,
NOR,4210739776,8,2.8588235294117648,78.0,10.997750071871968,9.14319592535137,12.778778312124047,False,1.8545541465205986,1.7810282402520787,2.8588235294117648,9.0,2.375,3.0,2.466666666666667,2.2941176470588234,0.0,0.0,0.0,5.0,4.0,5.0,5.0,4.0,4.0,2.0,
NOR,4228186117,8,3.0727272727272728,60.0,8.903121456675654,7.048567310155056,10.684149696927733,True,1.8545541465205986,1.7810282402520787,3.0727272727272728,7.0,2.375,3.0,2.090909090909091,3.0,1.0,1.0,3.0,3.0,3.0,1.0,3.0,2.0,1.0,1.0,
NOR,4245006344,8,3.4048582995951415,87.0,13.044322806732023,11.189768660211424,14.825351046984101,False,1.8545541465205986,1.7810282402520787,3.4048582995951415,10.0,2.59375,4.0,2.263157894736842,3.076923076923077,0.0,1.0,1.0,4.0,3.0,4.0,5.0,6.0,4.0,3.0,
NOR,4279173381,8,2.450980392156863,69.0,8.911164137890175,7.056609991369577,10.692192378142254,True,1.8545541465205986,1.7810282402520787,2.450980392156863,8.0,2.125,3.0,2.0588235294117645,2.2,1.0,1.0,2.0,2.0,3.0,2.0,5.0,4.0,4.0,4.0,
NOR,65011,9,2.1417004048582995,60.0,8.752123591397984,6.897569444877385,10.533151831650063,True,1.8545541465205986,1.7810282402520787,2.1417004048582995,7.0,1.78125,4.0,1.368421052631579,2.3846153846153846,1.0,1.0,2.0,2.0,4.0,4.0,6.0,4.0,5.0,4.0,
NOR,1131741,9,2.618181818181818,60.0,9.682668204861834,7.828114058341235,11.463696445113913,True,1.8545541465205986,1.7810282402520787,2.618181818181818,7.0,2.3125,3.0,2.0,3.0,1.0,1.0,2.0,1.0,4.0,1.0,0.0,3.0,1.0,0.0,
NOR,1707793,9,4.06280193236715,87.0,12.610656077080453,10.756101930559854,14.391684317332532,False,1.8545541465205986,1.7810282402520787,4.06280193236715,10.0,2.59375,4.0,2.217391304347826,3.5555555555555554,1.0,1.0,3.0,0.0,6.0,4.0,4.0,4.0,4.0,1.0,
NOR,19006733,9,3.5208333333333335,96.0,14.979461043005557,13.124906896484958,16.760489283257634,False,1.8545541465205986,1.7810282402520787,3.5208333333333335,11.0,2.4375,4.0,2.0833333333333335,3.5,1.0,1.0,3.0,0.0,4.0,2.0,5.0,5.0,5.0,0.0,
NOR,44730538,9,2.29004329004329,60.0,10.505268309395616,8.650714162875017,12.286296549647695,True,1.8545541465205986,1.7810282402520787,2.29004329004329,7.0,1.78125,4.0,1.4761904761904763,2.3636363636363638,0.0,1.0,1.0,2.0,1.0,7.0,2.0,4.0,2.0,3.0,
NOR,85263871,9,2.450980392156863,69.0,9.515206623196422,7.660652476675823,11.2962348634485,True,1.8545541465205986,1.7810282402520787,2.450980392156863,8.0,2.0625,3.0,2.0588235294117645,2.066666666666667,1.0,1.0,0.0,0.0,3.0,6.0,3.0,8.0,3.0,3.0,
NOR,143133871,9,2.705627705627706,96.0,11.230482786032958,9.37592863951236,13.011511026285037,True,1.8545541465205986,1.7810282402520787,2.705627705627706,11.0,2.34375,3.0,2.0,3.0,1.0,1.0,3.0,2.0,5.0,3.0,6.0,3.0,3.0,3.0,
NOR,217843788,9,2.816666666666667,78.0,10.85268888884984,8.998134742329242,12.63371712910192,True,1.8545541465205986,1.7810282402520787,2.816666666666667,9.0,2.4375,3.0,2.1,3.0,0.0,1.0,1.0,2.0,2.0,5.0,5.0,3.0,2.0,1.0,
NOR,218631449,9,3.0727272727272728,69.0,10.048562635936078,8.194008489415479,11.829590876188156,True,1.8545541465205986,1.7810282402520787,3.0727272727272728,8.0,2.46875,4.0,2.1363636363636362,3.2,1.0,1.0,3.0,2.0,5.0,3.0,6.0,1.0,1.0,0.0,
NOR,218644234,9,2.816666666666667,78.0,10.512081674512027,8.657527527991428,12.293109914764106,True,1.8545541465205986,1.7810282402520787,2.816666666666667,9.0,2.4375,3.0,2.1,3.0,0.0,1.0,2.0,2.0,3.0,7.0,5.0,4.0,2.0,1.0,
NOR,286274555,9,2.6825396825396823,87.0,11.396339037600143,9.541784891079544,13.177367277852222,True,1.8545541465205986,1.7810282402520787,2.6825396825396823,10.0,2.25,3.0,2.111111111111111,2.4285714285714284,1.0,1.0,2.0,1.0,5.0,5.0,8.0,3.0,2.0,0.0,
NOR,288559666,9,2.705627705627706,69.0,9.524925437979684,7.670371291459086,11.305953678231763,True,1.8545541465205986,1.7810282402520787,2.705627705627706,8.0,2.03125,4.0,1.4761904761904763,3.090909090909091,0.0,1.0,3.0,2.0,6.0,8.0,6.0,8.0,5.0,2.0,
NOR,572566443,9,2.5303643724696356,78.0,10.028722379875886,8.174168233355287,11.809750620127964,True,1.8545541465205986,1.7810282402520787,2.5303643724696356,9.0,2.1875,3.0,2.0526315789473686,2.3846153846153846,1.0,1.0,3.0,2.0,5.0,5.0,4.0,2.0,3.0,3.0,
NOR,576782320,9,3.0625,87.0,13.246911058701096,11.392356912180498,15.027939298953175,False,1.8545541465205986,1.7810282402520787,3.0625,10.0,2.40625,4.0,2.5,2.3125,0.0,0.0,2.0,3.0,3.0,6.0,4.0,2.0,3.0,2.0,
NOR,586035967,9,2.5303643724696356,60.0,10.06665913447794,8.212104987957341,11.847687374730018,True,1.8545541465205986,1.7810282402520787,2.5303643724696356,7.0,2.1875,3.0,2.3846153846153846,2.0526315789473686,1.0,0.0,2.0,2.0,5.0,5.0,7.0,3.0,5.0,1.0,
NOR,587080226,9,2.5303643724696356,69.0,9.13331594690189,7.278761800381291,10.914344187153969,True,1.8545541465205986,1.7810282402520787,2.5303643724696356,8.0,2.1875,3.0,2.0526315789473686,2.3846153846153846,0.0,1.0,1.0,3.0,3.0,7.0,4.0,5.0,4.0,2.0,
NOR,788872977,9,2.8588235294117648,87.0,11.60205795620821,9.747503809687611,13.383086196460289,True,1.8545541465205986,1.7810282402520787,2.8588235294117648,10.0,2.3125,3.0,2.176470588235294,2.466666666666667,1.0,1.0,2.0,1.0,5.0,5.0,5.0,4.0,3.0,3.0,
NOR,822196995,9,2.816666666666667,78.0,10.480846860298833,8.626292713778234,12.261875100550911,True,1.8545541465205986,1.7810282402520787,2.816666666666667,9.0,2.4375,3.0,2.1,3.0,1.0,1.0,2.0,1.0,3.0,3.0,4.0,2.0,2.0,2.0,
NOR,867893329,9,2.951417004048583,78.0,11.138909160116613,9.284355013596015,12.919937400368692,True,1.8545541465205986,1.7810282402520787,2.951417004048583,9.0,2.28125,4.0,2.1578947368421053,2.4615384615384617,1.0,1.0,3.0,2.0,6.0,5.0,6.0,4.0,4.0,2.0,
NOR,1057174289,9,2.6825396825396823,78.0,10.657587370870706,8.803033224350107,12.438615611122785,True,1.8545541465205986,1.7810282402520787,2.6825396825396823,9.0,2.3125,3.0,2.2222222222222223,2.4285714285714284,1.0,1.0,2.0,2.0,4.0,2.0,6.0,1.0,1.0,1.0,
NOR,1162202885,9,2.6825396825396823,78.0,10.329833748166878,8.47527960164628,12.110861988418957,True,1.8545541465205986,1.7810282402520787,2.6825396825396823,9.0,2.21875,3.0,2.0555555555555554,2.4285714285714284,1.0,1.0,2.0,2.0,2.0,3.0,4.0,1.0,3.0,2.0,
NOR,1372668097,9,3.155844155844156,78.0,11.503349880835865,9.648795734315266,13.284378121087943,True,1.8545541465205986,1.7810282402520787,3.155844155844156,9.0,2.46875,4.0,2.142857142857143,3.090909090909091,1.0,1.0,4.0,3.0,7.0,6.0,9.0,1.0,5.0,1.0,
NOR,1414845909,9,2.25,69.0,9.376236879169845,7.521682732649246,11.157265119421924,True,1.8545541465205986,1.7810282402520787,2.25,8.0,2.125,3.0,2.125,2.125,1.0,0.0,2.0,2.0,3.0,0.0,4.0,1.0,0.0,0.0,
NOR,1431326993,9,2.29004329004329,69.0,9.027290666537787,7.172736520017189,10.808318906789866,True,1.8545541465205986,1.7810282402520787,2.29004329004329,8.0,2.0,3.0,1.4761904761904763,3.0,1.0,1.0,3.0,3.0,5.0,4.0,5.0,2.0,4.0,3.0,
NOR,1439978972,9,2.450980392156863,78.0,10.302570216202671,8.448016069682073,12.08359845645475,True,1.8545541465205986,1.7810282402520787,2.450980392156863,9.0,2.1875,3.0,2.2,2.176470588235294,0.0,0.0,3.0,2.0,5.0,7.0,4.0,7.0,4.0,3.0,
NOR,1886810180,9,3.4048582995951415,87.0,13.16794565696108,11.313391510440482,14.94897389721316,False,1.8545541465205986,1.7810282402520787,3.4048582995951415,10.0,2.59375,4.0,2.263157894736842,3.076923076923077,0.0,1.0,1.0,2.0,5.0,6.0,6.0,2.0,6.0,1.0,
NOR,2709561804,9,4.16017316017316,87.0,13.237584909079342,11.383030762558743,15.01861314933142,False,1.8545541465205986,1.7810282402520787,4.16017316017316,10.0,2.8125,4.0,2.619047619047619,3.1818181818181817,0.0,1.0,2.0,4.0,3.0,2.0,3.0,7.0,3.0,4.0,
NOR,2779755776,9,4.270588235294118,87.0,13.699788969127411,11.845234822606812,15.48081720937949,False,1.8545541465205986,1.7810282402520787,4.270588235294118,10.0,2.78125,4.0,2.5294117647058822,3.066666666666667,0.0,1.0,2.0,3.0,3.0,5.0,3.0,7.0,3.0,3.0,
NOR,2863534100,9,3.75,69.0,11.944974445915625,10.090420299395026,13.726002686167703,False,1.8545541465205986,1.7810282402520787,3.75,8.0,2.625,4.0,2.6,2.6666666666666665,0.0,1.0,2.0,2.0,5.0,3.0,4.0,5.0,2.0,2.0,
NOR,2896736034,9,3.2980392156862743,96.0,12.853683036899017,10.999128890378419,14.634711277151096,False,1.8545541465205986,1.7810282402520787,3.2980392156862743,11.0,2.625,3.0,2.2941176470588234,3.0,0.0,1.0,2.0,3.0,5.0,5.0,6.0,5.0,4.0,5.0,
NOR,2979116437,9,4.0,69.0,11.788354450831122,9.933800304310523,13.5693826910832,True,1.8545541465205986,1.7810282402520787,4.0,8.0,2.5,3.0,2.5,2.5,1.0,0.0,1.0,2.0,2.0,2.0,3.0,4.0,2.0,2.0,
NOR,3216965802,9,2.2857142857142856,60.0,9.604198919043515,7.749644772522917,11.385227159295594,True,1.8545541465205986,1.7810282402520787,2.2857142857142856,7.0,2.0625,3.0,2.142857142857143,2.0,0.0,0.0,2.0,2.0,2.0,5.0,2.0,4.0,1.0,0.0,
NOR,3234070535,9,3.0,69.0,10.540624735920108,8.68607058939951,12.321652976172187,True,1.8545541465205986,1.7810282402520787,3.0,8.0,2.4375,4.0,2.0833333333333335,3.5,1.0,1.0,3.0,2.0,5.0,1.0,4.0,3.0,2.0,1.0,
NOR,3235770368,9,3.2666666666666666,69.0,10.523547627678026,8.668993481157427,12.304575867930104,True,1.8545541465205986,1.7810282402520787,3.2666666666666666,8.0,2.5,3.0,2.2,3.0,0.0,1.0,1.0,3.0,3.0,3.0,3.0,4.0,2.0,1.0,
NOR,3427109071,9,3.2980392156862743,96.0,12.931968166618795,11.077414020098196,14.712996406870873,False,1.8545541465205986,1.7810282402520787,3.2980392156862743,11.0,2.625,3.0,2.2941176470588234,3.0,1.0,1.0,2.0,1.0,3.0,1.0,5.0,4.0,4.0,4.0,
NOR,3437232304,9,3.0727272727272728,78.0,11.427026834662023,9.572472688141424,13.208055074914101,True,1.8545541465205986,1.7810282402520787,3.0727272727272728,9.0,2.40625,4.0,2.090909090909091,3.1,0.0,1.0,1.0,4.0,3.0,2.0,5.0,2.0,2.0,3.0,
NOR,4057058504,9,3.515625,87.0,14.510307532761514,12.655753386240916,16.291335773013593,False,1.8545541465205986,1.7810282402520787,3.515625,10.0,2.53125,4.0,2.5625,2.5,0.0,0.0,1.0,4.0,5.0,2.0,4.0,6.0,5.0,0.0,
NOR,4159751364,9,2.8588235294117648,78.0,10.780592492988564,8.926038346467966,12.561620733240643,True,1.8545541465205986,1.7810282402520787,2.8588235294117648,9.0,2.375,3.0,2.466666666666667,2.2941176470588234,0.0,0.0,1.0,4.0,4.0,5.0,3.0,4.0,3.0,3.0,
NOR,4261233733,9,2.5303643724696356,78.0,10.340072851273971,8.485518704753373,12.12110109152605,True,1.8545541465205986,1.7810282402520787,2.5303643724696356,9.0,2.1875,3.0,2.3846153846153846,2.0526315789473686,1.0,0.0,3.0,3.0,7.0,3.0,9.0,2.0,5.0,1.0,
NOR,4281597743,9,2.0628571428571427,60.0,12.039396879083244,10.184842732562645,13.820425119335322,False,1.8545541465205986,1.7810282402520787,2.0628571428571427,7.0,1.75,4.0,3.142857142857143,1.36,1.0,0.0,1.0,2.0,4.0,5.0,5.0,6.0,4.0,2.0,
NOR,907480,10,3.6406926406926408,78.0,12.115183215335751,10.260629068815152,13.89621145558783,True,1.8545541465205986,1.7810282402520787,3.6406926406926408,9.0,2.5625,4.0,2.1904761904761907,3.272727272727273,0.0,1.0,2.0,2.0,4.0,7.0,2.0,4.0,4.0,4.0,
NOR,6260906,10,3.2666666666666666,69.0,10.472403855822737,8.617849709302138,12.253432096074816,True,1.8545541465205986,1.7810282402520787,3.2666666666666666,8.0,2.4375,3.0,2.1,3.0,0.0,1.0,2.0,2.0,3.0,5.0,3.0,4.0,2.0,1.0,
NOR,33615554,10,3.0727272727272728,96.0,13.367102448600951,11.512548302080353,15.14813068885303,False,1.8545541465205986,1.7810282402520787,3.0727272727272728,11.0,2.46875,4.0,2.1363636363636362,3.2,0.0,1.0,1.0,3.0,5.0,7.0,8.0,2.0,4.0,2.0,
NOR,33708562,10,3.5208333333333335,87.0,12.724007262925848,10.86945311640525,14.505035503177927,True,1.8545541465205986,1.7810282402520787,3.5208333333333335,10.0,2.375,4.0,2.0,3.5,0.0,1.0,2.0,2.0,3.0,4.0,4.0,3.0,3.0,2.0,
NOR,55902528,10,3.0,87.0,11.394904488641025,9.540350342120426,13.175932728893104,True,1.8545541465205986,1.7810282402520787,3.0,10.0,2.46875,4.0,2.125,3.5,0.0,1.0,2.0,1.0,6.0,6.0,4.0,4.0,4.0,2.0,
NOR,67460352,10,3.0,87.0,12.268613314508901,10.414059167988302,14.04964155476098,True,1.8545541465205986,1.7810282402520787,3.0,10.0,2.40625,4.0,2.0416666666666665,3.5,0.0,1.0,2.0,2.0,3.0,4.0,4.0,3.0,3.0,2.0,
NOR,68462776,10,4.090909090909091,87.0,13.747222116584936,11.892667970064338,15.528250356837015,False,1.8545541465205986,1.7810282402520787,4.090909090909091,10.0,2.6875,4.0,2.3636363636363638,3.4,0.0,1.0,1.0,3.0,4.0,4.0,4.0,3.0,1.0,1.0,
NOR,89458091,10,3.8906882591093117,78.0,11.47684690376773,9.62229275724713,13.257875144019808,True,1.8545541465205986,1.7810282402520787,3.8906882591093117,9.0,2.53125,4.0,2.210526315789474,3.0,1.0,1.0,2.0,0.0,8.0,3.0,9.0,2.0,6.0,0.0,
NOR,201371477,10,3.2666666666666666,78.0,11.168107378209129,9.31355323168853,12.949135618461208,True,1.8545541465205986,1.7810282402520787,3.2666666666666666,9.0,2.4375,3.0,2.1,3.0,1.0,1.0,2.0,2.0,3.0,2.0,4.0,2.0,2.0,2.0,
NOR,218057804,10,2.640625,69.0,10.512490554170721,8.657936407650123,12.2935187944228,True,1.8545541465205986,1.7810282402520787,2.640625,8.0,2.1875,3.0,2.25,2.125,0.0,0.0,2.0,2.0,2.0,6.0,2.0,3.0,2.0,1.0,
NOR,547890605,10,3.75,60.0,10.502168882308005,8.647614735787407,12.283197122560084,True,1.8545541465205986,1.7810282402520787,3.75,7.0,2.625,3.0,2.4,3.0,1.0,1.0,3.0,1.0,3.0,3.0,3.0,0.0,0.0,0.0,
NOR,812924799,10,2.951417004048583,78.0,13.772073027831631,11.917518881311032,15.55310126808371,False,1.8545541465205986,1.7810282402520787,2.951417004048583,9.0,2.5,3.0,3.0,2.1578947368421053,1.0,0.0,1.0,1.0,2.0,7.0,5.0,5.0,5.0,1.0,
NOR,826085405,10,3.4048582995951415,87.0,12.614786118778277,10.760231972257678,14.395814359030355,True,1.8545541465205986,1.7810282402520787,3.4048582995951415,10.0,2.625,3.0,2.3684210526315788,3.0,1.0,1.0,2.0,1.0,5.0,3.0,6.0,2.0,6.0,1.0,
NOR,838873109,10,3.0,87.0,11.860702893038972,10.006148746518374,13.641731133291051,True,1.8545541465205986,1.7810282402520787,3.0,10.0,2.46875,4.0,2.125,3.5,1.0,1.0,3.0,2.0,5.0,2.0,2.0,2.0,5.0,1.0,
NOR,852260292,10,4.803921568627451,105.0,15.466387575308858,13.611833428788259,17.247415815560935,False,1.8545541465205986,1.7810282402520787,4.803921568627451,12.0,2.8125,4.0,2.588235294117647,3.066666666666667,0.0,1.0,2.0,3.0,4.0,7.0,5.0,4.0,3.0,4.0,
NOR,1156470268,10,3.111111111111111,78.0,12.879449329205457,11.024895182684858,14.660477569457536,False,1.8545541465205986,1.7810282402520787,3.111111111111111,9.0,2.4375,4.0,2.5714285714285716,2.3333333333333335,0.0,0.0,3.0,2.0,7.0,7.0,5.0,4.0,1.0,1.0,
NOR,1174423125,10,3.5636363636363635,69.0,10.669911469691844,8.815357323171245,12.450939709943922,True,1.8545541465205986,1.7810282402520787,3.5636363636363635,8.0,2.5,4.0,2.1818181818181817,3.2,1.0,1.0,3.0,2.0,3.0,3.0,2.0,2.0,1.0,0.0,
NOR,1313033795,10,4.063492063492063,69.0,11.076884917809258,9.222330771288659,12.857913158061336,True,1.8545541465205986,1.7810282402520787,4.063492063492063,8.0,2.625,3.0,2.3333333333333335,3.0,1.0,1.0,3.0,2.0,2.0,3.0,3.0,0.0,1.0,0.0,
NOR,1713522242,10,4.16017316017316,78.0,12.221492043169032,10.366937896648434,14.002520283421111,True,1.8545541465205986,1.7810282402520787,4.16017316017316,9.0,2.53125,4.0,2.238095238095238,3.090909090909091,0.0,1.0,1.0,3.0,4.0,5.0,4.0,5.0,3.0,3.0,
NOR,1998598176,10,2.618181818181818,87.0,11.414671348218032,9.560117201697434,13.195699588470111,True,1.8545541465205986,1.7810282402520787,2.618181818181818,10.0,2.3125,3.0,2.0,3.0,0.0,1.0,0.0,3.0,3.0,6.0,4.0,1.0,3.0,1.0,
NOR,2135701252,10,3.0625,69.0,11.586133463481799,9.7315793169612,13.367161703733878,True,1.8545541465205986,1.7810282402520787,3.0625,8.0,2.5,3.0,2.5,2.5,0.0,0.0,2.0,2.0,3.0,3.0,3.0,0.0,0.0,1.0,
NOR,2298137800,10,2.8588235294117648,87.0,12.294391738713703,10.439837592193104,14.075419978965781,True,1.8545541465205986,1.7810282402520787,2.8588235294117648,10.0,2.375,3.0,2.2941176470588234,2.466666666666667,0.0,1.0,0.0,4.0,5.0,5.0,9.0,5.0,5.0,0.0,
NOR,2315440011,10,3.111111111111111,87.0,11.852091697635805,9.997537551115206,13.633119937887884,True,1.8545541465205986,1.7810282402520787,3.111111111111111,10.0,2.5625,3.0,2.2222222222222223,3.0,1.0,1.0,3.0,3.0,6.0,2.0,4.0,2.0,1.0,0.0,
NOR,2734137568,10,2.8588235294117648,78.0,10.810685757992536,8.956131611471937,12.591713998244614,True,1.8545541465205986,1.7810282402520787,2.8588235294117648,9.0,2.3125,3.0,2.176470588235294,2.466666666666667,0.0,1.0,1.0,3.0,3.0,7.0,6.0,7.0,3.0,2.0,
NOR,2829586616,10,3.155844155844156,87.0,12.960030379544389,11.10547623302379,14.741058619796467,False,1.8545541465205986,1.7810282402520787,3.155844155844156,10.0,2.5,4.0,2.142857142857143,3.1818181818181817,0.0,1.0,1.0,4.0,3.0,5.0,4.0,6.0,5.0,2.0,
NOR,3019026656,10,3.0625,96.0,14.110644487154254,12.256090340633655,15.891672727406332,False,1.8545541465205986,1.7810282402520787,3.0625,11.0,2.40625,4.0,2.3125,2.5,0.0,0.0,0.0,3.0,6.0,4.0,6.0,4.0,1.0,0.0,
NOR,3103391994,10,2.640625,69.0,9.581061761374265,7.726507614853666,11.362090001626344,True,1.8545541465205986,1.7810282402520787,2.640625,8.0,2.1875,3.0,2.125,2.25,0.0,0.0,2.0,3.0,3.0,4.0,2.0,5.0,2.0,1.0,
NOR,3138056960,10,2.6825396825396823,78.0,11.134464548502436,9.279910401981837,12.915492788754515,True,1.8545541465205986,1.7810282402520787,2.6825396825396823,9.0,2.3125,3.0,2.2222222222222223,2.4285714285714284,0.0,1.0,1.0,3.0,2.0,4.0,3.0,4.0,3.0,1.0,
NOR,3368615631,10,2.951417004048583,87.0,11.827149738357857,9.972595591837258,13.608177978609936,True,1.8545541465205986,1.7810282402520787,2.951417004048583,10.0,2.34375,4.0,2.4615384615384617,2.263157894736842,1.0,0.0,3.0,4.0,5.0,3.0,5.0,3.0,5.0,1.0,
NOR,3433696938,10,2.8588235294117648,69.0,10.893490157429918,9.03893601090932,12.674518397681997,True,1.8545541465205986,1.7810282402520787,2.8588235294117648,8.0,2.375,3.0,2.2941176470588234,2.466666666666667,0.0,1.0,1.0,3.0,1.0,6.0,4.0,6.0,5.0,1.0,
NOR,3708142788,10,3.111111111111111,87.0,12.423094144797565,10.568539998276966,14.204122385049644,True,1.8545541465205986,1.7810282402520787,3.111111111111111,10.0,2.625,3.0,2.3333333333333335,3.0,0.0,1.0,2.0,3.0,4.0,3.0,4.0,5.0,3.0,2.0,
NOR,3717022724,10,2.951417004048583,87.0,11.261744729389275,9.407190582868676,13.042772969641353,True,1.8545541465205986,1.7810282402520787,2.951417004048583,10.0,2.5,3.0,2.1578947368421053,3.0,0.0,1.0,2.0,3.0,5.0,3.0,5.0,6.0,5.0,5.0,
NOR,3741900680,10,2.450980392156863,78.0,11.054727620598795,9.200173474078197,12.835755860850874,True,1.8545541465205986,1.7810282402520787,2.450980392156863,9.0,2.1875,3.0,2.2,2.176470588235294,0.0,0.0,1.0,3.0,1.0,7.0,2.0,5.0,3.0,2.0,
NOR,4044423187,10,3.0727272727272728,87.0,12.356168253798645,10.501614107278046,14.137196494050723,True,1.8545541465205986,1.7810282402520787,3.0727272727272728,10.0,2.46875,4.0,2.1818181818181817,3.1,1.0,1.0,2.0,2.0,4.0,1.0,5.0,4.0,3.0,2.0,
NOR,4092851059,10,1.7439613526570048,51.0,10.070766361992938,8.21621221547234,11.851794602245016,True,1.8545541465205986,1.7810282402520787,1.7439613526570048,6.0,1.5625,4.0,2.2222222222222223,1.3043478260869565,1.0,0.0,1.0,3.0,1.0,3.0,1.0,6.0,3.0,3.0,
NOR,4207472364,10,2.816666666666667,96.0,13.415139452443889,11.56058530592329,15.196167692695967,False,1.8545541465205986,1.7810282402520787,2.816666666666667,11.0,2.4375,3.0,3.0,2.1,0.0,0.0,1.0,4.0,3.0,4.0,7.0,3.0,2.0,1.0,
NOR,4277133536,10,2.816666666666667,87.0,12.40860479549164,10.55405064897104,14.189633035743718,True,1.8545541465205986,1.7810282402520787,2.816666666666667,10.0,2.25,4.0,2.5,2.1,0.0,0.0,1.0,4.0,4.0,2.0,3.0,1.0,1.0,3.0,
NOR,4279230469,10,3.2980392156862743,78.0,12.358048250910702,10.503494104390104,14.13907649116278,True,1.8545541465205986,1.7810282402520787,3.2980392156862743,9.0,2.40625,4.0,2.533333333333333,2.2941176470588234,1.0,0.0,3.0,3.0,5.0,3.0,3.0,2.0,3.0,3.0,
NOR,4291493056,10,2.816666666666667,78.0,11.738304969786862,9.883750823266263,13.51933321003894,True,1.8545541465205986,1.7810282402520787,2.816666666666667,9.0,2.4375,3.0,3.0,2.1,0.0,0.0,0.0,5.0,5.0,5.0,4.0,2.0,2.0,0.0,
NOR,4292345868,10,3.111111111111111,78.0,11.810040007121408,9.95548586060081,13.591068247373487,True,1.8545541465205986,1.7810282402520787,3.111111111111111,9.0,2.40625,4.0,2.2777777777777777,2.5714285714285716,0.0,1.0,1.0,3.0,5.0,3.0,6.0,4.0,3.0,2.0,
NOR,8935331,11,4.16017316017316,105.0,14.505998810303332,12.651444663782733,16.28702705055541,False,1.8545541465205986,1.7810282402520787,4.16017316017316,12.0,2.71875,4.0,2.380952380952381,3.3636363636363638,1.0,1.0,3.0,1.0,6.0,4.0,7.0,4.0,3.0,2.0,
NOR,12249838,11,3.0625,87.0,13.106183555358111,11.251629408837513,14.88721179561019,True,1.8545541465205986,1.7810282402520787,3.0625,10.0,2.40625,4.0,2.5,2.3125,0.0,0.0,2.0,3.0,4.0,6.0,8.0,3.0,4.0,2.0,
NOR,17944538,11,4.063492063492063,96.0,13.736709710326341,11.882155563805743,15.51773795057842,True,1.8545541465205986,1.7810282402520787,4.063492063492063,11.0,2.8125,4.0,2.4444444444444446,3.2857142857142856,0.0,1.0,4.0,0.0,4.0,5.0,5.0,6.0,3.0,3.0,
NOR,59704259,11,3.4048582995951415,69.0,11.335719001991244,9.481164855470645,13.116747242243322,True,1.8545541465205986,1.7810282402520787,3.4048582995951415,8.0,2.34375,4.0,2.1578947368421053,2.6153846153846154,1.0,1.0,2.0,2.0,1.0,5.0,2.0,4.0,2.0,3.0,
NOR,84938516,11,3.5217391304347827,87.0,11.507025981719694,9.652471835199096,13.288054221971773,True,1.8545541465205986,1.7810282402520787,3.5217391304347827,10.0,2.46875,4.0,2.130434782608696,3.3333333333333335,0.0,1.0,3.0,1.0,4.0,5.0,6.0,8.0,5.0,5.0,
NOR,168710226,11,4.090909090909091,87.0,13.54076708082717,11.686212934306571,15.321795321079248,True,1.8545541465205986,1.7810282402520787,4.090909090909091,10.0,2.6875,4.0,2.4545454545454546,3.2,0.0,1.0,2.0,0.0,4.0,3.0,7.0,4.0,3.0,2.0,
NOR,237913196,11,3.8906882591093117,96.0,14.72609547713111,12.871541330610512,16.507123717383188,False,1.8545541465205986,1.7810282402520787,3.8906882591093117,11.0,2.8125,4.0,2.5789473684210527,3.1538461538461537,0.0,1.0,1.0,3.0,2.0,7.0,5.0,5.0,2.0,2.0,
NOR,262145535,11,4.0,69.0,12.346438827454465,10.491884680933866,14.127467067706544,True,1.8545541465205986,1.7810282402520787,4.0,8.0,2.5,3.0,2.5,2.5,1.0,0.0,1.0,0.0,3.0,2.0,3.0,0.0,0.0,1.0,
NOR,280035242,11,3.0625,69.0,11.483384259352636,9.628830112832038,13.264412499604715,True,1.8545541465205986,1.7810282402520787,3.0625,8.0,2.4375,4.0,2.5,2.375,0.0,0.0,2.0,3.0,4.0,6.0,2.0,3.0,2.0,1.0,
NOR,301142048,11,3.0727272727272728,105.0,13.196964625327851,11.342410478807253,14.97799286557993,True,1.8545541465205986,1.7810282402520787,3.0727272727272728,12.0,2.40625,4.0,2.0454545454545454,3.2,0.0,1.0,1.0,2.0,3.0,5.0,6.0,3.0,2.0,1.0,
NOR,336859315,11,4.090909090909091,96.0,14.295633837459057,12.441079690938459,16.076662077711134,False,1.8545541465205986,1.7810282402520787,4.090909090909091,11.0,2.71875,4.0,2.4545454545454546,3.3,1.0,1.0,3.0,1.0,4.0,4.0,7.0,2.0,3.0,0.0,
NOR,453707788,11,3.0727272727272728,87.0,12.267613501707494,10.413059355186896,14.048641741959573,True,1.8545541465205986,1.7810282402520787,3.0727272727272728,10.0,2.46875,4.0,2.1363636363636362,3.2,0.0,1.0,2.0,2.0,3.0,5.0,5.0,3.0,4.0,2.0,
NOR,572752076,11,4.090909090909091,87.0,13.344652995743907,11.490098849223308,15.125681235995986,True,1.8545541465205986,1.7810282402520787,4.090909090909091,10.0,2.4375,4.0,2.090909090909091,3.2,0.0,1.0,2.0,1.0,3.0,4.0,4.0,1.0,5.0,4.0,
NOR,913716740,11,4.587301587301587,87.0,13.803434514362928,11.94888036784233,15.584462754615007,True,1.8545541465205986,1.7810282402520787,4.587301587301587,10.0,2.78125,4.0,2.5555555555555554,3.0714285714285716,0.0,1.0,1.0,2.0,6.0,5.0,8.0,2.0,3.0,0.0,
NOR,1364578777,11,3.0625,87.0,13.114206636456482,11.259652489935883,14.89523487670856,True,1.8545541465205986,1.7810282402520787,3.0625,10.0,2.3125,4.0,2.3125,2.3125,1.0,0.0,2.0,1.0,2.0,5.0,4.0,2.0,3.0,1.0,
NOR,1413763274,11,3.6406926406926408,96.0,13.786433490508166,11.931879343987568,15.567461730760245,True,1.8545541465205986,1.7810282402520787,3.6406926406926408,11.0,2.71875,4.0,2.4285714285714284,3.272727272727273,0.0,1.0,1.0,2.0,6.0,6.0,5.0,5.0,2.0,2.0,
NOR,1432289476,11,2.951417004048583,78.0,11.528785874536329,9.67423172801573,13.309814114788407,True,1.8545541465205986,1.7810282402520787,2.951417004048583,9.0,2.28125,4.0,2.1578947368421053,2.4615384615384617,0.0,1.0,2.0,2.0,3.0,7.0,6.0,6.0,5.0,4.0,
NOR,1434475917,11,3.5714285714285716,78.0,12.418653193681358,10.56409904716076,14.199681433933437,True,1.8545541465205986,1.7810282402520787,3.5714285714285716,9.0,2.5625,4.0,2.5555555555555554,2.5714285714285716,1.0,1.0,3.0,2.0,6.0,3.0,5.0,1.0,3.0,1.0,
NOR,1574786260,11,2.6825396825396823,78.0,11.388119747768647,9.533565601248048,13.169147988020725,True,1.8545541465205986,1.7810282402520787,2.6825396825396823,9.0,2.3125,3.0,2.4285714285714284,2.2222222222222223,0.0,0.0,3.0,3.0,6.0,6.0,2.0,2.0,1.0,2.0,
NOR,2292877536,11,2.705627705627706,78.0,11.481025171638626,9.626471025118027,13.262053411890705,True,1.8545541465205986,1.7810282402520787,2.705627705627706,9.0,2.4375,4.0,2.0952380952380953,3.090909090909091,0.0,1.0,0.0,4.0,3.0,5.0,7.0,4.0,5.0,1.0,
NOR,2298218524,11,3.2666666666666666,96.0,13.326929650421018,11.47237550390042,15.107957890673097,True,1.8545541465205986,1.7810282402520787,3.2666666666666666,11.0,2.53125,4.0,2.2,3.0833333333333335,0.0,1.0,2.0,3.0,3.0,4.0,5.0,4.0,3.0,2.0,
NOR,2684399940,11,3.5208333333333335,69.0,11.268082105446368,9.41352795892577,13.049110345698447,True,1.8545541465205986,1.7810282402520787,3.5208333333333335,8.0,2.4375,4.0,2.0833333333333335,3.5,0.0,1.0,2.0,2.0,4.0,1.0,3.0,3.0,0.0,1.0,
NOR,2711744593,11,4.4089068825910935,87.0,13.510288798576488,11.655734652055889,15.291317038828566,True,1.8545541465205986,1.7810282402520787,4.4089068825910935,10.0,2.71875,4.0,2.3684210526315788,3.230769230769231,1.0,1.0,3.0,2.0,7.0,3.0,6.0,4.0,4.0,2.0,
NOR,2712600580,11,3.0727272727272728,78.0,11.278850648812307,9.424296502291709,13.059878889064386,True,1.8545541465205986,1.7810282402520787,3.0727272727272728,9.0,2.46875,4.0,2.1363636363636362,3.2,0.0,1.0,2.0,2.0,5.0,3.0,7.0,6.0,3.0,2.0,
NOR,2830639409,11,3.75,78.0,12.08223266777657,10.22767852125597,13.863260908028648,True,1.8545541465205986,1.7810282402520787,3.75,9.0,2.6875,4.0,2.4,3.1666666666666665,1.0,1.0,3.0,3.0,6.0,2.0,5.0,3.0,2.0,1.0,
NOR,2868947197,11,3.768627450980392,87.0,12.42253633332719,10.567982186806592,14.20356457357927,True,1.8545541465205986,1.7810282402520787,3.768627450980392,10.0,2.84375,4.0,2.6470588235294117,3.066666666666667,1.0,1.0,3.0,4.0,4.0,5.0,6.0,4.0,5.0,1.0,
NOR,2945189141,11,3.5714285714285716,87.0,13.155401434017046,11.300847287496447,14.936429674269124,True,1.8545541465205986,1.7810282402520787,3.5714285714285716,10.0,2.78125,4.0,2.5555555555555554,3.0714285714285716,1.0,1.0,2.0,3.0,5.0,3.0,4.0,3.0,1.0,1.0,
NOR,2947190703,11,2.29004329004329,78.0,11.369592558719539,9.51503841219894,13.150620798971618,True,1.8545541465205986,1.7810282402520787,2.29004329004329,9.0,2.125,4.0,2.3636363636363638,2.0,1.0,0.0,2.0,3.0,4.0,3.0,4.0,4.0,2.0,3.0,
NOR,2965090525,11,3.5714285714285716,87.0,14.6955222647431,12.840968118222502,16.47655050499518,False,1.8545541465205986,1.7810282402520787,3.5714285714285716,10.0,2.8125,4.0,2.5714285714285716,3.0,1.0,0.0,2.0,2.0,5.0,3.0,4.0,3.0,1.0,0.0,
NOR,3137998604,11,3.111111111111111,87.0,12.47179879277024,10.617244646249642,14.252827033022319,True,1.8545541465205986,1.7810282402520787,3.111111111111111,10.0,2.625,3.0,2.3333333333333335,3.0,0.0,1.0,2.0,3.0,5.0,4.0,5.0,6.0,3.0,1.0,
NOR,3438251011,11,3.515625,87.0,11.967565340688067,10.113011194167468,13.748593580940145,True,1.8545541465205986,1.7810282402520787,3.515625,10.0,2.5,3.0,2.5,2.5,1.0,0.0,3.0,3.0,3.0,1.0,2.0,1.0,4.0,2.0,
NOR,3503341905,11,3.2666666666666666,96.0,13.038641078285917,11.184086931765318,14.819669318537995,True,1.8545541465205986,1.7810282402520787,3.2666666666666666,11.0,2.53125,4.0,2.15,3.1666666666666665,1.0,1.0,3.0,2.0,6.0,1.0,7.0,2.0,2.0,2.0,
NOR,3658613250,11,3.5217391304347827,87.0,13.024925518937788,11.17037137241719,14.805953759189867,True,1.8545541465205986,1.7810282402520787,3.5217391304347827,10.0,2.5,4.0,2.0869565217391304,3.5555555555555554,0.0,1.0,1.0,3.0,3.0,3.0,3.0,7.0,4.0,2.0,
NOR,4023329587,11,3.2666666666666666,60.0,11.481065304037745,9.626511157517147,13.262093544289824,True,1.8545541465205986,1.7810282402520787,3.2666666666666666,7.0,2.375,4.0,2.6666666666666665,2.2,1.0,0.0,1.0,2.0,3.0,2.0,4.0,3.0,2.0,2.0,
NOR,4041470191,11,3.2666666666666666,69.0,11.613094295881023,9.758540149360424,13.394122536133102,True,1.8545541465205986,1.7810282402520787,3.2666666666666666,8.0,2.375,4.0,2.5,2.3,1.0,0.0,2.0,2.0,3.0,3.0,5.0,3.0,2.0,1.0,
NOR,4174969530,11,2.816666666666667,87.0,12.345822561903097,10.491268415382498,14.126850802155175,True,1.8545541465205986,1.7810282402520787,2.816666666666667,10.0,2.28125,4.0,2.5,2.15,0.0,0.0,2.0,4.0,3.0,3.0,4.0,2.0,4.0,3.0,
NOR,4197582861,11,4.4089068825910935,105.0,14.901973151664556,13.047419005143958,16.683001391916633,False,1.8545541465205986,1.7810282402520787,4.4089068825910935,12.0,2.875,4.0,2.5789473684210527,3.3076923076923075,1.0,1.0,4.0,3.0,5.0,3.0,5.0,4.0,4.0,1.0,
NOR,4278190298,11,4.4089068825910935,69.0,11.452523098047685,9.597968951527086,13.233551338299764,True,1.8545541465205986,1.7810282402520787,4.4089068825910935,8.0,2.4375,4.0,2.210526315789474,2.769230769230769,0.0,1.0,2.0,5.0,5.0,7.0,3.0,6.0,3.0,4.0,
NOR,4285833762,11,3.2980392156862743,87.0,13.226551294091788,11.37199714757119,15.007579534343867,True,1.8545541465205986,1.7810282402520787,3.2980392156862743,10.0,2.5625,4.0,2.6,2.5294117647058822,0.0,0.0,1.0,4.0,5.0,4.0,3.0,6.0,4.0,2.0,
NOR,4289261832,11,3.2980392156862743,87.0,12.810715742786112,10.956161596265513,14.59174398303819,True,1.8545541465205986,1.7810282402520787,3.2980392156862743,10.0,2.5,4.0,2.6666666666666665,2.3529411764705883,0.0,0.0,1.0,5.0,3.0,4.0,6.0,4.0,3.0,4.0,
AND_OR_NOT,2863311530,0,1.0,1.0,1.0,1.0,1.0,True,1.3955662915093043,1.0443074223722117,1.0,2.0,1.0,1.0,1.0,1.0,0.0,0.0,1.0,1.0,0.0,0.0,0.0,0.0,0.0,0.0,1.0
AND_OR_NOT,3435973836,0,1.0,1.0,1.0,1.0,1.0,True,1.3955662915093043,1.0443074223722117,1.0,2.0,1.0,1.0,1.0,1.0,0.0,0.0,1.0,1.0,0.0,0.0,0.0,0.0,0.0,0.0,1.0
AND_OR_NOT,4042322160,0,1.0,1.0,1.0,1.0,1.0,True,1.3955662915093043,1.0443074223722117,1.0,2.0,1.0,1.0,1.0,1.0,0.0,0.0,1.0,1.0,0.0,0.0,0.0,0.0,0.0,0.0,1.0
AND_OR_NOT,4278255360,0,1.0,1.0,1.0,1.0,1.0,True,1.3955662915093043,1.0443074223722117,1.0,2.0,1.0,1.0,1.0,1.0,0.0,0.0,1.0,1.0,0.0,0.0,0.0,0.0,0.0,0.0,1.0
AND_OR_NOT,4294901760,0,1.0,1.0,1.0,1.0,1.0,True,1.3955662915093043,1.0443074223722117,1.0,2.0,1.0,1.0,1.0,1.0,0.0,0.0,1.0,1.0,0.0,0.0,0.0,0.0,0.0,0.0,1.0
AND_OR_NOT,65535,1,1.0,2.0,1.9164014419402817,1.0,2.0,True,1.3955662915093043,1.0443074223722117,1.0,2.0,1.0,1.0,1.0,1.0,1.0,0.0,1.0,0.0,0.0,0.0,0.0,0.0,0.0,0.0,2.0
AND_OR_NOT,16711935,1,1.0,2.0,1.9164014419402817,1.0,2.0,True,1.3955662915093043,1.0443074223722117,1.0,2.0,1.0,1.0,1.0,1.0,1.0,0.0,1.0,0.0,0.0,0.0,0.0,0.0,0.0,0.0,2.0
AND_OR_NOT,252645135,1,1.0,2.0,1.9164014419402817,1.0,2.0,True,1.3955662915093043,1.0443074223722117,1.0,2.0,1.0,1.0,1.0,1.0,1.0,0.0,1.0,0.0,0.0,0.0,0.0,0.0,0.0,0.0,2.0
AND_OR_NOT,858993459,1,1.0,2.0,1.9164014419402817,1.0,2.0,True,1.3955662915093043,1.0443074223722117,1.0,2.0,1.0,1.0,1.0,1.0,1.0,0.0,1.0,0.0,0.0,0.0,0.0,0.0,0.0,0.0,2.0
AND_OR_NOT,1431655765,1,1.0,2.0,1.9164014419402817,1.0,2.0,True,1.3955662915093043,1.0443074223722117,1.0,2.0,1.0,1.0,1.0,1.0,1.0,0.0,1.0,0.0,0.0,0.0,0.0,0.0,0.0,0.0,2.0
AND_OR_NOT,2290649224,1,1.3333333333333333,2.0,1.9824990074048516,1.3333333333333333,2.0,True,1.3955662915093043,1.0443074223722117,1.3333333333333333,3.0,1.25,2.0,1.0,2.0,0.0,1.0,0.0,2.0,1.0,0.0,0.0,0.0,0.0,0.0,2.0
AND_OR_NOT,2694881440,1,1.3333333333333333,2.0,1.9824990074048516,1.3333333333333333,2.0,True,1.3955662915093043,1.0443074223722117,1.3333333333333333,3.0,1.25,2.0,1.0,2.0,0.0,1.0,0.0,2.0,1.0,0.0,0.0,0.0,0.0,0.0,2.0
AND_OR_NOT,2852170240,1,1.3333333333333333,2.0,1.9824990074048516,1.3333333333333333,2.0,True,1.3955662915093043,1.0443074223722117,1.3333333333333333,3.0,1.25,2.0,1.0,2.0,0.0,1.0,0.0,2.0,1.0,0.0,0.0,0.0,0.0,0.0,2.0
AND_OR_NOT,2863267840,1,1.3333333333333333,2.0,1.9824990074048516,1.3333333333333333,2.0,True,1.3955662915093043,1.0443074223722117,1.3333333333333333,3.0,1.25,2.0,1.0,2.0,0.0,1.0,0.0,2.0,1.0,0.0,0.0,0.0,0.0,0.0,2.0
AND_OR_NOT,3233857728,1,1.3333333333333333,2.0,1.9824990074048516,1.3333333333333333,2.0,True,1.3955662915093043,1.0443074223722117,1.3333333333333333,3.0,1.25,2.0,1.0,2.0,0.0,1.0,0.0,2.0,1.0,0.0,0.0,0.0,0.0,0.0,2.0
AND_OR_NOT,3422604288,1,1.3333333333333333,2.0,1.9824990074048516,1.3333333333333333,2.0,True,1.3955662915093043,1.0443074223722117,1.3333333333333333,3.0,1.25,2.0,1.0,2.0,0.0,1.0,0.0,2.0,1.0,0.0,0.0,0.0,0.0,0.0,2.0
AND_OR_NOT,3435921408,1,1.3333333333333333,2.0,1.9824990074048516,1.3333333333333333,2.0,True,1.3955662915093043,1.0443074223722117,1.3333333333333333,3.0,1.25,2.0,1.0,2.0,0.0,1.0,0.0,2.0,1.0,0.0,0.0,0.0,0.0,0.0,2.0
AND_OR_NOT,4008636142,1,1.3333333333333333,2.0,1.9949202480535653,1.3333333333333333,2.0,True,1.3955662915093043,1.0443074223722117,1.3333333333333333,3.0,1.25,2.0,2.0,1.0,0.0,0.0,2.0,2.0,1.0,1.0,0.0,0.0,0.0,0.0,2.0
AND_OR_NOT,4026593280,1,1.3333333333333333,2.0,1.9824990074048516,1.3333333333333333,2.0,True,1.3955662915093043,1.0443074223722117,1.3333333333333333,3.0,1.25,2.0,1.0,2.0,0.0,1.0,0.0,2.0,1.0,0.0,0.0,0.0,0.0,0.0,2.0
AND_OR_NOT,4042260480,1,1.3333333333333333,2.0,1.9824990074048516,1.3333333333333333,2.0,True,1.3955662915093043,1.0443074223722117,1.3333333333333333,3.0,1.25,2.0,1.0,2.0,0.0,1.0,0.0,2.0,1.0,0.0,0.0,0.0,0.0,0.0,2.0
AND_OR_NOT,4210752250,1,1.3333333333333333,2.0,1.9949202480535653,1.3333333333333333,2.0,True,1.3955662915093043,1.0443074223722117,1.3333333333333333,3.0,1.25,2.0,2.0,1.0,0.0,0.0,2.0,2.0,1.0,1.0,0.0,0.0,0.0,0.0,2.0
AND_OR_NOT,4244438268,1,1.3333333333333333,2.0,1.9949202480535653,1.3333333333333333,2.0,True,1.3955662915093043,1.0443074223722117,1.3333333333333333,3.0,1.25,2.0,2.0,1.0,0.0,0.0,2.0,2.0,1.0,1.0,0.0,0.0,0.0,0.0,2.0
AND_OR_NOT,4278190080,1,1.3333333333333333,2.0,1.9824990074048516,1.3333333333333333,2.0,True,1.3955662915093043,1.0443074223722117,1.3333333333333333,3.0,1.25,2.0,1.0,2.0,0.0,1.0,0.0,2.0,1.0,0.0,0.0,0.0,0.0,0.0,2.0
AND_OR_NOT,4289396650,1,1.3333333333333333,2.0,1.9949202480535653,1.3333333333333333,2.0,True,1.3955662915093043,1.0443074223722117,1.3333333333333333,3.0,1.25,2.0,2.0,1.0,0.0,0.0,2.0,2.0,1.0,1.0,0.0,0.0,0.0,0.0,2.0
AND_OR_NOT,4291624908,1,1.3333333333333333,2.0,1.9949202480535653,1.3333333333333333,2.0,True,1.3955662915093043,1.0443074223722117,1.3333333333333333,3.0,1.25,2.0,2.0,1.0,0.0,0.0,2.0,2.0,1.0,1.0,0.0,0.0,0.0,0.0,2.0
AND_OR_NOT,4293984240,1,1.3333333333333333,2.0,1.9949202480535653,1.3333333333333333,2.0,True,1.3955662915093043,1.0443074223722117,1.3333333333333333,3.0,1.25,2.0,2.0,1.0,0.0,0.0,2.0,2.0,1.0,1.0,0.0,0.0,0.0,0.0,2.0
AND_OR_NOT,4294945450,1,1.3333333333333333,2.0,1.9949202480535653,1.3333333333333333,2.0,True,1.3955662915093043,1.0443074223722117,1.3333333333333333,3.0,1.25,2.0,2.0,1.0,0.0,0.0,2.0,2.0,1.0,1.0,0.0,0.0,0.0,0.0,2.0
AND_OR_NOT,4294954188,1,1.3333333333333333,2.0,1.9949202480535653,1.3333333333333333,2.0,True,1.3955662915093043,1.0443074223722117,1.3333333333333333,3.0,1.25,2.0,2.0,1.0,0.0,0.0,2.0,2.0,1.0,1.0,0.0,0.0,0.0,0.0,2.0
AND_OR_NOT,4294963440,1,1.3333333333333333,2.0,1.9949202480535653,1.3333333333333333,2.0,True,1.3955662915093043,1.0443074223722117,1.3333333333333333,3.0,1.25,2.0,2.0,1.0,0.0,0.0,2.0,2.0,1.0,1.0,0.0,0.0,0.0,0.0,2.0
AND_OR_NOT,4294967040,1,1.3333333333333333,2.0,1.9949202480535653,1.3333333333333333,2.0,True,1.3955662915093043,1.0443074223722117,1.3333333333333333,3.0,1.25,2.0,2.0,1.0,0.0,0.0,2.0,2.0,1.0,1.0,0.0,0.0,0.0,0.0,2.0
AND_OR_NOT,0,2,0.0,3.0,2.4869063224802517,1.0913400309709473,3.0,True,1.3955662915093043,1.0443074223722117,0.0,1.0,0.0,0.0,0.0,0.0,0.0,1.0,0.0,0.0,0.0,0.0,0.0,0.0,0.0,0.0,3.0
AND_OR_NOT,13369548,2,1.3333333333333333,3.0,2.9010022067673287,1.5054359152580243,3.0,True,1.3955662915093043,1.0443074223722117,1.3333333333333333,3.0,1.25,2.0,1.0,2.0,0.0,1.0,1.0,1.0,1.0,1.0,0.0,0.0,0.0,0.0,3.0
AND_OR_NOT,15728880,2,1.3333333333333333,3.0,2.9010022067673287,1.5054359152580243,3.0,True,1.3955662915093043,1.0443074223722117,1.3333333333333333,3.0,1.25,2.0,1.0,2.0,0.0,1.0,1.0,1.0,1.0,1.0,0.0,0.0,0.0,0.0,3.0
AND_OR_NOT,84215045,2,1.3333333333333333,3.0,2.9658603132458827,1.5702940217365784,3.0,True,1.3955662915093043,1.0443074223722117,1.3333333333333333,3.0,1.25,2.0,1.0,2.0,1.0,1.0,2.0,0.0,1.0,0.0,0.0,0.0,0.0,0.0,3.0
AND_OR_NOT,168430090,2,1.3333333333333333,3.0,2.9010022067673287,1.5054359152580243,3.0,True,1.3955662915093043,1.0443074223722117,1.3333333333333333,3.0,1.25,2.0,1.0,2.0,0.0,1.0,1.0,1.0,1.0,1.0,0.0,0.0,0.0,0.0,3.0
AND_OR_NOT,252641280,2,1.3333333333333333,3.0,2.9010022067673287,1.5054359152580243,3.0,True,1.3955662915093043,1.0443074223722117,1.3333333333333333,3.0,1.25,2.0,1.0,2.0,0.0,1.0,1.0,1.0,1.0,1.0,0.0,0.0,0.0,0.0,3.0
AND_OR_NOT,252706815,2,1.3333333333333333,3.0,3.0,1.6044337084906957,3.0,True,1.3955662915093043,1.0443074223722117,1.3333333333333333,3.0,1.25,2.0,2.0,1.0,1.0,0.0,0.0,0.0,1.0,1.0,0.0,0.0,0.0,0.0,3.0
AND_OR_NOT,268374015,2,1.3333333333333333,3.0,3.0,1.6044337084906957,3.0,True,1.3955662915093043,1.0443074223722117,1.3333333333333333,3.0,1.25,2.0,2.0,1.0,1.0,0.0,0.0,0.0,1.0,1.0,0.0,0.0,0.0,0.0,3.0
AND_OR_NOT,286331153,2,1.3333333333333333,3.0,2.9658603132458827,1.5702940217365784,3.0,True,1.3955662915093043,1.0443074223722117,1.3333333333333333,3.0,1.25,2.0,1.0,2.0,1.0,1.0,2.0,0.0,1.0,0.0,0.0,0.0,0.0,0.0,3.0
AND_OR_NOT,572662306,2,1.3333333333333333,3.0,2.9010022067673287,1.5054359152580243,3.0,True,1.3955662915093043,1.0443074223722117,1.3333333333333333,3.0,1.25,2.0,1.0,2.0,0.0,1.0,1.0,1.0,1.0,1.0,0.0,0.0,0.0,0.0,3.0
AND_OR_NOT,855651072,2,1.3333333333333333,3.0,2.9010022067673287,1.5054359152580243,3.0,True,1.3955662915093043,1.0443074223722117,1.3333333333333333,3.0,1.25,2.0,1.0,2.0,0.0,1.0,1.0,1.0,1.0,1.0,0.0,0.0,0.0,0.0,3.0
AND_OR_NOT,2004318071,2,1.3333333333333333,3.0,3.0,1.6044337084906957,3.0,True,1.3955662915093043,1.0443074223722117,1.3333333333333333,3.0,1.25,2.0,2.0,1.0,1.0,0.0,0.0,0.0,1.0,1.0,0.0,0.0,0.0,0.0,3.0
AND_OR_NOT,2281736192,2,1.2857142857142858,3.0,2.9423400317446733,1.546773740235369,3.0,True,1.3955662915093043,1.0443074223722117,1.2857142857142858,4.0,1.25,3.0,1.0,3.0,0.0,1.0,0.0,3.0,0.0,0.0,1.0,1.0,0.0,0.0,3.0
AND_OR_NOT,2861083272,2,1.6666666666666667,3.0,3.0,1.6666666666666667,3.0,True,1.3955662915093043,1.0443074223722117,1.6666666666666667,4.0,1.5,2.0,1.2,2.0,0.0,1.0,0.0,3.0,2.0,1.0,1.0,0.0,0.0,0.0,3.0
AND_OR_NOT,2862656160,2,1.6666666666666667,3.0,3.0,1.6666666666666667,3.0,True,1.3955662915093043,1.0443074223722117,1.6666666666666667,4.0,1.5,2.0,1.2,2.0,0.0,1.0,0.0,3.0,2.0,1.0,1.0,0.0,0.0,0.0,3.0
AND_OR_NOT,2868882175,2,1.3333333333333333,3.0,2.917169466086979,1.5216031745776748,3.0,True,1.3955662915093043,1.0443074223722117,1.3333333333333333,3.0,1.25,2.0,2.0,1.0,1.0,0.0,1.0,1.0,1.0,0.0,0.0,0.0,0.0,0.0,3.0
AND_OR_NOT,2947526575,2,1.3333333333333333,3.0,2.917169466086979,1.5216031745776748,3.0,True,1.3955662915093043,1.0443074223722117,1.3333333333333333,3.0,1.25,2.0,2.0,1.0,1.0,0.0,1.0,1.0,1.0,0.0,0.0,0.0,0.0,0.0,3.0
AND_OR_NOT,3233808384,2,1.2857142857142858,3.0,2.9423400317446733,1.546773740235369,3.0,True,1.3955662915093043,1.0443074223722117,1.2857142857142858,4.0,1.25,3.0,1.0,3.0,0.0,1.0,0.0,3.0,0.0,0.0,1.0,1.0,0.0,0.0,3.0
AND_OR_NOT,3368601800,2,1.6666666666666667,3.0,3.0,1.6666666666666667,3.0,True,1.3955662915093043,1.0443074223722117,1.6666666666666667,4.0,1.5,2.0,1.2,2.0,0.0,1.0,0.0,3.0,2.0,1.0,1.0,0.0,0.0,0.0,3.0
AND_OR_NOT,3435956360,2,1.6666666666666667,3.0,3.0,1.6666666666666667,3.0,True,1.3955662915093043,1.0443074223722117,1.6666666666666667,4.0,1.5,2.0,1.2,2.0,0.0,1.0,0.0,3.0,2.0,1.0,1.0,0.0,0.0,0.0,3.0
AND_OR_NOT,3722304989,2,1.3333333333333333,3.0,2.917169466086979,1.5216031745776748,3.0,True,1.3955662915093043,1.0443074223722117,1.3333333333333333,3.0,1.25,2.0,2.0,1.0,1.0,0.0,1.0,1.0,1.0,0.0,0.0,0.0,0.0,0.0,3.0
AND_OR_NOT,3772834016,2,1.6666666666666667,3.0,3.0,1.6666666666666667,3.0,True,1.3955662915093043,1.0443074223722117,1.6666666666666667,4.0,1.5,2.0,1.2,2.0,0.0,1.0,0.0,3.0,2.0,1.0,1.0,0.0,0.0,0.0,3.0
AND_OR_NOT,3993038336,2,1.6666666666666667,3.0,3.0,1.6666666666666667,3.0,True,1.3955662915093043,1.0443074223722117,1.6666666666666667,4.0,1.5,2.0,1.2,2.0,0.0,1.0,0.0,3.0,2.0,1.0,1.0,0.0,0.0,0.0,3.0
AND_OR_NOT,4004179626,2,1.6666666666666667,3.0,2.994468390847243,1.6666666666666667,3.0,True,1.3955662915093043,1.0443074223722117,1.6666666666666667,4.0,1.5,2.0,2.0,1.2,0.0,0.0,1.0,3.0,1.0,2.0,1.0,0.0,0.0,0.0,3.0
AND_OR_NOT,4006407884,2,1.6666666666666667,3.0,2.994468390847243,1.6666666666666667,3.0,True,1.3955662915093043,1.0443074223722117,1.6666666666666667,4.0,1.5,2.0,2.0,1.2,0.0,0.0,1.0,3.0,1.0,2.0,1.0,0.0,0.0,0.0,3.0
AND_OR_NOT,4092851187,2,1.3333333333333333,3.0,2.917169466086979,1.5216031745776748,3.0,True,1.3955662915093043,1.0443074223722117,1.3333333333333333,3.0,1.25,2.0,2.0,1.0,1.0,0.0,1.0,1.0,1.0,0.0,0.0,0.0,0.0,0.0,3.0
AND_OR_NOT,4126537205,2,1.3333333333333333,3.0,2.917169466086979,1.5216031745776748,3.0,True,1.3955662915093043,1.0443074223722117,1.3333333333333333,3.0,1.25,2.0,2.0,1.0,1.0,0.0,1.0,1.0,1.0,0.0,0.0,0.0,0.0,0.0,3.0
AND_OR_NOT,4278233600,2,1.6666666666666667,3.0,3.0,1.6666666666666667,3.0,True,1.3955662915093043,1.0443074223722117,1.6666666666666667,4.0,1.5,2.0,1.2,2.0,0.0,1.0,0.0,3.0,2.0,1.0,1.0,0.0,0.0,0.0,3.0
AND_OR_NOT,4278255615,2,1.3333333333333333,3.0,2.917169466086979,1.5216031745776748,3.0,True,1.3955662915093043,1.0443074223722117,1.3333333333333333,3.0,1.25,2.0,2.0,1.0,1.0,0.0,1.0,1.0,1.0,0.0,0.0,0.0,0.0,0.0,3.0
AND_OR_NOT,4283826005,2,1.3333333333333333,3.0,2.917169466086979,1.5216031745776748,3.0,True,1.3955662915093043,1.0443074223722117,1.3333333333333333,3.0,1.25,2.0,2.0,1.0,1.0,0.0,1.0,1.0,1.0,0.0,0.0,0.0,0.0,0.0,3.0
AND_OR_NOT,4287168392,2,1.6666666666666667,3.0,2.994468390847243,1.6666666666666667,3.0,True,1.3955662915093043,1.0443074223722117,1.6666666666666667,4.0,1.5,2.0,2.0,1.2,0.0,0.0,1.0,3.0,1.0,2.0,1.0,0.0,0.0,0.0,3.0
AND_OR_NOT,4291559424,2,1.6666666666666667,3.0,3.0,1.6666666666666667,3.0,True,1.3955662915093043,1.0443074223722117,1.6666666666666667,4.0,1.5,2.0,1.2,2.0,0.0,1.0,0.0,3.0,2.0,1.0,1.0,0.0,0.0,0.0,3.0
AND_OR_NOT,4291611852,2,1.6666666666666667,3.0,2.994468390847243,1.6666666666666667,3.0,True,1.3955662915093043,1.0443074223722117,1.6666666666666667,4.0,1.5,2.0,2.0,1.2,0.0,0.0,1.0,3.0,1.0,2.0,1.0,0.0,0.0,0.0,3.0
AND_OR_NOT,4293980400,2,1.6666666666666667,3.0,2.994468390847243,1.6666666666666667,3.0,True,1.3955662915093043,1.0443074223722117,1.6666666666666667,4.0,1.5,2.0,2.0,1.2,0.0,0.0,1.0,3.0,1.0,2.0,1.0,0.0,0.0,0.0,3.0
AND_OR_NOT,4293984000,2,1.6666666666666667,3.0,2.994468390847243,1.6666666666666667,3.0,True,1.3955662915093043,1.0443074223722117,1.6666666666666667,4.0,1.5,2.0,2.0,1.2,0.0,0.0,1.0,3.0,1.0,2.0,1.0,0.0,0.0,0.0,3.0
AND_OR_NOT,4294770684,2,1.2857142857142858,3.0,2.952086685297605,1.5565203937883005,3.0,True,1.3955662915093043,1.0443074223722117,1.2857142857142858,4.0,1.25,3.0,3.0,1.0,0.0,0.0,3.0,3.0,3.0,3.0,1.0,1.0,0.0,0.0,3.0
AND_OR_NOT,4294902015,2,1.3333333333333333,3.0,2.917169466086979,1.5216031745776748,3.0,True,1.3955662915093043,1.0443074223722117,1.3333333333333333,3.0,1.25,2.0,2.0,1.0,1.0,0.0,1.0,1.0,1.0,0.0,0.0,0.0,0.0,0.0,3.0
AND_OR_NOT,4294914867,2,1.3333333333333333,3.0,2.917169466086979,1.5216031745776748,3.0,True,1.3955662915093043,1.0443074223722117,1.3333333333333333,3.0,1.25,2.0,2.0,1.0,1.0,0.0,1.0,1.0,1.0,0.0,0.0,0.0,0.0,0.0,3.0
AND_OR_NOT,4294923605,2,1.3333333333333333,3.0,2.917169466086979,1.5216031745776748,3.0,True,1.3955662915093043,1.0443074223722117,1.3333333333333333,3.0,1.25,2.0,2.0,1.0,1.0,0.0,1.0,1.0,1.0,0.0,0.0,0.0,0.0,0.0,3.0
AND_OR_NOT,4294945280,2,1.6666666666666667,3.0,2.994468390847243,1.6666666666666667,3.0,True,1.3955662915093043,1.0443074223722117,1.6666666666666667,4.0,1.5,2.0,2.0,1.2,0.0,0.0,1.0,3.0,1.0,2.0,1.0,0.0,0.0,0.0,3.0
AND_OR_NOT,2570,3,1.2857142857142858,5.0,4.398527806736215,3.002961515226911,5.0,True,1.3955662915093043,1.0443074223722117,1.2857142857142858,4.0,1.25,3.0,1.0,3.0,0.0,1.0,1.0,1.0,2.0,2.0,1.0,1.0,0.0,0.0,5.0
AND_OR_NOT,64250,3,1.6666666666666667,4.0,3.9209273977411856,2.5253611062318813,4.0,True,1.3955662915093043,1.0443074223722117,1.6666666666666667,4.0,1.5,2.0,1.2,2.0,0.0,1.0,2.0,2.0,3.0,3.0,1.0,1.0,0.0,0.0,4.0
AND_OR_NOT,64764,3,1.6666666666666667,4.0,3.9209273977411856,2.5253611062318813,4.0,True,1.3955662915093043,1.0443074223722117,1.6666666666666667,4.0,1.5,2.0,1.2,2.0,0.0,1.0,2.0,2.0,3.0,3.0,1.0,1.0,0.0,0.0,4.0
AND_OR_NOT,2228258,3,1.2857142857142858,5.0,4.398527806736215,3.002961515226911,5.0,True,1.3955662915093043,1.0443074223722117,1.2857142857142858,4.0,1.25,3.0,1.0,3.0,0.0,1.0,1.0,1.0,2.0,2.0,1.0,1.0,0.0,0.0,5.0
AND_OR_NOT,100599295,3,1.6666666666666667,4.0,3.9657556875092723,2.570189395999968,4.0,True,1.3955662915093043,1.0443074223722117,1.6666666666666667,4.0,1.5,2.0,2.0,1.2,1.0,0.0,0.0,0.0,2.0,2.0,1.0,1.0,0.0,0.0,4.0
AND_OR_NOT,288559411,3,1.6666666666666667,4.0,4.0,2.6044337084906957,4.0,True,1.3955662915093043,1.0443074223722117,1.6666666666666667,4.0,1.5,2.0,1.2,2.0,1.0,1.0,1.0,0.0,1.0,1.0,1.0,1.0,0.0,0.0,4.0
AND_OR_NOT,320017171,3,1.6666666666666667,4.0,4.0,2.6044337084906957,4.0,True,1.3955662915093043,1.0443074223722117,1.6666666666666667,4.0,1.5,2.0,1.2,2.0,1.0,1.0,1.0,0.0,1.0,1.0,1.0,1.0,0.0,0.0,4.0
AND_OR_NOT,859779903,3,1.6666666666666667,4.0,3.9657556875092723,2.570189395999968,4.0,True,1.3955662915093043,1.0443074223722117,1.6666666666666667,4.0,1.5,2.0,2.0,1.2,1.0,0.0,0.0,0.0,2.0,2.0,1.0,1.0,0.0,0.0,4.0
AND_OR_NOT,1061093376,3,1.6666666666666667,5.0,4.46567884890429,3.0701125573949852,5.0,True,1.3955662915093043,1.0443074223722117,1.6666666666666667,4.0,1.5,2.0,1.2,2.0,0.0,1.0,1.0,1.0,0.0,3.0,1.0,0.0,0.0,0.0,5.0
AND_OR_NOT,1061158911,3,1.2857142857142858,4.0,3.7779210099561285,2.382354718446824,4.0,True,1.3955662915093043,1.0443074223722117,1.2857142857142858,4.0,1.25,3.0,3.0,1.0,1.0,0.0,0.0,0.0,0.0,3.0,1.0,0.0,0.0,0.0,4.0
AND_OR_NOT,1357926640,3,1.6666666666666667,5.0,4.46567884890429,3.0701125573949852,5.0,True,1.3955662915093043,1.0443074223722117,1.6666666666666667,4.0,1.5,2.0,1.2,2.0,0.0,1.0,1.0,1.0,0.0,3.0,1.0,0.0,0.0,0.0,5.0
AND_OR_NOT,2004287488,3,1.6666666666666667,5.0,4.46567884890429,3.0701125573949852,5.0,True,1.3955662915093043,1.0443074223722117,1.6666666666666667,4.0,1.5,2.0,1.2,2.0,0.0,1.0,1.0,1.0,0.0,3.0,1.0,0.0,0.0,0.0,5.0
AND_OR_NOT,2408550287,3,1.6666666666666667,4.0,3.8975351141080496,2.5019688225987453,4.0,True,1.3955662915093043,1.0443074223722117,1.6666666666666667,4.0,1.5,2.0,2.0,1.2,1.0,0.0,1.0,2.0,0.0,0.0,1.0,1.0,0.0,0.0,4.0
AND_OR_NOT,2684354560,3,1.0666666666666667,4.0,3.87068267230163,2.4751163807923255,4.0,True,1.3955662915093043,1.0443074223722117,1.0666666666666667,5.0,1.1875,4.0,1.0,4.0,0.0,1.0,0.0,4.0,0.0,0.0,0.0,4.0,1.0,0.0,4.0
AND_OR_NOT,2695536810,3,1.6666666666666667,4.0,4.0,2.6044337084906957,4.0,True,1.3955662915093043,1.0443074223722117,1.6666666666666667,4.0,1.5,2.0,1.2,2.0,0.0,1.0,1.0,2.0,1.0,1.0,1.0,1.0,0.0,0.0,4.0
AND_OR_NOT,2863639215,3,1.6666666666666667,5.0,4.617078381789427,3.2215120902801226,5.0,True,1.3955662915093043,1.0443074223722117,1.6666666666666667,4.0,1.5,2.0,2.0,1.2,1.0,0.0,2.0,1.0,3.0,0.0,1.0,0.0,0.0,0.0,5.0
AND_OR_NOT,3149607731,3,1.6666666666666667,4.0,3.8975351141080496,2.5019688225987453,4.0,True,1.3955662915093043,1.0443074223722117,1.6666666666666667,4.0,1.5,2.0,2.0,1.2,1.0,0.0,1.0,2.0,0.0,0.0,1.0,1.0,0.0,0.0,4.0
AND_OR_NOT,3435956224,3,1.8181818181818181,5.0,4.358205308830366,2.9626390173210613,5.0,True,1.3955662915093043,1.0443074223722117,1.8181818181818181,5.0,1.5625,3.0,1.2727272727272727,2.2,0.0,1.0,0.0,4.0,1.0,2.0,1.0,1.0,1.0,1.0,5.0
AND_OR_NOT,3435972808,3,1.5873015873015872,4.0,3.92565638259208,2.5300900910827755,4.0,True,1.3955662915093043,1.0443074223722117,1.5873015873015872,5.0,1.5625,3.0,1.2222222222222223,2.0,0.0,1.0,0.0,4.0,3.0,3.0,3.0,1.0,1.0,0.0,4.0
AND_OR_NOT,3435973768,3,1.5873015873015872,4.0,3.92565638259208,2.5300900910827755,4.0,True,1.3955662915093043,1.0443074223722117,1.5873015873015872,5.0,1.5625,3.0,1.2222222222222223,2.0,0.0,1.0,0.0,4.0,3.0,3.0,3.0,1.0,1.0,0.0,4.0
AND_OR_NOT,3768639648,3,1.8181818181818181,5.0,4.358205308830366,2.9626390173210613,5.0,True,1.3955662915093043,1.0443074223722117,1.8181818181818181,5.0,1.5625,3.0,1.2727272727272727,2.2,0.0,1.0,0.0,4.0,1.0,2.0,1.0,1.0,1.0,1.0,5.0
AND_OR_NOT,4007718624,3,2.2857142857142856,4.0,3.85827907766583,2.4627127861565254,4.0,True,1.3955662915093043,1.0443074223722117,2.2857142857142856,7.0,2.0,2.0,2.0,2.0,0.0,0.0,0.0,4.0,4.0,2.0,4.0,0.0,1.0,0.0,4.0
AND_OR_NOT,4042318048,3,1.5873015873015872,4.0,3.92565638259208,2.5300900910827755,4.0,True,1.3955662915093043,1.0443074223722117,1.5873015873015872,5.0,1.5625,3.0,1.2222222222222223,2.0,0.0,1.0,0.0,4.0,3.0,3.0,3.0,1.0,1.0,0.0,4.0
AND_OR_NOT,4127192575,3,1.2857142857142858,5.0,4.402909427291982,3.007343135782678,5.0,True,1.3955662915093043,1.0443074223722117,1.2857142857142858,4.0,1.25,3.0,3.0,1.0,1.0,0.0,0.0,1.0,1.0,1.0,1.0,1.0,0.0,0.0,5.0
AND_OR_NOT,4177064176,3,1.5873015873015872,4.0,3.9378467163262973,2.542280424816993,4.0,True,1.3955662915093043,1.0443074223722117,1.5873015873015872,5.0,1.5625,3.0,2.0,1.2222222222222223,0.0,0.0,1.0,4.0,0.0,3.0,1.0,1.0,1.0,1.0,4.0
AND_OR_NOT,4244438220,3,1.8181818181818181,5.0,4.213080888188271,2.8175145966789668,5.0,True,1.3955662915093043,1.0443074223722117,1.8181818181818181,5.0,1.5625,3.0,2.2,1.2727272727272727,0.0,0.0,1.0,4.0,2.0,4.0,3.0,1.0,1.0,0.0,5.0
AND_OR_NOT,4278211840,3,1.6666666666666667,4.0,4.0,2.6044337084906957,4.0,True,1.3955662915093043,1.0443074223722117,1.6666666666666667,4.0,1.5,2.0,1.2,2.0,0.0,1.0,1.0,2.0,1.0,1.0,1.0,1.0,0.0,0.0,4.0
AND_OR_NOT,4278255530,3,1.6666666666666667,4.0,3.895540604161863,2.499974312652559,4.0,True,1.3955662915093043,1.0443074223722117,1.6666666666666667,4.0,1.5,2.0,2.0,1.2,0.0,0.0,2.0,2.0,2.0,2.0,1.0,1.0,0.0,0.0,4.0
AND_OR_NOT,4283760640,3,1.6666666666666667,4.0,4.0,2.6044337084906957,4.0,True,1.3955662915093043,1.0443074223722117,1.6666666666666667,4.0,1.5,2.0,1.2,2.0,0.0,1.0,1.0,2.0,1.0,1.0,1.0,1.0,0.0,0.0,4.0
AND_OR_NOT,4283826175,3,1.2857142857142858,5.0,4.402909427291982,3.007343135782678,5.0,True,1.3955662915093043,1.0443074223722117,1.2857142857142858,4.0,1.25,3.0,3.0,1.0,1.0,0.0,0.0,1.0,1.0,1.0,1.0,1.0,0.0,0.0,5.0
AND_OR_NOT,4289396735,3,1.2857142857142858,4.0,3.913023051518757,2.517456760009453,4.0,True,1.3955662915093043,1.0443074223722117,1.2857142857142858,4.0,1.25,3.0,3.0,1.0,1.0,0.0,1.0,2.0,2.0,1.0,1.0,0.0,0.0,0.0,4.0
AND_OR_NOT,4292935648,3,1.8181818181818181,5.0,4.213080888188271,2.8175145966789668,5.0,True,1.3955662915093043,1.0443074223722117,1.8181818181818181,5.0,1.5625,3.0,2.2,1.2727272727272727,0.0,0.0,1.0,4.0,2.0,4.0,3.0,1.0,1.0,0.0,5.0
AND_OR_NOT,4293722092,3,1.641025641025641,4.0,3.9117082202874487,2.5161419287781444,4.0,True,1.3955662915093043,1.0443074223722117,1.641025641025641,5.0,1.4375,3.0,3.0,1.0769230769230769,0.0,0.0,2.0,4.0,2.0,5.0,2.0,2.0,1.0,0.0,4.0
AND_OR_NOT,4293852928,3,1.8181818181818181,5.0,4.213080888188271,2.8175145966789668,5.0,True,1.3955662915093043,1.0443074223722117,1.8181818181818181,5.0,1.5625,3.0,2.2,1.2727272727272727,0.0,0.0,1.0,4.0,2.0,4.0,3.0,1.0,1.0,0.0,5.0
AND_OR_NOT,4294508536,3,1.641025641025641,4.0,3.9117082202874487,2.5161419287781444,4.0,True,1.3955662915093043,1.0443074223722117,1.641025641025641,5.0,1.4375,3.0,3.0,1.0769230769230769,0.0,0.0,2.0,4.0,2.0,5.0,2.0,2.0,1.0,0.0,4.0
AND_OR_NOT,4294905855,3,1.2857142857142858,5.0,4.402909427291982,3.007343135782678,5.0,True,1.3955662915093043,1.0443074223722117,1.2857142857142858,4.0,1.25,3.0,3.0,1.0,1.0,0.0,0.0,1.0,1.0,1.0,1.0,1.0,0.0,0.0,5.0
AND_OR_NOT,4294954239,3,1.2857142857142858,4.0,3.913023051518757,2.517456760009453,4.0,True,1.3955662915093043,1.0443074223722117,1.2857142857142858,4.0,1.25,3.0,3.0,1.0,1.0,0.0,1.0,2.0,2.0,1.0,1.0,0.0,0.0,0.0,4.0
AND_OR_NOT,4294962412,3,1.641025641025641,4.0,3.9117082202874487,2.5161419287781444,4.0,True,1.3955662915093043,1.0443074223722117,1.641025641025641,5.0,1.4375,3.0,3.0,1.0769230769230769,0.0,0.0,2.0,4.0,2.0,5.0,2.0,2.0,1.0,0.0,4.0
AND_OR_NOT,4294962688,3,1.8181818181818181,5.0,4.213080888188271,2.8175145966789668,5.0,True,1.3955662915093043,1.0443074223722117,1.8181818181818181,5.0,1.5625,3.0,2.2,1.2727272727272727,0.0,0.0,1.0,4.0,2.0,4.0,3.0,1.0,1.0,0.0,5.0
AND_OR_NOT,4294962858,3,1.641025641025641,4.0,3.9117082202874487,2.5161419287781444,4.0,True,1.3955662915093043,1.0443074223722117,1.641025641025641,5.0,1.4375,3.0,3.0,1.0769230769230769,0.0,0.0,2.0,4.0,2.0,5.0,2.0,2.0,1.0,0.0,4.0
AND_OR_NOT,52360,4,1.641025641025641,5.0,4.875852336486824,3.48028604497752,5.0,True,1.3955662915093043,1.0443074223722117,1.641025641025641,5.0,1.4375,3.0,1.0769230769230769,3.0,0.0,1.0,0.0,3.0,2.0,4.0,3.0,1.0,1.0,0.0,5.0
AND_OR_NOT,1114367,4,1.8181818181818181,6.0,5.08756796441247,3.6920016729031655,6.0,True,1.3955662915093043,1.0443074223722117,1.8181818181818181,5.0,1.5625,3.0,1.2727272727272727,2.2,1.0,1.0,1.0,0.0,2.0,2.0,3.0,3.0,1.0,1.0,6.0
AND_OR_NOT,3346739,4,1.8181818181818181,6.0,5.08756796441247,3.6920016729031655,6.0,True,1.3955662915093043,1.0443074223722117,1.8181818181818181,5.0,1.5625,3.0,1.2727272727272727,2.2,1.0,1.0,1.0,0.0,2.0,2.0,3.0,3.0,1.0,1.0,6.0
AND_OR_NOT,5583735,4,2.2857142857142856,5.0,4.944120470503925,3.5485541789946202,5.0,True,1.3955662915093043,1.0443074223722117,2.2857142857142856,7.0,2.0,2.0,2.0,2.0,1.0,1.0,0.0,0.0,4.0,4.0,4.0,4.0,1.0,1.0,5.0
AND_OR_NOT,16844037,4,1.641025641025641,5.0,4.866236639618146,3.4706703481088415,5.0,True,1.3955662915093043,1.0443074223722117,1.641025641025641,5.0,1.4375,3.0,1.0769230769230769,3.0,1.0,1.0,2.0,0.0,2.0,1.0,2.0,2.0,1.0,1.0,5.0
AND_OR_NOT,51318543,4,1.5873015873015872,5.0,4.79759114562523,3.4020248541159255,5.0,True,1.3955662915093043,1.0443074223722117,1.5873015873015872,5.0,1.5625,3.0,1.2222222222222223,2.0,1.0,1.0,1.0,0.0,0.0,3.0,1.0,3.0,1.0,0.0,5.0
AND_OR_NOT,83951360,4,1.8181818181818181,7.0,4.986649869047781,3.591083577538477,6.030957291419993,True,1.3955662915093043,1.0443074223722117,1.8181818181818181,5.0,1.5625,3.0,1.2727272727272727,2.2,0.0,1.0,1.0,1.0,0.0,5.0,2.0,2.0,1.0,0.0,7.0
AND_OR_NOT,84215055,4,1.8181818181818181,6.0,5.08756796441247,3.6920016729031655,6.0,True,1.3955662915093043,1.0443074223722117,1.8181818181818181,5.0,1.5625,3.0,1.2727272727272727,2.2,1.0,1.0,1.0,0.0,2.0,2.0,3.0,3.0,1.0,1.0,6.0
AND_OR_NOT,301989887,4,1.641025641025641,5.0,4.870507245927974,3.4749409544186696,5.0,True,1.3955662915093043,1.0443074223722117,1.641025641025641,5.0,1.4375,3.0,3.0,1.0769230769230769,1.0,0.0,0.0,0.0,0.0,5.0,2.0,2.0,1.0,0.0,5.0
AND_OR_NOT,335483903,4,1.8181818181818181,6.0,5.071397883175085,3.675831591665781,6.0,True,1.3955662915093043,1.0443074223722117,1.8181818181818181,5.0,1.5625,3.0,2.2,1.2727272727272727,1.0,0.0,0.0,0.0,1.0,4.0,1.0,3.0,1.0,0.0,6.0
AND_OR_NOT,572531232,4,1.641025641025641,5.0,4.875852336486824,3.48028604497752,5.0,True,1.3955662915093043,1.0443074223722117,1.641025641025641,5.0,1.4375,3.0,1.0769230769230769,3.0,0.0,1.0,0.0,3.0,2.0,4.0,3.0,1.0,1.0,0.0,5.0
AND_OR_NOT,841101858,4,1.8181818181818181,6.0,4.772128606815098,3.3765623153057938,5.81643602918731,True,1.3955662915093043,1.0443074223722117,1.8181818181818181,5.0,1.5625,3.0,1.2727272727272727,2.2,0.0,1.0,1.0,3.0,2.0,5.0,2.0,2.0,1.0,0.0,6.0
AND_OR_NOT,858993471,4,1.5873015873015872,5.0,4.7924522957746225,3.396886004265318,5.0,True,1.3955662915093043,1.0443074223722117,1.5873015873015872,5.0,1.5625,3.0,2.0,1.2222222222222223,1.0,0.0,0.0,0.0,3.0,3.0,3.0,3.0,1.0,1.0,5.0
AND_OR_NOT,859028411,4,1.6666666666666667,5.0,4.920017007620032,3.524450716110728,5.0,True,1.3955662915093043,1.0443074223722117,1.6666666666666667,4.0,1.5,2.0,2.0,1.2,1.0,0.0,1.0,1.0,1.0,2.0,1.0,0.0,0.0,0.0,5.0
AND_OR_NOT,1431686348,4,2.25,6.0,5.103995518500156,3.7084292269908516,6.0,True,1.3955662915093043,1.0443074223722117,2.25,4.0,2.0,2.0,2.0,2.0,0.0,0.0,2.0,1.0,2.0,2.0,0.0,0.0,0.0,0.0,6.0
AND_OR_NOT,1465343839,4,1.8181818181818181,6.0,5.071397883175085,3.675831591665781,6.0,True,1.3955662915093043,1.0443074223722117,1.8181818181818181,5.0,1.5625,3.0,2.2,1.2727272727272727,1.0,0.0,0.0,0.0,1.0,4.0,1.0,3.0,1.0,0.0,6.0
AND_OR_NOT,1600082000,4,2.25,6.0,5.103995518500156,3.7084292269908516,6.0,True,1.3955662915093043,1.0443074223722117,2.25,4.0,2.0,2.0,2.0,2.0,0.0,0.0,2.0,1.0,2.0,2.0,0.0,0.0,0.0,0.0,6.0
AND_OR_NOT,1998747426,4,2.25,6.0,5.103995518500156,3.7084292269908516,6.0,True,1.3955662915093043,1.0443074223722117,2.25,4.0,2.0,2.0,2.0,2.0,0.0,0.0,2.0,1.0,2.0,2.0,0.0,0.0,0.0,0.0,6.0
AND_OR_NOT,2290679688,4,2.2857142857142856,5.0,4.85058778718345,3.4550214956741456,5.0,True,1.3955662915093043,1.0443074223722117,2.2857142857142856,7.0,2.0,2.0,2.0,2.0,0.0,1.0,1.0,3.0,2.0,3.0,1.0,3.0,1.0,0.0,5.0
AND_OR_NOT,2860558848,4,1.7439613526570048,6.0,4.841318344004127,3.4457520524948224,5.8856257663763385,True,1.3955662915093043,1.0443074223722117,1.7439613526570048,6.0,1.5625,4.0,1.3043478260869565,2.2222222222222223,0.0,1.0,0.0,5.0,1.0,3.0,0.0,4.0,2.0,4.0,6.0
AND_OR_NOT,3301754060,4,1.5873015873015872,6.0,5.327817992290194,3.9322517007808893,6.0,True,1.3955662915093043,1.0443074223722117,1.5873015873015872,5.0,1.5625,3.0,1.2222222222222223,2.0,0.0,1.0,1.0,2.0,0.0,3.0,1.0,3.0,1.0,0.0,6.0
AND_OR_NOT,3435938816,4,1.8181818181818181,6.0,5.129058085047911,3.7334917935386063,6.0,True,1.3955662915093043,1.0443074223722117,1.8181818181818181,5.0,1.5625,3.0,1.2727272727272727,2.2,0.0,1.0,0.0,3.0,2.0,3.0,2.0,2.0,1.0,0.0,6.0
AND_OR_NOT,3435978239,4,1.8181818181818181,7.0,5.441554509476437,4.045988217967133,6.485861931848649,True,1.3955662915093043,1.0443074223722117,1.8181818181818181,5.0,1.5625,3.0,2.2,1.2727272727272727,1.0,0.0,1.0,1.0,2.0,1.0,2.0,2.0,1.0,1.0,7.0
AND_OR_NOT,3503341760,4,1.8181818181818181,6.0,5.129058085047911,3.7334917935386063,6.0,True,1.3955662915093043,1.0443074223722117,1.8181818181818181,5.0,1.5625,3.0,1.2727272727272727,2.2,0.0,1.0,0.0,3.0,2.0,3.0,2.0,2.0,1.0,0.0,6.0
AND_OR_NOT,3993038574,4,2.2857142857142856,5.0,4.779736746372219,3.3841704548629146,5.0,True,1.3955662915093043,1.0443074223722117,2.2857142857142856,7.0,2.0,2.0,2.0,2.0,0.0,0.0,2.0,3.0,3.0,3.0,3.0,3.0,1.0,1.0,5.0
AND_OR_NOT,4026594645,4,2.2857142857142856,6.0,5.053002596801907,3.6574363052926024,6.0,True,1.3955662915093043,1.0443074223722117,2.2857142857142856,7.0,2.0,2.0,2.0,2.0,1.0,1.0,2.0,2.0,1.0,0.0,2.0,2.0,1.0,1.0,6.0
AND_OR_NOT,4077122307,4,2.25,6.0,5.155920116724329,3.7603538252150246,6.0,True,1.3955662915093043,1.0443074223722117,2.25,4.0,2.0,2.0,2.0,2.0,1.0,0.0,2.0,1.0,2.0,0.0,0.0,0.0,0.0,0.0,6.0
AND_OR_NOT,4126536948,4,1.8181818181818181,6.0,5.046226410145705,3.6506601186364005,6.0,True,1.3955662915093043,1.0443074223722117,1.8181818181818181,5.0,1.5625,3.0,2.2,1.2727272727272727,0.0,0.0,3.0,3.0,5.0,5.0,4.0,4.0,1.0,1.0,6.0
AND_OR_NOT,4126537045,4,1.8181818181818181,6.0,4.889433453369296,3.493867161859992,5.933740875741508,True,1.3955662915093043,1.0443074223722117,1.8181818181818181,5.0,1.5625,3.0,2.2,1.2727272727272727,1.0,0.0,1.0,3.0,0.0,1.0,2.0,2.0,1.0,1.0,6.0
AND_OR_NOT,4244622540,4,1.8181818181818181,6.0,5.027608275140965,3.6320419836316606,6.0,True,1.3955662915093043,1.0443074223722117,1.8181818181818181,5.0,1.5625,3.0,2.2,1.2727272727272727,0.0,0.0,2.0,3.0,2.0,3.0,2.0,2.0,1.0,1.0,6.0
AND_OR_NOT,4277010432,4,1.785425101214575,7.0,5.620780736470026,4.225214444960722,6.665088158842238,True,1.3955662915093043,1.0443074223722117,1.785425101214575,6.0,1.625,3.0,1.3157894736842106,2.076923076923077,0.0,1.0,0.0,5.0,2.0,5.0,2.0,3.0,3.0,3.0,7.0
AND_OR_NOT,4277202432,4,2.450980392156863,6.0,4.872066360720526,3.4765000692112213,5.916373783092737,True,1.3955662915093043,1.0443074223722117,2.450980392156863,8.0,2.09375,3.0,2.2,2.0,0.0,0.0,0.0,5.0,3.0,7.0,1.0,2.0,3.0,3.0,6.0
AND_OR_NOT,4278517760,4,1.8181818181818181,7.0,5.530927310513568,4.135361019004264,6.57523473288578,True,1.3955662915093043,1.0443074223722117,1.8181818181818181,5.0,1.5625,3.0,1.2727272727272727,2.2,0.0,1.0,1.0,2.0,2.0,2.0,3.0,3.0,1.0,1.0,7.0
AND_OR_NOT,4283453520,4,2.2857142857142856,5.0,4.85058778718345,3.4550214956741456,5.0,True,1.3955662915093043,1.0443074223722117,2.2857142857142856,7.0,2.0,2.0,2.0,2.0,0.0,1.0,1.0,3.0,2.0,3.0,1.0,3.0,1.0,0.0,5.0
AND_OR_NOT,4287146632,4,2.25,6.0,5.225391721496166,3.8298254299868617,6.0,True,1.3955662915093043,1.0443074223722117,2.25,6.0,2.0,2.0,2.0,2.0,0.0,0.0,0.0,4.0,3.0,2.0,2.0,0.0,0.0,0.0,6.0
AND_OR_NOT,4288728192,4,2.450980392156863,6.0,4.913509513689123,3.5179432221798184,5.9578169360613344,True,1.3955662915093043,1.0443074223722117,2.450980392156863,8.0,2.09375,3.0,2.0,2.2,0.0,1.0,0.0,5.0,2.0,3.0,3.0,2.0,4.0,4.0,6.0
AND_OR_NOT,4292738816,4,1.8181818181818181,6.0,5.027608275140965,3.6320419836316606,6.0,True,1.3955662915093043,1.0443074223722117,1.8181818181818181,5.0,1.5625,3.0,2.2,1.2727272727272727,0.0,0.0,2.0,3.0,2.0,3.0,2.0,2.0,1.0,1.0,6.0
AND_OR_NOT,4294639560,4,2.0628571428571427,6.0,4.780144787246142,3.3845784957368377,5.824452209618354,True,1.3955662915093043,1.0443074223722117,2.0628571428571427,8.0,1.71875,3.0,3.0,1.36,0.0,0.0,1.0,5.0,4.0,6.0,8.0,2.0,6.0,0.0,6.0
AND_OR_NOT,4294923600,4,1.8181818181818181,6.0,5.046226410145705,3.6506601186364005,6.0,True,1.3955662915093043,1.0443074223722117,1.8181818181818181,5.0,1.5625,3.0,2.2,1.2727272727272727,0.0,0.0,3.0,3.0,5.0,5.0,4.0,4.0,1.0,1.0,6.0
AND_OR_NOT,4294949562,4,1.641025641025641,5.0,4.796521501785872,3.4009552102765674,5.0,True,1.3955662915093043,1.0443074223722117,1.641025641025641,5.0,1.4375,3.0,3.0,1.0769230769230769,0.0,0.0,3.0,3.0,4.0,4.0,3.0,3.0,1.0,1.0,5.0
AND_OR_NOT,3149872,5,1.6666666666666667,8.0,6.086664598693755,4.6910983071844505,7.130972021065967,True,1.3955662915093043,1.0443074223722117,1.6666666666666667,6.0,1.4375,4.0,1.1111111111111112,3.2,0.0,1.0,1.0,1.0,1.0,6.0,2.0,7.0,4.0,2.0,8.0
AND_OR_NOT,3342540,5,3.0,8.0,6.490269894845578,5.094703603336273,7.5345773172177894,True,1.3955662915093043,1.0443074223722117,3.0,5.0,1.75,3.0,1.3333333333333333,3.0,0.0,1.0,2.0,0.0,2.0,1.0,0.0,1.0,0.0,0.0,8.0
AND_OR_NOT,5308415,5,1.5873015873015872,6.0,5.851304332892829,4.455738041383524,6.0,True,1.3955662915093043,1.0443074223722117,1.5873015873015872,5.0,1.5625,3.0,2.0,1.2222222222222223,1.0,0.0,1.0,1.0,1.0,4.0,2.0,2.0,1.0,0.0,6.0
AND_OR_NOT,16252928,5,1.6666666666666667,7.0,5.651187592953298,4.255621301443994,6.69549501532551,True,1.3955662915093043,1.0443074223722117,1.6666666666666667,6.0,1.4375,4.0,1.1111111111111112,3.2,0.0,1.0,0.0,4.0,1.0,6.0,2.0,3.0,3.0,3.0,7.0
AND_OR_NOT,168298504,5,1.6666666666666667,7.0,5.651187592953298,4.255621301443994,6.69549501532551,True,1.3955662915093043,1.0443074223722117,1.6666666666666667,6.0,1.4375,4.0,1.1111111111111112,3.2,0.0,1.0,0.0,4.0,1.0,6.0,2.0,3.0,3.0,3.0,7.0
AND_OR_NOT,201328640,5,1.3908045977011494,6.0,5.0439341175177175,3.648367826008413,6.0,True,1.3955662915093043,1.0443074223722117,1.3908045977011494,6.0,1.3125,4.0,1.0344827586206897,4.0,0.0,1.0,0.0,4.0,0.0,5.0,2.0,3.0,4.0,4.0,6.0
AND_OR_NOT,201853952,5,1.6666666666666667,7.0,5.651187592953298,4.255621301443994,6.69549501532551,True,1.3955662915093043,1.0443074223722117,1.6666666666666667,6.0,1.4375,4.0,1.1111111111111112,3.2,0.0,1.0,0.0,4.0,1.0,6.0,2.0,3.0,3.0,3.0,7.0
AND_OR_NOT,235810350,5,2.2857142857142856,9.0,6.333993276907312,4.938426985398007,7.3783006992795235,True,1.3955662915093043,1.0443074223722117,2.2857142857142856,6.0,2.0625,3.0,2.0,2.142857142857143,0.0,1.0,2.0,2.0,2.0,5.0,1.0,3.0,1.0,0.0,9.0
AND_OR_NOT,286388464,5,2.4,8.0,6.703424735769536,5.307858444260232,7.747732158141748,True,1.3955662915093043,1.0443074223722117,2.4,5.0,2.125,3.0,2.0,2.3333333333333335,0.0,1.0,2.0,1.0,3.0,3.0,1.0,1.0,0.0,0.0,8.0
AND_OR_NOT,821821440,5,2.0833333333333335,7.0,6.4322201087596245,5.03665381725032,7.0,True,1.3955662915093043,1.0443074223722117,2.0833333333333335,5.0,1.75,3.0,1.3333333333333333,3.0,0.0,1.0,0.0,2.0,2.0,3.0,2.0,0.0,0.0,0.0,7.0
AND_OR_NOT,842152506,5,2.2857142857142856,9.0,6.333993276907312,4.938426985398007,7.3783006992795235,True,1.3955662915093043,1.0443074223722117,2.2857142857142856,6.0,2.0625,3.0,2.0,2.142857142857143,0.0,1.0,2.0,2.0,2.0,5.0,1.0,3.0,1.0,0.0,9.0
AND_OR_NOT,863436885,5,2.2857142857142856,6.0,5.8149905660272925,4.419424274517988,6.0,True,1.3955662915093043,1.0443074223722117,2.2857142857142856,7.0,2.0,2.0,2.0,2.0,1.0,1.0,2.0,1.0,3.0,3.0,3.0,1.0,1.0,0.0,6.0
AND_OR_NOT,2002081109,5,1.5873015873015872,6.0,5.967975409611323,4.572409118102018,6.0,True,1.3955662915093043,1.0443074223722117,1.5873015873015872,5.0,1.5625,3.0,2.0,1.2222222222222223,1.0,0.0,1.0,2.0,0.0,3.0,1.0,1.0,1.0,1.0,6.0
AND_OR_NOT,2158624938,5,1.7439613526570048,7.0,5.507158163070876,4.111591871561572,6.551465585443088,True,1.3955662915093043,1.0443074223722117,1.7439613526570048,6.0,1.5625,4.0,1.3043478260869565,2.2222222222222223,0.0,1.0,1.0,4.0,1.0,1.0,0.0,10.0,1.0,1.0,7.0
AND_OR_NOT,2400124928,5,1.7439613526570048,7.0,5.507158163070876,4.111591871561572,6.551465585443088,True,1.3955662915093043,1.0443074223722117,1.7439613526570048,6.0,1.5625,4.0,1.3043478260869565,2.2222222222222223,0.0,1.0,1.0,4.0,1.0,1.0,0.0,10.0,1.0,1.0,7.0
AND_OR_NOT,2695012512,5,1.7439613526570048,8.0,6.238045525560276,4.8424792340509715,7.2823529479324876,True,1.3955662915093043,1.0443074223722117,1.7439613526570048,6.0,1.5625,4.0,1.3043478260869565,2.2222222222222223,0.0,1.0,0.0,3.0,2.0,5.0,3.0,6.0,4.0,2.0,8.0
AND_OR_NOT,2852175616,5,1.9090909090909092,9.0,6.905723460319231,5.5101571688099265,7.9500308826914425,True,1.3955662915093043,1.0443074223722117,1.9090909090909092,6.0,1.625,3.0,1.2857142857142858,2.272727272727273,0.0,1.0,1.0,2.0,1.0,4.0,2.0,7.0,3.0,3.0,9.0
AND_OR_NOT,2854879232,5,1.6514285714285715,7.0,5.766940380598694,4.3713740890893895,6.811247802970906,True,1.3955662915093043,1.0443074223722117,1.6514285714285715,6.0,1.5,3.0,1.08,3.0,0.0,1.0,0.0,3.0,1.0,5.0,0.0,6.0,2.0,2.0,7.0
AND_OR_NOT,2863302794,5,1.785425101214575,9.0,7.241280547094474,5.84571425558517,8.285587969466686,True,1.3955662915093043,1.0443074223722117,1.785425101214575,6.0,1.625,3.0,1.3157894736842106,2.076923076923077,0.0,1.0,1.0,3.0,2.0,3.0,5.0,5.0,5.0,5.0,9.0
AND_OR_NOT,2865539584,5,2.4,6.0,5.602857535518346,4.207291244009042,6.0,True,1.3955662915093043,1.0443074223722117,2.4,5.0,2.125,3.0,2.0,2.3333333333333335,0.0,1.0,0.0,4.0,2.0,2.0,1.0,0.0,0.0,0.0,6.0
AND_OR_NOT,2930749103,5,1.8181818181818181,7.0,5.950614028131681,4.5550477366223765,6.994921450503893,True,1.3955662915093043,1.0443074223722117,1.8181818181818181,5.0,1.5625,3.0,2.2,1.2727272727272727,1.0,0.0,2.0,2.0,4.0,2.0,3.0,1.0,1.0,0.0,7.0
AND_OR_NOT,2947525547,5,1.8181818181818181,7.0,5.950614028131681,4.5550477366223765,6.994921450503893,True,1.3955662915093043,1.0443074223722117,1.8181818181818181,5.0,1.5625,3.0,2.2,1.2727272727272727,1.0,0.0,2.0,2.0,4.0,2.0,3.0,1.0,1.0,0.0,7.0
AND_OR_NOT,3487498240,5,1.785425101214575,10.0,7.45847015340067,6.062903861891366,8.502777575772882,False,1.3955662915093043,1.0443074223722117,1.785425101214575,6.0,1.625,3.0,1.3157894736842106,2.076923076923077,0.0,1.0,1.0,2.0,0.0,5.0,2.0,7.0,4.0,2.0,10.0
AND_OR_NOT,4007723007,5,2.0628571428571427,8.0,6.091679131080825,4.696112839571521,7.135986553453037,True,1.3955662915093043,1.0443074223722117,2.0628571428571427,8.0,1.71875,3.0,3.0,1.36,1.0,0.0,1.0,4.0,0.0,2.0,4.0,4.0,5.0,5.0,8.0
AND_OR_NOT,4009750186,5,2.0833333333333335,6.0,5.62139836955485,4.225832078045546,6.0,True,1.3955662915093043,1.0443074223722117,2.0833333333333335,5.0,1.75,3.0,3.0,1.3333333333333333,0.0,0.0,2.0,3.0,3.0,3.0,2.0,1.0,0.0,0.0,6.0
AND_OR_NOT,4027514880,5,3.0,7.0,5.7772149229084375,4.381648631399133,6.821522345280649,True,1.3955662915093043,1.0443074223722117,3.0,5.0,1.75,3.0,1.3333333333333333,3.0,0.0,1.0,1.0,1.0,2.0,0.0,0.0,1.0,0.0,0.0,7.0
AND_OR_NOT,4042304000,5,2.4,6.0,5.602857535518346,4.207291244009042,6.0,True,1.3955662915093043,1.0443074223722117,2.4,5.0,2.125,3.0,2.0,2.3333333333333335,0.0,1.0,0.0,4.0,2.0,2.0,1.0,0.0,0.0,0.0,6.0
AND_OR_NOT,4071289514,5,2.2857142857142856,8.0,6.252075725843024,4.85650943433372,7.296383148215236,True,1.3955662915093043,1.0443074223722117,2.2857142857142856,6.0,2.0625,3.0,2.142857142857143,2.0,0.0,0.0,1.0,3.0,1.0,4.0,2.0,2.0,1.0,0.0,8.0
AND_OR_NOT,4089459456,5,2.4,6.0,5.546823886815615,4.15125759530631,6.0,True,1.3955662915093043,1.0443074223722117,2.4,5.0,2.125,3.0,2.0,2.3333333333333335,0.0,1.0,1.0,3.0,1.0,1.0,1.0,1.0,0.0,0.0,6.0
AND_OR_NOT,4177197818,5,1.7439613526570048,8.0,6.1147076286969915,4.719141337187687,7.159015051069203,True,1.3955662915093043,1.0443074223722117,1.7439613526570048,6.0,1.5625,4.0,2.2222222222222223,1.3043478260869565,0.0,0.0,2.0,3.0,1.0,5.0,1.0,6.0,3.0,3.0,8.0
AND_OR_NOT,4227855359,5,1.3908045977011494,7.0,5.714007719407724,4.31844142789842,6.758315141779936,True,1.3955662915093043,1.0443074223722117,1.3908045977011494,6.0,1.3125,4.0,4.0,1.0344827586206897,1.0,0.0,0.0,3.0,1.0,3.0,1.0,5.0,2.0,4.0,7.0
AND_OR_NOT,4244500725,5,2.130434782608696,7.0,5.619207695814259,4.223641404304955,6.663515118186471,True,1.3955662915093043,1.0443074223722117,2.130434782608696,8.0,1.78125,3.0,3.0,1.3043478260869565,1.0,0.0,2.0,3.0,3.0,2.0,3.0,2.0,4.0,4.0,7.0
AND_OR_NOT,4278569988,5,2.450980392156863,8.0,6.203630506982394,4.80806421547309,7.247937929354606,True,1.3955662915093043,1.0443074223722117,2.450980392156863,8.0,2.09375,3.0,2.0,2.2,0.0,1.0,2.0,3.0,5.0,5.0,8.0,8.0,6.0,6.0,8.0
AND_OR_NOT,4279172876,5,1.9090909090909092,8.0,6.406911984710557,5.011345693201252,7.451219407082768,True,1.3955662915093043,1.0443074223722117,1.9090909090909092,6.0,1.625,3.0,2.272727272727273,1.2857142857142858,0.0,0.0,2.0,4.0,3.0,8.0,4.0,7.0,4.0,2.0,8.0
AND_OR_NOT,4281581568,5,2.2857142857142856,7.0,5.760003859367,4.364437567857696,6.804311281739212,True,1.3955662915093043,1.0443074223722117,2.2857142857142856,6.0,2.0625,3.0,2.0,2.142857142857143,0.0,1.0,1.0,3.0,1.0,2.0,2.0,2.0,1.0,1.0,7.0
AND_OR_NOT,4288710784,5,2.5303643724696356,8.0,6.029957401499434,4.63439110999013,7.074264823871646,True,1.3955662915093043,1.0443074223722117,2.5303643724696356,9.0,2.15625,3.0,2.0,2.3846153846153846,0.0,1.0,0.0,5.0,1.0,4.0,3.0,3.0,5.0,5.0,8.0
AND_OR_NOT,4289265660,5,2.0628571428571427,7.0,5.4475775572618605,4.052011265752556,6.491884979634072,True,1.3955662915093043,1.0443074223722117,2.0628571428571427,8.0,1.71875,3.0,3.0,1.36,0.0,0.0,3.0,4.0,5.0,6.0,6.0,6.0,5.0,5.0,7.0
AND_OR_NOT,4294836220,5,1.3908045977011494,6.0,5.06774919127328,3.6721828997639756,6.0,True,1.3955662915093043,1.0443074223722117,1.3908045977011494,6.0,1.3125,4.0,4.0,1.0344827586206897,0.0,0.0,4.0,4.0,7.0,7.0,7.0,7.0,5.0,5.0,6.0
AND_OR_NOT,4294932336,5,2.0628571428571427,8.0,6.204665642513067,4.809099351003763,7.248973064885279,True,1.3955662915093043,1.0443074223722117,2.0628571428571427,8.0,1.71875,3.0,3.0,1.36,0.0,0.0,3.0,3.0,3.0,8.0,3.0,8.0,4.0,2.0,8.0
AND_OR_NOT,4294963408,5,1.7439613526570048,7.0,5.509515370140918,4.113949078631614,6.55382279251313,True,1.3955662915093043,1.0443074223722117,1.7439613526570048,6.0,1.5625,4.0,2.2222222222222223,1.3043478260869565,0.0,0.0,2.0,4.0,2.0,5.0,3.0,4.0,4.0,4.0,7.0
AND_OR_NOT,2063,6,1.6666666666666667,9.0,7.327612420408561,5.932046128899256,8.371919842780773,True,1.3955662915093043,1.0443074223722117,1.6666666666666667,6.0,1.4375,4.0,1.1111111111111112,3.2,1.0,1.0,3.0,2.0,3.0,4.0,2.0,3.0,3.0,3.0,9.0
AND_OR_NOT,3276858,6,2.0628571428571427,10.0,7.4122640398593305,6.016697748350026,8.456571462231542,True,1.3955662915093043,1.0443074223722117,2.0628571428571427,7.0,1.75,4.0,1.36,3.142857142857143,0.0,1.0,2.0,2.0,4.0,7.0,3.0,8.0,3.0,3.0,10.0
AND_OR_NOT,10547200,6,2.5641025641025643,9.0,7.126278055415103,5.7307117639057985,8.170585477787315,True,1.3955662915093043,1.0443074223722117,2.5641025641025643,6.0,1.75,4.0,1.3846153846153846,3.3333333333333335,0.0,1.0,0.0,3.0,1.0,3.0,2.0,1.0,1.0,1.0,9.0
AND_OR_NOT,14024703,6,1.9090909090909092,9.0,7.111625011706224,5.716058720196919,8.155932434078435,True,1.3955662915093043,1.0443074223722117,1.9090909090909092,6.0,1.625,3.0,2.272727272727273,1.2857142857142858,1.0,0.0,0.0,2.0,2.0,4.0,1.0,5.0,2.0,4.0,9.0
AND_OR_NOT,50384076,6,2.618181818181818,9.0,7.080303083793197,5.684736792283893,8.124610506165409,True,1.3955662915093043,1.0443074223722117,2.618181818181818,6.0,2.125,4.0,2.0,2.4,0.0,1.0,1.0,2.0,2.0,4.0,2.0,2.0,1.0,0.0,9.0
AND_OR_NOT,117901060,6,2.2,9.0,6.834040926668999,5.438474635159695,7.878348349041211,True,1.3955662915093043,1.0443074223722117,2.2,6.0,1.875,3.0,1.3636363636363635,3.0,0.0,1.0,3.0,2.0,7.0,6.0,5.0,5.0,1.0,1.0,9.0
AND_OR_NOT,143132680,6,1.6666666666666667,9.0,7.006993495224127,5.611427203714823,8.05130091759634,True,1.3955662915093043,1.0443074223722117,1.6666666666666667,6.0,1.4375,4.0,1.1111111111111112,3.2,0.0,1.0,0.0,3.0,1.0,6.0,1.0,3.0,2.0,4.0,9.0
AND_OR_NOT,251529898,6,2.640625,9.0,6.743559340498726,5.347993048989422,7.787866762870938,True,1.3955662915093043,1.0443074223722117,2.640625,8.0,2.1875,3.0,2.125,2.25,0.0,0.0,1.0,3.0,2.0,7.0,5.0,2.0,2.0,0.0,9.0
AND_OR_NOT,252182527,6,1.7439613526570048,8.0,6.1395021321968235,4.743935840687519,7.183809554569035,True,1.3955662915093043,1.0443074223722117,1.7439613526570048,6.0,1.5625,4.0,2.2222222222222223,1.3043478260869565,1.0,0.0,0.0,1.0,1.0,5.0,1.0,6.0,3.0,3.0,8.0
AND_OR_NOT,286391805,6,2.2857142857142856,9.0,7.382943088234863,5.987376796725559,8.427250510607074,True,1.3955662915093043,1.0443074223722117,2.2857142857142856,6.0,2.0625,3.0,2.142857142857143,2.0,1.0,0.0,1.0,1.0,3.0,4.0,2.0,2.0,1.0,0.0,9.0
AND_OR_NOT,572719104,6,1.6666666666666667,9.0,7.104631680501909,5.709065388992605,8.14893910287412,True,1.3955662915093043,1.0443074223722117,1.6666666666666667,6.0,1.4375,4.0,1.1111111111111112,3.2,0.0,1.0,1.0,2.0,3.0,4.0,5.0,5.0,5.0,5.0,9.0
AND_OR_NOT,808656930,6,2.130434782608696,7.0,5.38753750596441,3.9919712144551056,6.431844928336622,False,1.3955662915093043,1.0443074223722117,2.130434782608696,8.0,1.78125,3.0,1.3043478260869565,3.0,0.0,1.0,2.0,3.0,5.0,6.0,6.0,6.0,5.0,5.0,7.0
AND_OR_NOT,855703536,6,2.25,9.0,7.14419605561524,5.748629764105936,8.188503477987453,True,1.3955662915093043,1.0443074223722117,2.25,6.0,2.0,2.0,2.0,2.0,0.0,0.0,2.0,2.0,2.0,4.0,2.0,1.0,0.0,0.0,9.0
AND_OR_NOT,1426124288,6,2.618181818181818,8.0,6.810731504235251,5.415165212725947,7.855038926607463,True,1.3955662915093043,1.0443074223722117,2.618181818181818,6.0,1.875,3.0,1.3636363636363635,3.0,0.0,1.0,0.0,2.0,3.0,5.0,2.0,1.0,1.0,0.0,8.0
AND_OR_NOT,1431657983,6,1.9090909090909092,8.0,6.215045831138137,4.819479539628833,7.259353253510349,True,1.3955662915093043,1.0443074223722117,1.9090909090909092,6.0,1.625,3.0,2.272727272727273,1.2857142857142858,1.0,0.0,0.0,1.0,2.0,6.0,2.0,5.0,3.0,3.0,8.0
AND_OR_NOT,2013230079,6,1.6666666666666667,9.0,6.895724604225737,5.500158312716433,7.940032026597949,True,1.3955662915093043,1.0443074223722117,1.6666666666666667,6.0,1.4375,4.0,3.2,1.1111111111111112,1.0,0.0,0.0,2.0,1.0,6.0,2.0,3.0,4.0,4.0,9.0
AND_OR_NOT,2689925205,6,2.618181818181818,8.0,6.535738002633286,5.1401717111239815,7.580045425005498,True,1.3955662915093043,1.0443074223722117,2.618181818181818,6.0,2.125,4.0,2.0,2.4,1.0,1.0,2.0,2.0,1.0,0.0,0.0,4.0,1.0,0.0,8.0
AND_OR_NOT,3287531712,6,3.111111111111111,10.0,7.412611484466181,6.017045192956877,8.456918906838393,True,1.3955662915093043,1.0443074223722117,3.111111111111111,6.0,2.25,3.0,2.111111111111111,2.4285714285714284,0.0,1.0,1.0,3.0,2.0,4.0,1.0,3.0,1.0,0.0,10.0
AND_OR_NOT,3372207359,6,1.7439613526570048,9.0,7.093838907921485,5.698272616412181,8.138146330293697,True,1.3955662915093043,1.0443074223722117,1.7439613526570048,6.0,1.5625,4.0,2.2222222222222223,1.3043478260869565,1.0,0.0,1.0,3.0,1.0,3.0,1.0,6.0,3.0,3.0,9.0
AND_OR_NOT,3372211711,6,2.0628571428571427,10.0,7.5658112579383925,6.170244966429088,8.610118680310604,True,1.3955662915093043,1.0443074223722117,2.0628571428571427,7.0,1.75,4.0,3.142857142857143,1.36,1.0,0.0,0.0,2.0,2.0,3.0,2.0,6.0,2.0,4.0,10.0
AND_OR_NOT,3422604336,6,2.618181818181818,9.0,7.435425793711786,6.039859502202481,8.479733216083996,True,1.3955662915093043,1.0443074223722117,2.618181818181818,6.0,2.125,4.0,2.0,2.4,0.0,1.0,1.0,3.0,4.0,3.0,3.0,3.0,1.0,1.0,9.0
AND_OR_NOT,3424841250,6,3.111111111111111,10.0,7.412611484466181,6.017045192956877,8.456918906838393,True,1.3955662915093043,1.0443074223722117,3.111111111111111,6.0,2.25,3.0,2.111111111111111,2.4285714285714284,0.0,1.0,1.0,3.0,2.0,4.0,1.0,3.0,1.0,0.0,10.0
AND_OR_NOT,3431486805,6,3.111111111111111,10.0,6.9461191798263195,5.550552888317015,7.990426602198531,True,1.3955662915093043,1.0443074223722117,3.111111111111111,6.0,2.25,3.0,2.111111111111111,2.4285714285714284,1.0,1.0,2.0,2.0,1.0,1.0,2.0,2.0,1.0,1.0,10.0
AND_OR_NOT,3556758527,6,2.5641025641025643,10.0,7.2614449138429755,5.865878622333671,8.305752336215187,True,1.3955662915093043,1.0443074223722117,2.5641025641025643,6.0,1.75,4.0,3.3333333333333335,1.3846153846153846,1.0,0.0,0.0,1.0,1.0,3.0,2.0,3.0,1.0,0.0,10.0
AND_OR_NOT,3840210421,6,2.4,7.0,6.270090823961439,4.874524532452135,7.0,True,1.3955662915093043,1.0443074223722117,2.4,5.0,2.125,3.0,2.3333333333333335,2.0,1.0,0.0,2.0,2.0,3.0,1.0,1.0,0.0,0.0,0.0,7.0
AND_OR_NOT,3992978432,6,2.0628571428571427,9.0,7.067817417740091,5.672251126230787,8.112124840112303,True,1.3955662915093043,1.0443074223722117,2.0628571428571427,7.0,1.75,4.0,1.36,3.142857142857143,0.0,1.0,0.0,4.0,1.0,3.0,3.0,6.0,3.0,3.0,9.0
AND_OR_NOT,3997171712,6,2.0628571428571427,8.0,6.340412678206613,4.944846386697309,7.384720100578825,True,1.3955662915093043,1.0443074223722117,2.0628571428571427,7.0,1.75,4.0,1.36,3.142857142857143,0.0,1.0,0.0,5.0,0.0,3.0,3.0,4.0,4.0,4.0,8.0
AND_OR_NOT,4043292895,6,2.29004329004329,12.0,9.311178592832176,7.915612301322872,10.355486015204388,False,1.3955662915093043,1.0443074223722117,2.29004329004329,7.0,2.125,4.0,2.3636363636363638,2.0,1.0,0.0,1.0,3.0,1.0,2.0,5.0,5.0,5.0,5.0,12.0
AND_OR_NOT,4080268151,6,2.2,9.0,6.756606866564109,5.361040575054805,7.800914288936321,True,1.3955662915093043,1.0443074223722117,2.2,6.0,1.875,3.0,3.0,1.3636363636363635,1.0,0.0,0.0,2.0,3.0,2.0,4.0,4.0,1.0,1.0,9.0
AND_OR_NOT,4098147396,6,2.4,9.0,6.816389629541977,5.4208233380326725,7.8606970519141885,True,1.3955662915093043,1.0443074223722117,2.4,8.0,2.125,3.0,2.0,2.3333333333333335,0.0,1.0,1.0,4.0,1.0,2.0,1.0,4.0,2.0,1.0,9.0
AND_OR_NOT,4164483128,6,3.0625,9.0,7.262300579851928,5.866734288342624,8.30660800222414,True,1.3955662915093043,1.0443074223722117,3.0625,6.0,2.25,3.0,2.25,2.25,0.0,0.0,1.0,3.0,2.0,2.0,2.0,1.0,0.0,0.0,9.0
AND_OR_NOT,4177330175,6,1.6666666666666667,8.0,6.66577648845103,5.270210196941726,7.710083910823242,True,1.3955662915093043,1.0443074223722117,1.6666666666666667,6.0,1.4375,4.0,3.2,1.1111111111111112,1.0,0.0,1.0,3.0,2.0,4.0,2.0,5.0,3.0,3.0,8.0
AND_OR_NOT,4210096752,6,2.1417004048582995,10.0,8.027830734511465,6.6322644430021604,9.072138156883677,True,1.3955662915093043,1.0443074223722117,2.1417004048582995,7.0,2.0625,4.0,2.1538461538461537,2.0,0.0,0.0,1.0,4.0,1.0,5.0,2.0,5.0,3.0,3.0,10.0
AND_OR_NOT,4241485824,6,3.0625,9.0,7.453110757346566,6.057544465837261,8.497418179718778,True,1.3955662915093043,1.0443074223722117,3.0625,8.0,2.1875,3.0,2.25,2.125,0.0,0.0,1.0,4.0,3.0,2.0,3.0,0.0,0.0,1.0,9.0
AND_OR_NOT,4243652544,6,2.4,9.0,7.139181268054887,5.743614976545583,8.1834886904271,True,1.3955662915093043,1.0443074223722117,2.4,7.0,2.125,3.0,2.3333333333333335,2.0,0.0,0.0,1.0,3.0,3.0,2.0,3.0,1.0,0.0,0.0,9.0
AND_OR_NOT,4277075692,6,2.0628571428571427,9.0,6.942630489665262,5.547064198155958,7.986937912037474,True,1.3955662915093043,1.0443074223722117,2.0628571428571427,8.0,1.75,4.0,3.142857142857143,1.36,0.0,0.0,1.0,5.0,4.0,8.0,6.0,5.0,4.0,1.0,9.0
AND_OR_NOT,4279041855,6,2.0833333333333335,8.0,7.142645805947682,5.7470795144383775,8.0,True,1.3955662915093043,1.0443074223722117,2.0833333333333335,5.0,1.75,3.0,3.0,1.3333333333333333,1.0,0.0,1.0,1.0,3.0,1.0,2.0,1.0,0.0,0.0,8.0
AND_OR_NOT,4280426528,6,2.4,10.0,7.397041510474557,6.001475218965252,8.441348932846768,True,1.3955662915093043,1.0443074223722117,2.4,8.0,2.125,3.0,2.0,2.3333333333333335,0.0,1.0,0.0,4.0,3.0,4.0,4.0,3.0,2.0,0.0,10.0
AND_OR_NOT,4289339146,6,2.5303643724696356,12.0,8.925108682070048,7.529542390560744,9.96941610444226,False,1.3955662915093043,1.0443074223722117,2.5303643724696356,8.0,2.1875,3.0,2.3846153846153846,2.0526315789473686,0.0,0.0,2.0,3.0,2.0,5.0,2.0,7.0,3.0,3.0,12.0
AND_OR_NOT,4294954144,6,2.2,7.0,5.641468641552837,4.245902350043533,6.685776063925049,False,1.3955662915093043,1.0443074223722117,2.2,6.0,1.875,3.0,3.0,1.3636363636363635,0.0,0.0,1.0,5.0,2.0,6.0,3.0,2.0,1.0,0.0,7.0
AND_OR_NOT,1533,7,2.130434782608696,11.0,8.478143682980283,7.082577391470979,9.522451105352495,True,1.3955662915093043,1.0443074223722117,2.130434782608696,7.0,1.8125,3.0,1.3478260869565217,3.0,1.0,1.0,2.0,1.0,4.0,5.0,5.0,6.0,4.0,2.0,11.0
AND_OR_NOT,267524,7,2.140740740740741,10.0,7.199929019733924,5.8043627282246195,8.244236442106136,True,1.3955662915093043,1.0443074223722117,2.140740740740741,8.0,1.8125,4.0,1.4074074074074074,4.0,0.0,1.0,2.0,2.0,5.0,5.0,3.0,7.0,2.0,4.0,10.0
AND_OR_NOT,16860160,7,2.2857142857142856,12.0,8.971445352284022,7.575879060774717,10.015752774656233,True,1.3955662915093043,1.0443074223722117,2.2857142857142856,7.0,1.75,4.0,1.4285714285714286,4.0,0.0,1.0,1.0,1.0,4.0,4.0,5.0,4.0,2.0,1.0,12.0
AND_OR_NOT,257231360,7,2.618181818181818,9.0,7.48007924046868,6.084512948959375,8.524386662840891,True,1.3955662915093043,1.0443074223722117,2.618181818181818,7.0,2.3125,3.0,2.0,3.0,0.0,1.0,1.0,2.0,2.0,5.0,2.0,2.0,1.0,0.0,9.0
AND_OR_NOT,267321343,7,2.076923076923077,11.0,8.276448249425497,6.880881957916193,9.32075567179771,True,1.3955662915093043,1.0443074223722117,2.076923076923077,6.0,1.75,4.0,3.3333333333333335,1.3846153846153846,1.0,0.0,1.0,2.0,3.0,6.0,4.0,1.0,1.0,0.0,11.0
AND_OR_NOT,318799616,7,2.2,11.0,7.641449245388784,6.245882953879479,8.685756667760995,True,1.3955662915093043,1.0443074223722117,2.2,9.0,1.875,3.0,1.3636363636363635,3.0,0.0,1.0,1.0,1.0,0.0,6.0,1.0,2.0,2.0,1.0,11.0
AND_OR_NOT,526324499,7,2.450980392156863,9.0,6.801667902280976,5.406101610771672,7.845975324653188,False,1.3955662915093043,1.0443074223722117,2.450980392156863,8.0,2.0625,3.0,2.066666666666667,2.0588235294117645,1.0,0.0,1.0,1.0,2.0,6.0,1.0,4.0,3.0,3.0,9.0
AND_OR_NOT,536883216,7,1.75,9.0,6.928570902903746,5.533004611394442,7.972878325275958,False,1.3955662915093043,1.0443074223722117,1.75,6.0,1.5,4.0,1.1428571428571428,4.0,0.0,1.0,1.0,2.0,3.0,3.0,4.0,3.0,2.0,2.0,9.0
AND_OR_NOT,544700279,7,2.5303643724696356,11.0,8.290162338793335,6.894596047284031,9.334469761165547,True,1.3955662915093043,1.0443074223722117,2.5303643724696356,8.0,2.1875,3.0,2.3846153846153846,2.0526315789473686,1.0,0.0,0.0,1.0,2.0,3.0,0.0,7.0,3.0,3.0,11.0
AND_OR_NOT,586031342,7,2.450980392156863,10.0,7.916546238640798,6.520979947131494,8.96085366101301,True,1.3955662915093043,1.0443074223722117,2.450980392156863,7.0,2.125,3.0,2.0588235294117645,2.2,0.0,1.0,2.0,4.0,3.0,6.0,3.0,4.0,4.0,4.0,10.0
AND_OR_NOT,587178224,7,2.640625,11.0,8.704119574507441,7.308553282998137,9.748426996879653,True,1.3955662915093043,1.0443074223722117,2.640625,8.0,2.1875,3.0,2.125,2.25,0.0,0.0,2.0,3.0,3.0,6.0,3.0,2.0,2.0,2.0,11.0
AND_OR_NOT,858985218,7,2.0166666666666666,10.0,7.55198534302125,6.1564190515119455,8.59629276539346,True,1.3955662915093043,1.0443074223722117,2.0166666666666666,6.0,1.75,3.0,1.4,2.3333333333333335,0.0,1.0,3.0,2.0,7.0,5.0,6.0,5.0,2.0,2.0,10.0
AND_OR_NOT,872349946,7,2.2857142857142856,10.0,8.005950239364449,6.610383947855144,9.05025766173666,True,1.3955662915093043,1.0443074223722117,2.2857142857142856,7.0,2.0625,3.0,2.142857142857143,2.0,0.0,0.0,3.0,3.0,5.0,7.0,5.0,4.0,1.0,1.0,10.0
AND_OR_NOT,1358909552,7,2.450980392156863,11.0,7.932953076880575,6.537386785371271,8.977260499252786,True,1.3955662915093043,1.0443074223722117,2.450980392156863,8.0,2.0625,3.0,2.0588235294117645,2.066666666666667,0.0,1.0,2.0,2.0,2.0,6.0,3.0,6.0,3.0,3.0,11.0
AND_OR_NOT,1428313890,7,3.4048582995951415,13.0,9.63980841142648,8.244242119917176,10.684115833798693,False,1.3955662915093043,1.0443074223722117,3.4048582995951415,7.0,2.28125,4.0,2.1578947368421053,2.4615384615384617,0.0,1.0,2.0,1.0,2.0,6.0,2.0,7.0,4.0,2.0,13.0
AND_OR_NOT,1442797044,7,2.29004329004329,12.0,9.618207610787447,8.222641319278143,10.662515033159659,False,1.3955662915093043,1.0443074223722117,2.29004329004329,7.0,2.125,4.0,2.3636363636363638,2.0,0.0,0.0,4.0,3.0,8.0,8.0,7.0,7.0,5.0,5.0,12.0
AND_OR_NOT,1914855970,7,2.705627705627706,11.0,8.744289945154268,7.348723653644964,9.78859736752648,True,1.3955662915093043,1.0443074223722117,2.705627705627706,7.0,2.21875,4.0,2.0476190476190474,2.5454545454545454,0.0,1.0,1.0,4.0,1.0,5.0,2.0,3.0,4.0,4.0,11.0
AND_OR_NOT,2131754752,7,2.1417004048582995,12.0,9.202401666679522,7.806835375170218,10.246709089051734,True,1.3955662915093043,1.0443074223722117,2.1417004048582995,7.0,2.0625,4.0,2.1538461538461537,2.0,0.0,0.0,2.0,2.0,2.0,9.0,1.0,1.0,1.0,5.0,12.0
AND_OR_NOT,2147501056,7,1.9425287356321839,11.0,8.70896707416756,7.313400782658256,9.753274496539772,True,1.3955662915093043,1.0443074223722117,1.9425287356321839,7.0,1.46875,5.0,1.1724137931034482,4.333333333333333,0.0,1.0,0.0,3.0,1.0,4.0,2.0,8.0,2.0,1.0,11.0
AND_OR_NOT,2684357644,7,2.5641025641025643,9.0,7.14558553978058,5.7500192482712755,8.189892962152792,True,1.3955662915093043,1.0443074223722117,2.5641025641025643,7.0,2.25,4.0,2.0,3.3333333333333335,0.0,1.0,1.0,3.0,2.0,2.0,1.0,5.0,1.0,0.0,9.0
AND_OR_NOT,2859956087,7,3.5636363636363635,13.0,8.84961765092929,7.454051359419985,9.893925073301501,True,1.3955662915093043,1.0443074223722117,3.5636363636363635,7.0,2.375,3.0,3.0,2.090909090909091,1.0,0.0,0.0,0.0,2.0,2.0,1.0,4.0,1.0,0.0,13.0
AND_OR_NOT,2862647500,7,2.816666666666667,12.0,9.017621079090796,7.622054787581492,10.061928501463008,True,1.3955662915093043,1.0443074223722117,2.816666666666667,8.0,2.4375,3.0,2.1,3.0,0.0,1.0,1.0,3.0,2.0,3.0,4.0,3.0,2.0,2.0,12.0
AND_OR_NOT,2863570956,7,2.951417004048583,10.0,6.7323104889900645,5.33674419748076,7.776617911362276,False,1.3955662915093043,1.0443074223722117,2.951417004048583,10.0,2.3125,3.0,2.263157894736842,2.3846153846153846,0.0,1.0,1.0,3.0,3.0,6.0,3.0,6.0,4.0,3.0,10.0
AND_OR_NOT,3148493610,7,2.450980392156863,13.0,9.632562871523007,8.236996580013702,10.676870293895218,False,1.3955662915093043,1.0443074223722117,2.450980392156863,8.0,2.125,3.0,2.2,2.0588235294117645,0.0,0.0,2.0,3.0,2.0,4.0,1.0,8.0,4.0,2.0,13.0
AND_OR_NOT,3422537928,7,2.951417004048583,12.0,8.576193119204682,7.180626827695377,9.620500541576893,True,1.3955662915093043,1.0443074223722117,2.951417004048583,9.0,2.25,4.0,2.4615384615384617,2.1052631578947367,0.0,0.0,1.0,4.0,2.0,6.0,5.0,6.0,3.0,2.0,12.0
AND_OR_NOT,3503341632,7,2.130434782608696,10.0,7.757074547718318,6.361508256209014,8.80138197009053,True,1.3955662915093043,1.0443074223722117,2.130434782608696,8.0,1.8125,3.0,1.3478260869565217,3.0,0.0,1.0,0.0,4.0,2.0,4.0,3.0,5.0,2.0,3.0,10.0
AND_OR_NOT,3505426608,7,2.4,10.0,7.755157185908999,6.359590894399695,8.79946460828121,True,1.3955662915093043,1.0443074223722117,2.4,7.0,2.0,3.0,1.4,3.0,0.0,1.0,1.0,2.0,1.0,3.0,3.0,4.0,2.0,1.0,10.0
AND_OR_NOT,3722422954,7,3.155844155844156,13.0,9.570943329590786,8.175377038081482,10.615250751962998,False,1.3955662915093043,1.0443074223722117,3.155844155844156,7.0,2.21875,4.0,2.5454545454545454,2.0476190476190474,0.0,0.0,2.0,3.0,1.0,5.0,2.0,7.0,4.0,2.0,13.0
AND_OR_NOT,3854935301,7,3.768627450980392,10.0,7.765129883410756,6.369563591901452,8.809437305782968,True,1.3955662915093043,1.0443074223722117,3.768627450980392,9.0,2.5,3.0,2.5294117647058822,2.466666666666667,1.0,1.0,2.0,3.0,1.0,4.0,2.0,2.0,1.0,5.0,10.0
AND_OR_NOT,3942367487,7,2.618181818181818,12.0,9.069793458336523,7.674227166827219,10.114100880708735,True,1.3955662915093043,1.0443074223722117,2.618181818181818,9.0,2.34375,4.0,3.1,2.0,1.0,0.0,1.0,4.0,1.0,2.0,5.0,2.0,3.0,3.0,12.0
AND_OR_NOT,4008633548,7,2.4,11.0,8.813637680099035,7.4180713885897305,9.857945102471247,True,1.3955662915093043,1.0443074223722117,2.4,7.0,2.1875,4.0,2.4166666666666665,2.05,0.0,0.0,1.0,4.0,1.0,4.0,3.0,2.0,2.0,1.0,11.0
AND_OR_NOT,4037275823,7,3.5714285714285716,12.0,8.81486753115361,7.419301239644305,9.859174953525821,True,1.3955662915093043,1.0443074223722117,3.5714285714285716,7.0,2.375,3.0,2.4285714285714284,2.3333333333333335,1.0,0.0,2.0,2.0,2.0,2.0,3.0,2.0,1.0,1.0,12.0
AND_OR_NOT,4062325290,7,2.951417004048583,11.0,7.052340716860712,5.656774425351408,8.096648139232924,True,1.3955662915093043,1.0443074223722117,2.951417004048583,10.0,2.3125,3.0,2.263157894736842,2.3846153846153846,0.0,1.0,1.0,4.0,0.0,6.0,3.0,6.0,3.0,2.0,11.0
AND_OR_NOT,4126015488,7,2.4,9.0,7.23141278578813,5.835846494278826,8.275720208160342,True,1.3955662915093043,1.0443074223722117,2.4,7.0,2.0,3.0,1.4,3.0,0.0,1.0,0.0,3.0,3.0,3.0,2.0,4.0,2.0,0.0,9.0
AND_OR_NOT,4195483647,7,2.5208333333333335,12.0,8.752405070967082,7.356838779457778,9.796712493339294,True,1.3955662915093043,1.0443074223722117,2.5208333333333335,7.0,1.875,4.0,3.25,1.4166666666666667,1.0,0.0,0.0,2.0,3.0,2.0,3.0,4.0,2.0,2.0,12.0
AND_OR_NOT,4209961706,7,2.2,10.0,7.9964388241773685,6.600872532668064,9.040746246549581,True,1.3955662915093043,1.0443074223722117,2.2,8.0,1.875,3.0,3.0,1.3636363636363635,0.0,0.0,1.0,4.0,2.0,4.0,5.0,2.0,3.0,1.0,10.0
AND_OR_NOT,4244516914,7,2.6825396825396823,10.0,8.296152473169291,6.900586181659987,9.340459895541503,True,1.3955662915093043,1.0443074223722117,2.6825396825396823,6.0,2.25,3.0,2.4285714285714284,2.111111111111111,0.0,0.0,2.0,3.0,5.0,4.0,3.0,3.0,1.0,1.0,10.0
AND_OR_NOT,4278124531,7,2.2857142857142856,10.0,7.910649829976635,6.515083538467331,8.954957252348848,True,1.3955662915093043,1.0443074223722117,2.2857142857142856,7.0,1.75,4.0,4.0,1.4285714285714286,1.0,0.0,2.0,3.0,4.0,4.0,4.0,2.0,2.0,0.0,10.0
AND_OR_NOT,4278409215,7,3.5217391304347827,11.0,8.068112078208394,6.672545786699089,9.112419500580605,True,1.3955662915093043,1.0443074223722117,3.5217391304347827,9.0,2.375,4.0,3.3333333333333335,2.0,1.0,0.0,0.0,1.0,2.0,5.0,5.0,7.0,5.0,2.0,11.0
AND_OR_NOT,4293852832,7,2.5555555555555554,13.0,8.396660144881082,7.001093853371778,9.440967567253294,True,1.3955662915093043,1.0443074223722117,2.5555555555555554,11.0,2.3125,4.0,3.111111111111111,2.0,0.0,0.0,0.0,5.0,7.0,8.0,5.0,4.0,3.0,1.0,13.0
AND_OR_NOT,20416,8,2.52,12.0,8.940834051939223,7.545267760429919,9.985141474311435,True,1.3955662915093043,1.0443074223722117,2.52,7.0,1.84375,4.0,1.4,3.4285714285714284,0.0,1.0,1.0,2.0,3.0,7.0,2.0,5.0,2.0,2.0,12.0
AND_OR_NOT,3345982,8,3.2666666666666666,17.0,11.632775929539577,10.237209638030272,12.677083351911788,False,1.3955662915093043,1.0443074223722117,3.2666666666666666,9.0,2.46875,4.0,2.15,3.0,0.0,1.0,4.0,1.0,6.0,7.0,6.0,7.0,2.0,2.0,17.0
AND_OR_NOT,3364176,8,3.0727272727272728,13.0,9.187115778493476,7.791549486984172,10.231423200865688,True,1.3955662915093043,1.0443074223722117,3.0727272727272728,7.0,2.375,3.0,2.090909090909091,3.0,0.0,1.0,3.0,1.0,5.0,6.0,5.0,5.0,1.0,1.0,13.0
AND_OR_NOT,100612044,8,4.4089068825910935,15.0,9.61020573270975,8.214639441200445,10.654513155081961,True,1.3955662915093043,1.0443074223722117,4.4089068825910935,10.0,2.625,3.0,3.0,2.3684210526315788,0.0,0.0,3.0,2.0,3.0,9.0,5.0,6.0,5.0,1.0,15.0
AND_OR_NOT,117921759,8,2.6825396825396823,11.0,8.369445607747243,6.973879316237939,9.413753030119455,True,1.3955662915093043,1.0443074223722117,2.6825396825396823,8.0,2.25,3.0,2.4285714285714284,2.111111111111111,1.0,0.0,0.0,0.0,2.0,5.0,4.0,4.0,1.0,0.0,11.0
AND_OR_NOT,168311544,8,3.2666666666666666,15.0,10.930805344424545,9.53523905291524,11.975112766796757,False,1.3955662915093043,1.0443074223722117,3.2666666666666666,8.0,2.5,3.0,2.2,3.0,0.0,1.0,1.0,1.0,3.0,5.0,4.0,3.0,2.0,0.0,15.0
AND_OR_NOT,202359027,8,4.063492063492063,11.0,8.581602176165779,7.186035884656475,9.62590959853799,True,1.3955662915093043,1.0443074223722117,4.063492063492063,8.0,2.5625,3.0,2.2222222222222223,3.0,1.0,1.0,2.0,1.0,4.0,1.0,2.0,1.0,1.0,1.0,11.0
AND_OR_NOT,252375210,8,4.063492063492063,10.0,7.965447468220596,6.5698811767112915,9.009754890592808,True,1.3955662915093043,1.0443074223722117,4.063492063492063,8.0,2.5625,3.0,2.2222222222222223,3.0,0.0,1.0,1.0,2.0,3.0,4.0,1.0,2.0,1.0,0.0,10.0
AND_OR_NOT,285413135,8,2.4,12.0,9.61009027794701,8.214523986437706,10.654397700319223,True,1.3955662915093043,1.0443074223722117,2.4,7.0,2.1875,4.0,2.05,2.4166666666666665,1.0,1.0,1.0,0.0,1.0,3.0,3.0,4.0,2.0,1.0,12.0
AND_OR_NOT,320540945,8,2.29004329004329,11.0,8.83637150429709,7.440805212787785,9.880678926669301,True,1.3955662915093043,1.0443074223722117,2.29004329004329,7.0,2.125,4.0,2.0,2.3636363636363638,1.0,1.0,2.0,1.0,2.0,6.0,1.0,5.0,2.0,2.0,11.0
AND_OR_NOT,1147094239,8,2.450980392156863,12.0,8.854269746850555,7.458703455341251,9.898577169222767,True,1.3955662915093043,1.0443074223722117,2.450980392156863,8.0,2.125,3.0,2.2,2.0588235294117645,1.0,0.0,1.0,1.0,2.0,6.0,3.0,5.0,3.0,3.0,12.0
AND_OR_NOT,2298098426,8,3.2980392156862743,17.0,10.410237765245741,9.014671473736437,11.454545187617953,False,1.3955662915093043,1.0443074223722117,3.2980392156862743,10.0,2.375,3.0,2.466666666666667,2.2941176470588234,0.0,0.0,2.0,2.0,1.0,7.0,4.0,8.0,4.0,1.0,17.0
AND_OR_NOT,2407534576,8,4.063492063492063,12.0,8.870779243864625,7.475212952355321,9.915086666236837,True,1.3955662915093043,1.0443074223722117,4.063492063492063,7.0,2.5625,4.0,2.5555555555555554,2.5714285714285716,0.0,1.0,2.0,3.0,1.0,2.0,1.0,5.0,1.0,0.0,12.0
AND_OR_NOT,2684743935,8,3.0625,12.0,9.177398822797581,7.781832531288277,10.221706245169793,True,1.3955662915093043,1.0443074223722117,3.0625,8.0,2.375,3.0,2.5,2.25,1.0,0.0,1.0,1.0,3.0,1.0,2.0,2.0,0.0,0.0,12.0
AND_OR_NOT,2747252671,8,2.52,15.0,10.194980548446932,8.799414256937627,11.239287970819143,True,1.3955662915093043,1.0443074223722117,2.52,9.0,2.3125,4.0,3.4285714285714284,2.0,1.0,0.0,0.0,1.0,1.0,4.0,3.0,7.0,2.0,3.0,15.0
AND_OR_NOT,2779059541,8,4.270588235294118,15.0,10.39926101498872,9.003694723479416,11.443568437360932,False,1.3955662915093043,1.0443074223722117,4.270588235294118,8.0,2.40625,4.0,2.3529411764705883,2.466666666666667,1.0,1.0,1.0,1.0,1.0,3.0,1.0,7.0,3.0,3.0,15.0
AND_OR_NOT,2854199312,8,3.75,15.0,10.61281810102998,9.217251809520675,11.657125523402192,False,1.3955662915093043,1.0443074223722117,3.75,9.0,2.625,4.0,2.3,3.1666666666666665,0.0,1.0,2.0,2.0,5.0,3.0,4.0,5.0,2.0,2.0,15.0
AND_OR_NOT,2861040911,8,3.75,15.0,10.334638640214125,8.939072348704821,11.378946062586337,True,1.3955662915093043,1.0443074223722117,3.75,8.0,2.5,3.0,2.2,3.0,1.0,1.0,2.0,2.0,2.0,1.0,2.0,3.0,2.0,2.0,15.0
AND_OR_NOT,2930306792,8,2.6825396825396823,13.0,9.118908089052594,7.72334179754329,10.163215511424806,True,1.3955662915093043,1.0443074223722117,2.6825396825396823,9.0,2.3125,3.0,2.4285714285714284,2.2222222222222223,0.0,0.0,0.0,4.0,5.0,5.0,3.0,2.0,1.0,0.0,13.0
AND_OR_NOT,3149533457,8,2.8588235294117648,11.0,8.520182453809984,7.124616162300679,9.564489876182195,True,1.3955662915093043,1.0443074223722117,2.8588235294117648,7.0,2.28125,4.0,2.1176470588235294,2.466666666666667,1.0,1.0,3.0,4.0,4.0,5.0,6.0,4.0,5.0,1.0,11.0
AND_OR_NOT,3149607610,8,2.4,11.0,8.205807315512988,6.810241024003684,9.2501147378852,True,1.3955662915093043,1.0443074223722117,2.4,8.0,2.125,3.0,2.3333333333333335,2.0,0.0,0.0,3.0,3.0,5.0,5.0,5.0,6.0,2.0,1.0,11.0
AND_OR_NOT,3149607674,8,2.705627705627706,13.0,8.997124356607312,7.601558065098008,10.041431778979524,True,1.3955662915093043,1.0443074223722117,2.705627705627706,10.0,2.375,3.0,3.0,2.0476190476190474,0.0,0.0,3.0,3.0,4.0,7.0,4.0,8.0,4.0,2.0,13.0
AND_OR_NOT,3165391884,8,2.951417004048583,11.0,8.324637455874427,6.929071164365123,9.368944878246639,True,1.3955662915093043,1.0443074223722117,2.951417004048583,7.0,2.28125,4.0,2.1578947368421053,2.4615384615384617,0.0,1.0,1.0,4.0,1.0,4.0,2.0,5.0,3.0,3.0,11.0
AND_OR_NOT,3439265887,8,2.5303643724696356,12.0,8.123231620794131,6.727665329284827,9.167539043166343,True,1.3955662915093043,1.0443074223722117,2.5303643724696356,9.0,2.1875,3.0,2.3846153846153846,2.0526315789473686,1.0,0.0,1.0,2.0,1.0,2.0,4.0,5.0,4.0,4.0,12.0
AND_OR_NOT,3722252612,8,3.0625,14.0,9.384077844768507,7.988511553259203,10.428385267140719,True,1.3955662915093043,1.0443074223722117,3.0625,8.0,2.25,3.0,2.25,2.25,0.0,0.0,3.0,2.0,5.0,1.0,1.0,3.0,0.0,1.0,14.0
AND_OR_NOT,3934846941,8,2.705627705627706,11.0,8.758181681942009,7.362615390432705,9.80248910431422,True,1.3955662915093043,1.0443074223722117,2.705627705627706,8.0,2.375,3.0,3.0,2.0476190476190474,1.0,0.0,2.0,4.0,3.0,2.0,1.0,4.0,2.0,4.0,11.0
AND_OR_NOT,3976134843,8,2.5303643724696356,12.0,9.10217145854882,7.706605167039516,10.146478880921032,True,1.3955662915093043,1.0443074223722117,2.5303643724696356,9.0,2.1875,3.0,2.3846153846153846,2.0526315789473686,1.0,0.0,2.0,4.0,3.0,3.0,2.0,5.0,3.0,3.0,12.0
AND_OR_NOT,4005822660,8,2.816666666666667,11.0,8.342381034180727,6.946814742671423,9.386688456552939,True,1.3955662915093043,1.0443074223722117,2.816666666666667,8.0,2.4375,3.0,2.1,3.0,0.0,1.0,1.0,3.0,2.0,3.0,4.0,3.0,2.0,2.0,11.0
AND_OR_NOT,4008422058,8,2.4,14.0,10.215998360779881,8.820432069270577,11.260305783152093,True,1.3955662915093043,1.0443074223722117,2.4,8.0,1.8125,4.0,2.4166666666666665,1.45,0.0,0.0,2.0,3.0,4.0,2.0,4.0,2.0,1.0,4.0,14.0
AND_OR_NOT,4041208015,8,3.155844155844156,12.0,9.330362904893104,7.934796613383799,10.374670327265315,True,1.3955662915093043,1.0443074223722117,3.155844155844156,7.0,2.21875,4.0,2.5454545454545454,2.0476190476190474,1.0,0.0,2.0,3.0,2.0,5.0,4.0,5.0,4.0,2.0,12.0
AND_OR_NOT,4042257903,8,3.0,15.0,10.926395829994027,9.530829538484722,11.970703252366238,False,1.3955662915093043,1.0443074223722117,3.0,8.0,2.375,4.0,3.25,2.0833333333333335,1.0,0.0,1.0,2.0,5.0,4.0,4.0,3.0,2.0,1.0,15.0
AND_OR_NOT,4042477808,8,2.25,13.0,9.650396546565538,8.254830255056234,10.69470396893775,True,1.3955662915093043,1.0443074223722117,2.25,8.0,2.125,3.0,2.125,2.125,0.0,0.0,2.0,2.0,3.0,3.0,4.0,5.0,2.0,1.0,13.0
AND_OR_NOT,4093260680,8,3.5714285714285716,13.0,8.573674848197168,7.178108556687864,9.61798227056938,True,1.3955662915093043,1.0443074223722117,3.5714285714285716,10.0,2.5625,3.0,3.0,2.2222222222222223,0.0,0.0,1.0,4.0,4.0,4.0,5.0,4.0,3.0,0.0,13.0
AND_OR_NOT,4160218726,8,3.5217391304347827,14.0,10.01196787611686,8.616401584607555,11.056275298489071,True,1.3955662915093043,1.0443074223722117,3.5217391304347827,8.0,2.34375,4.0,3.111111111111111,2.0434782608695654,0.0,0.0,3.0,3.0,2.0,4.0,1.0,7.0,3.0,3.0,14.0
AND_OR_NOT,4278255577,8,2.29004329004329,12.0,9.38205907245857,7.986492780949266,10.426366494830782,True,1.3955662915093043,1.0443074223722117,2.29004329004329,7.0,1.78125,4.0,2.3636363636363638,1.4761904761904763,1.0,0.0,3.0,3.0,6.0,5.0,5.0,4.0,4.0,1.0,12.0
AND_OR_NOT,4282646764,8,3.768627450980392,14.0,9.954573958530165,8.559007667020861,10.998881380902377,True,1.3955662915093043,1.0443074223722117,3.768627450980392,8.0,2.53125,4.0,2.5294117647058822,2.533333333333333,0.0,1.0,1.0,4.0,3.0,7.0,4.0,6.0,5.0,1.0,14.0
AND_OR_NOT,4292911778,8,2.8588235294117648,12.0,8.59808762027425,7.202521328764945,9.642395042646461,True,1.3955662915093043,1.0443074223722117,2.8588235294117648,9.0,2.3125,3.0,2.466666666666667,2.176470588235294,0.0,0.0,1.0,4.0,3.0,5.0,4.0,3.0,3.0,4.0,12.0
AND_OR_NOT,4293835571,8,3.0,12.0,8.779722604665404,7.384156313156099,9.824030027037615,True,1.3955662915093043,1.0443074223722117,3.0,8.0,2.3125,4.0,3.25,2.0,1.0,0.0,2.0,3.0,2.0,0.0,4.0,1.0,0.0,0.0,12.0
AND_OR_NOT,4294905672,8,2.618181818181818,14.0,10.820060792814122,9.424494501304817,11.864368215186333,False,1.3955662915093043,1.0443074223722117,2.618181818181818,8.0,1.9375,4.0,3.1,1.4090909090909092,0.0,0.0,2.0,3.0,4.0,5.0,5.0,4.0,2.0,1.0,14.0
AND_OR_NOT,4294960098,8,2.52,11.0,8.498703956411939,7.1031376649026345,9.54301137878415,True,1.3955662915093043,1.0443074223722117,2.52,7.0,1.84375,4.0,3.4285714285714284,1.4,0.0,0.0,3.0,4.0,7.0,7.0,8.0,7.0,5.0,5.0,11.0
AND_OR_NOT,2109813,9,2.5555555555555554,13.0,9.404859453442263,8.009293161932959,10.449166875814475,True,1.3955662915093043,1.0443074223722117,2.5555555555555554,9.0,2.3125,4.0,2.0,3.111111111111111,1.0,1.0,2.0,1.0,3.0,5.0,3.0,4.0,3.0,3.0,13.0
AND_OR_NOT,13499901,9,2.5303643724696356,12.0,8.733459872166996,7.337893580657692,9.777767294539208,False,1.3955662915093043,1.0443074223722117,2.5303643724696356,9.0,2.1875,3.0,2.3846153846153846,2.0526315789473686,1.0,0.0,1.0,2.0,4.0,4.0,4.0,3.0,4.0,4.0,12.0
AND_OR_NOT,50593996,9,3.0228571428571427,15.0,10.303307716089884,8.90774142458058,11.347615138462096,True,1.3955662915093043,1.0443074223722117,3.0228571428571427,9.0,2.34375,4.0,2.04,3.4285714285714284,0.0,1.0,1.0,1.0,2.0,6.0,4.0,7.0,3.0,2.0,15.0
AND_OR_NOT,838808055,9,2.29004329004329,13.0,9.408790306681954,8.01322401517265,10.453097729054166,True,1.3955662915093043,1.0443074223722117,2.29004329004329,9.0,2.125,4.0,2.3636363636363638,2.0,1.0,0.0,0.0,2.0,3.0,5.0,3.0,4.0,3.0,4.0,13.0
AND_OR_NOT,842691957,9,3.768627450980392,17.0,11.09566842713322,9.700102135623915,12.139975849505431,True,1.3955662915093043,1.0443074223722117,3.768627450980392,10.0,2.59375,4.0,3.0,2.235294117647059,1.0,0.0,2.0,1.0,2.0,8.0,2.0,4.0,3.0,2.0,17.0
AND_OR_NOT,855665152,9,3.0,17.0,12.110122606507934,10.71455631499863,13.154430028880146,False,1.3955662915093043,1.0443074223722117,3.0,9.0,1.96875,5.0,1.5,3.375,0.0,1.0,0.0,2.0,2.0,5.0,3.0,2.0,1.0,2.0,17.0
AND_OR_NOT,859030464,9,4.063492063492063,12.0,9.453315213557405,8.0577489220481,10.497622635929616,True,1.3955662915093043,1.0443074223722117,4.063492063492063,7.0,2.375,3.0,2.3333333333333335,2.4285714285714284,0.0,1.0,2.0,3.0,5.0,5.0,4.0,3.0,1.0,1.0,12.0
AND_OR_NOT,893007152,9,3.5714285714285716,14.0,9.794482995545044,8.39891670403574,10.838790417917256,True,1.3955662915093043,1.0443074223722117,3.5714285714285716,7.0,2.5625,4.0,2.5555555555555554,2.5714285714285716,0.0,1.0,2.0,3.0,4.0,5.0,3.0,2.0,1.0,0.0,14.0
AND_OR_NOT,993246015,9,2.29004329004329,15.0,11.376726175541572,9.981159884032268,12.421033597913784,True,1.3955662915093043,1.0443074223722117,2.29004329004329,8.0,2.0,3.0,3.0,1.4761904761904763,1.0,0.0,0.0,2.0,3.0,4.0,4.0,4.0,2.0,5.0,15.0
AND_OR_NOT,1060303602,9,3.4048582995951415,13.0,9.131598640109676,7.7360323486003715,10.175906062481888,True,1.3955662915093043,1.0443074223722117,3.4048582995951415,10.0,2.5,3.0,3.0,2.1578947368421053,0.0,0.0,2.0,3.0,3.0,8.0,4.0,6.0,3.0,3.0,13.0
AND_OR_NOT,2096134384,9,3.2980392156862743,15.0,10.381541821485012,8.985975529975708,11.425849243857224,True,1.3955662915093043,1.0443074223722117,3.2980392156862743,9.0,2.34375,4.0,2.3333333333333335,2.3529411764705883,0.0,0.0,1.0,4.0,0.0,7.0,2.0,2.0,3.0,4.0,15.0
AND_OR_NOT,2156678220,9,3.0727272727272728,15.0,9.96351576205729,8.567949470547985,11.007823184429501,True,1.3955662915093043,1.0443074223722117,3.0727272727272728,8.0,2.0625,4.0,1.5454545454545454,3.2,0.0,1.0,1.0,1.0,0.0,4.0,3.0,5.0,1.0,0.0,15.0
AND_OR_NOT,2282264584,9,2.52,14.0,9.94648126755745,8.550914976048146,10.990788689929662,True,1.3955662915093043,1.0443074223722117,2.52,9.0,2.28125,5.0,2.0,3.2857142857142856,0.0,1.0,0.0,3.0,2.0,4.0,4.0,7.0,3.0,2.0,14.0
AND_OR_NOT,2820716728,9,2.816666666666667,13.0,9.59501958756751,8.199453296058206,10.639327009939722,True,1.3955662915093043,1.0443074223722117,2.816666666666667,8.0,2.4375,3.0,2.1,3.0,0.0,1.0,1.0,3.0,3.0,2.0,3.0,5.0,2.0,1.0,13.0
AND_OR_NOT,2869275395,9,3.111111111111111,16.0,10.356691354022395,8.96112506251309,11.400998776394607,True,1.3955662915093043,1.0443074223722117,3.111111111111111,9.0,2.40625,4.0,2.3333333333333335,2.5,1.0,1.0,2.0,2.0,3.0,1.0,6.0,3.0,3.0,2.0,16.0
AND_OR_NOT,2881006384,9,3.515625,15.0,10.417892599178433,9.022326307669129,11.462200021550645,True,1.3955662915093043,1.0443074223722117,3.515625,9.0,2.5,3.0,2.5,2.5,0.0,0.0,2.0,4.0,2.0,3.0,3.0,3.0,2.0,2.0,15.0
AND_OR_NOT,2901151503,9,3.2980392156862743,14.0,10.434255681826798,9.038689390317494,11.47856310419901,True,1.3955662915093043,1.0443074223722117,3.2980392156862743,8.0,2.375,3.0,2.466666666666667,2.2941176470588234,1.0,0.0,2.0,3.0,2.0,5.0,1.0,4.0,3.0,3.0,14.0
AND_OR_NOT,3166682288,9,3.75,12.0,9.101179628201251,7.705613336691947,10.145487050573463,True,1.3955662915093043,1.0443074223722117,3.75,7.0,2.625,3.0,3.0,2.4,0.0,0.0,2.0,3.0,4.0,3.0,3.0,2.0,0.0,0.0,12.0
AND_OR_NOT,3293365260,9,2.705627705627706,15.0,11.433687471104001,10.038121179594697,12.477994893476213,False,1.3955662915093043,1.0443074223722117,2.705627705627706,8.0,2.0,3.0,1.4761904761904763,3.0,0.0,1.0,1.0,3.0,1.0,5.0,3.0,5.0,4.0,3.0,15.0
AND_OR_NOT,3402235912,9,2.5555555555555554,13.0,9.586292039194937,8.190725747685633,10.630599461567149,True,1.3955662915093043,1.0443074223722117,2.5555555555555554,8.0,2.3125,4.0,2.0,3.111111111111111,0.0,1.0,0.0,3.0,2.0,3.0,5.0,5.0,4.0,2.0,13.0
AND_OR_NOT,3422553911,9,3.75,16.0,10.799903525793528,9.404337234284224,11.84421094816574,True,1.3955662915093043,1.0443074223722117,3.75,9.0,2.625,3.0,2.4,3.0,1.0,1.0,1.0,1.0,3.0,2.0,6.0,5.0,2.0,2.0,16.0
AND_OR_NOT,3439329210,9,3.0228571428571427,14.0,10.163565661330574,8.76799936982127,11.207873083702786,True,1.3955662915093043,1.0443074223722117,3.0228571428571427,8.0,2.34375,4.0,3.4285714285714284,2.04,0.0,0.0,4.0,3.0,6.0,7.0,8.0,8.0,5.0,5.0,14.0
AND_OR_NOT,3452821279,9,3.0727272727272728,16.0,10.435912082318412,9.040345790809107,11.480219504690623,True,1.3955662915093043,1.0443074223722117,3.0727272727272728,9.0,2.4375,4.0,3.2,2.090909090909091,1.0,0.0,0.0,2.0,4.0,1.0,3.0,3.0,1.0,2.0,16.0
AND_OR_NOT,3473878847,9,2.705627705627706,15.0,11.375054695288929,9.979488403779625,12.41936211766114,True,1.3955662915093043,1.0443074223722117,2.705627705627706,8.0,2.03125,4.0,3.090909090909091,1.4761904761904763,1.0,0.0,0.0,2.0,3.0,4.0,4.0,6.0,3.0,3.0,15.0
AND_OR_NOT,3762349294,9,3.111111111111111,15.0,11.18999135721105,9.794425065701745,12.234298779583261,True,1.3955662915093043,1.0443074223722117,3.111111111111111,8.0,2.5625,3.0,2.2222222222222223,3.0,0.0,1.0,2.0,3.0,4.0,3.0,4.0,4.0,1.0,1.0,15.0
AND_OR_NOT,3774062755,9,2.8588235294117648,14.0,10.558185578850006,9.162619287340702,11.602493001222218,True,1.3955662915093043,1.0443074223722117,2.8588235294117648,8.0,2.375,3.0,2.2941176470588234,2.466666666666667,1.0,1.0,3.0,3.0,5.0,3.0,3.0,4.0,3.0,3.0,14.0
AND_OR_NOT,3934825128,9,2.2857142857142856,12.0,8.417035460110117,7.021469168600813,9.46134288248233,False,1.3955662915093043,1.0443074223722117,2.2857142857142856,10.0,2.1875,4.0,2.1666666666666665,2.2142857142857144,0.0,1.0,0.0,4.0,3.0,2.0,4.0,3.0,4.0,1.0,12.0
AND_OR_NOT,4034955946,9,3.2666666666666666,16.0,10.132138429306973,8.736572137797669,11.176445851679185,True,1.3955662915093043,1.0443074223722117,3.2666666666666666,10.0,2.46875,4.0,2.15,3.0,0.0,1.0,1.0,4.0,1.0,2.0,2.0,3.0,3.0,2.0,16.0
AND_OR_NOT,4071616687,9,3.6406926406926408,12.0,9.441714139830708,8.046147848321404,10.48602156220292,True,1.3955662915093043,1.0443074223722117,3.6406926406926408,8.0,2.375,3.0,3.0,2.0476190476190474,1.0,0.0,2.0,3.0,1.0,5.0,2.0,4.0,3.0,3.0,12.0
AND_OR_NOT,4125160929,9,2.951417004048583,15.0,11.055059362173365,9.65949307066406,12.099366784545577,True,1.3955662915093043,1.0443074223722117,2.951417004048583,8.0,2.28125,4.0,2.5384615384615383,2.1052631578947367,1.0,0.0,4.0,3.0,7.0,4.0,8.0,2.0,5.0,0.0,15.0
AND_OR_NOT,4160757928,9,3.5217391304347827,14.0,8.885262207295805,7.4896959157865,9.929569629668016,False,1.3955662915093043,1.0443074223722117,3.5217391304347827,10.0,2.5,4.0,2.0869565217391304,3.5555555555555554,0.0,1.0,0.0,5.0,2.0,4.0,5.0,5.0,2.0,3.0,14.0
AND_OR_NOT,4229823709,9,3.0727272727272728,14.0,10.917551867096126,9.521985575586822,11.961859289468338,True,1.3955662915093043,1.0443074223722117,3.0727272727272728,8.0,2.5,4.0,3.2,2.1818181818181817,1.0,0.0,2.0,3.0,4.0,3.0,3.0,2.0,1.0,0.0,14.0
AND_OR_NOT,4230990895,9,3.75,14.0,10.76099671441175,9.365430422902445,11.805304136783962,True,1.3955662915093043,1.0443074223722117,3.75,8.0,2.5,3.0,3.0,2.2,1.0,0.0,2.0,3.0,3.0,4.0,3.0,2.0,2.0,1.0,14.0
AND_OR_NOT,4243254496,9,2.951417004048583,13.0,8.450140415306048,7.054574123796744,9.49444783767826,False,1.3955662915093043,1.0443074223722117,2.951417004048583,10.0,2.5,3.0,3.0,2.1578947368421053,0.0,0.0,0.0,5.0,4.0,7.0,5.0,4.0,2.0,2.0,13.0
AND_OR_NOT,4278521621,9,2.8588235294117648,14.0,9.966382319245314,8.57081602773601,11.010689741617526,True,1.3955662915093043,1.0443074223722117,2.8588235294117648,8.0,2.28125,4.0,2.466666666666667,2.1176470588235294,1.0,0.0,1.0,2.0,4.0,2.0,4.0,5.0,5.0,5.0,14.0
AND_OR_NOT,4280995466,9,2.951417004048583,15.0,9.869848126987007,8.474281835477703,10.914155549359219,True,1.3955662915093043,1.0443074223722117,2.951417004048583,10.0,2.25,4.0,2.4615384615384617,2.1052631578947367,0.0,0.0,1.0,4.0,3.0,5.0,5.0,5.0,2.0,2.0,15.0
AND_OR_NOT,4289336202,9,3.111111111111111,13.0,9.479764133655321,8.084197842146017,10.524071556027533,True,1.3955662915093043,1.0443074223722117,3.111111111111111,9.0,2.4375,4.0,2.5714285714285716,2.3333333333333335,0.0,0.0,2.0,3.0,3.0,3.0,3.0,3.0,1.0,1.0,13.0
AND_OR_NOT,4290505384,9,2.618181818181818,14.0,10.152355013225586,8.756788721716282,11.196662435597798,True,1.3955662915093043,1.0443074223722117,2.618181818181818,10.0,2.375,4.0,3.1,2.0454545454545454,0.0,0.0,1.0,4.0,4.0,4.0,7.0,3.0,3.0,1.0,14.0
AND_OR_NOT,4291614940,9,2.705627705627706,12.0,8.885035498829339,7.489469207320035,9.92934292120155,False,1.3955662915093043,1.0443074223722117,2.705627705627706,9.0,2.4375,4.0,3.090909090909091,2.0952380952380953,0.0,0.0,2.0,4.0,5.0,5.0,5.0,5.0,5.0,5.0,12.0
AND_OR_NOT,4292620914,9,3.75,18.0,11.339261555090975,9.94369526358167,12.383568977463186,True,1.3955662915093043,1.0443074223722117,3.75,11.0,2.71875,4.0,3.25,2.4,0.0,0.0,2.0,3.0,5.0,7.0,5.0,4.0,3.0,1.0,18.0
AND_OR_NOT,7239526,10,4.270588235294118,16.0,10.268232748292615,8.87266645678331,11.312540170664827,True,1.3955662915093043,1.0443074223722117,4.270588235294118,10.0,2.78125,4.0,2.5294117647058822,3.066666666666667,0.0,1.0,3.0,0.0,3.0,7.0,2.0,7.0,2.0,2.0,16.0
AND_OR_NOT,8914421,10,3.0727272727272728,15.0,11.742776394239936,10.347210102730632,12.787083816612148,True,1.3955662915093043,1.0443074223722117,3.0727272727272728,8.0,2.4375,4.0,2.090909090909091,3.2,1.0,1.0,2.0,1.0,3.0,3.0,3.0,2.0,1.0,1.0,15.0
AND_OR_NOT,50353104,10,3.0193236714975846,15.0,10.815823512326787,9.420257220817483,11.860130934698999,True,1.3955662915093043,1.0443074223722117,3.0193236714975846,8.0,2.40625,4.0,2.130434782608696,3.111111111111111,0.0,1.0,2.0,2.0,4.0,6.0,3.0,6.0,3.0,3.0,15.0
AND_OR_NOT,54996975,10,3.111111111111111,17.0,10.85456367875781,9.458997387248505,11.898871101130021,True,1.3955662915093043,1.0443074223722117,3.111111111111111,10.0,2.625,3.0,3.0,2.3333333333333335,1.0,0.0,1.0,0.0,2.0,5.0,5.0,4.0,3.0,0.0,17.0
AND_OR_NOT,83930752,10,3.0,14.0,9.662385481701282,8.266819190191978,10.706692904073494,False,1.3955662915093043,1.0443074223722117,3.0,10.0,2.40625,4.0,2.0416666666666665,3.5,0.0,1.0,0.0,3.0,3.0,5.0,5.0,2.0,4.0,1.0,14.0
AND_OR_NOT,168536671,10,3.2980392156862743,14.0,9.972727102220276,8.577160810710971,11.017034524592487,True,1.3955662915093043,1.0443074223722117,3.2980392156862743,9.0,2.3125,3.0,2.176470588235294,2.466666666666667,1.0,1.0,1.0,1.0,4.0,3.0,6.0,4.0,4.0,5.0,14.0
AND_OR_NOT,237915682,10,3.4048582995951415,16.0,10.615384919679714,9.21981862817041,11.659692342051926,True,1.3955662915093043,1.0443074223722117,3.4048582995951415,10.0,2.78125,4.0,2.5789473684210527,3.076923076923077,0.0,1.0,1.0,4.0,3.0,7.0,3.0,7.0,1.0,1.0,16.0
AND_OR_NOT,257949642,10,3.5636363636363635,18.0,11.902021059487321,10.506454767978017,12.946328481859533,True,1.3955662915093043,1.0443074223722117,3.5636363636363635,9.0,2.5625,4.0,3.4,2.1818181818181817,0.0,0.0,3.0,2.0,5.0,7.0,5.0,3.0,1.0,0.0,18.0
AND_OR_NOT,389481813,10,2.8588235294117648,16.0,9.995459871222765,8.599893579713461,11.039767293594977,True,1.3955662915093043,1.0443074223722117,2.8588235294117648,10.0,2.375,3.0,2.2941176470588234,2.466666666666667,1.0,1.0,1.0,1.0,2.0,5.0,4.0,6.0,2.0,2.0,16.0
AND_OR_NOT,578224644,10,3.0727272727272728,13.0,8.436258318438757,7.040692026929452,9.480565740810968,False,1.3955662915093043,1.0443074223722117,3.0727272727272728,10.0,2.4375,4.0,2.090909090909091,3.2,0.0,1.0,2.0,1.0,6.0,4.0,5.0,4.0,3.0,2.0,13.0
AND_OR_NOT,581439375,10,3.5714285714285716,18.0,11.552346893605016,10.156780602095711,12.596654315977228,True,1.3955662915093043,1.0443074223722117,3.5714285714285716,11.0,2.5,4.0,2.388888888888889,2.642857142857143,1.0,1.0,2.0,1.0,1.0,4.0,4.0,0.0,2.0,3.0,18.0
AND_OR_NOT,805367952,10,2.5208333333333335,16.0,11.511270641464147,10.115704349954843,12.555578063836359,True,1.3955662915093043,1.0443074223722117,2.5208333333333335,9.0,1.875,4.0,1.4166666666666667,3.25,0.0,1.0,1.0,2.0,3.0,4.0,5.0,1.0,1.0,4.0,16.0
AND_OR_NOT,808563635,10,2.450980392156863,14.0,9.908397596066159,8.512831304556855,10.95270501843837,False,1.3955662915093043,1.0443074223722117,2.450980392156863,9.0,2.1875,3.0,2.176470588235294,2.2,1.0,1.0,1.0,2.0,2.0,3.0,6.0,4.0,4.0,5.0,14.0
AND_OR_NOT,858992588,10,4.270588235294118,17.0,11.507765878082266,10.112199586572961,12.552073300454477,True,1.3955662915093043,1.0443074223722117,4.270588235294118,8.0,2.53125,4.0,2.533333333333333,2.5294117647058822,0.0,0.0,3.0,2.0,3.0,7.0,3.0,5.0,3.0,3.0,17.0
AND_OR_NOT,1427076156,10,4.515625,21.0,12.695696485954796,11.300130194445492,13.740003908327008,False,1.3955662915093043,1.0443074223722117,4.515625,10.0,3.0,3.0,3.0,3.0,0.0,0.0,3.0,0.0,1.0,5.0,4.0,4.0,2.0,1.0,21.0
AND_OR_NOT,1430274286,10,3.75,18.0,11.127731433898727,9.732165142389423,12.17203885627094,True,1.3955662915093043,1.0443074223722117,3.75,11.0,2.625,3.0,2.4,3.0,0.0,1.0,2.0,2.0,6.0,6.0,5.0,2.0,3.0,2.0,18.0
AND_OR_NOT,2158502434,10,3.0,18.0,12.348468885006477,10.952902593497173,13.39277630737869,True,1.3955662915093043,1.0443074223722117,3.0,9.0,2.0,4.0,1.5,3.5,0.0,1.0,1.0,2.0,2.0,3.0,1.0,3.0,3.0,1.0,18.0
AND_OR_NOT,2298198778,10,2.816666666666667,17.0,11.566593039822388,10.171026748313084,12.6109004621946,True,1.3955662915093043,1.0443074223722117,2.816666666666667,9.0,2.4375,3.0,3.0,2.1,0.0,0.0,3.0,2.0,5.0,5.0,5.0,6.0,2.0,1.0,17.0
AND_OR_NOT,2341182459,10,3.2666666666666666,14.0,9.644618356288994,8.24905206477969,10.688925778661206,False,1.3955662915093043,1.0443074223722117,3.2666666666666666,10.0,2.53125,4.0,3.0833333333333335,2.2,1.0,0.0,1.0,1.0,3.0,3.0,3.0,4.0,3.0,1.0,14.0
AND_OR_NOT,2343078904,10,4.0,16.0,9.780349602313287,8.384783310803982,10.824657024685498,False,1.3955662915093043,1.0443074223722117,4.0,10.0,2.75,3.0,3.0,2.5,0.0,0.0,2.0,2.0,3.0,3.0,4.0,4.0,2.0,1.0,16.0
AND_OR_NOT,2835284531,10,3.0625,17.0,10.068958359525865,8.673392068016561,11.113265781898077,True,1.3955662915093043,1.0443074223722117,3.0625,10.0,2.25,4.0,2.1875,2.3125,1.0,0.0,2.0,2.0,3.0,1.0,4.0,4.0,1.0,2.0,17.0
AND_OR_NOT,2903351557,10,3.8906882591093117,18.0,12.34988777311698,10.954321481607675,13.394195195489191,True,1.3955662915093043,1.0443074223722117,3.8906882591093117,9.0,2.65625,4.0,2.4210526315789473,3.0,1.0,1.0,2.0,3.0,2.0,3.0,5.0,5.0,5.0,5.0,18.0
AND_OR_NOT,3187511295,10,3.1025641025641026,17.0,11.807212760355208,10.411646468845904,12.85152018272742,True,1.3955662915093043,1.0443074223722117,3.1025641025641026,9.0,2.4375,4.0,4.0,2.076923076923077,1.0,0.0,0.0,1.0,2.0,3.0,3.0,5.0,3.0,2.0,17.0
AND_OR_NOT,3389048847,10,3.6406926406926408,17.0,11.879661956673523,10.484095665164219,12.923969379045735,True,1.3955662915093043,1.0443074223722117,3.6406926406926408,9.0,2.53125,4.0,2.238095238095238,3.090909090909091,1.0,1.0,3.0,3.0,3.0,2.0,4.0,4.0,4.0,4.0,17.0
AND_OR_NOT,3423354638,10,3.2980392156862743,14.0,9.679667898783668,8.284101607274364,10.72397532115588,False,1.3955662915093043,1.0443074223722117,3.2980392156862743,9.0,2.3125,3.0,2.176470588235294,2.466666666666667,0.0,1.0,3.0,3.0,7.0,7.0,7.0,10.0,6.0,5.0,14.0
AND_OR_NOT,3423390752,10,2.705627705627706,14.0,10.25413858824592,8.858572296736616,11.298446010618132,True,1.3955662915093043,1.0443074223722117,2.705627705627706,9.0,2.34375,5.0,2.2857142857142856,2.4545454545454546,0.0,1.0,0.0,4.0,3.0,6.0,5.0,5.0,5.0,1.0,14.0
AND_OR_NOT,3427174434,10,4.16017316017316,17.0,11.422974483495594,10.02740819198629,12.467281905867805,True,1.3955662915093043,1.0443074223722117,4.16017316017316,9.0,2.59375,4.0,2.238095238095238,3.272727272727273,0.0,1.0,1.0,4.0,3.0,4.0,2.0,6.0,3.0,3.0,17.0
AND_OR_NOT,3435923663,10,2.450980392156863,15.0,10.63809803320776,9.242531741698455,11.682405455579971,True,1.3955662915093043,1.0443074223722117,2.450980392156863,9.0,2.1875,3.0,2.176470588235294,2.2,1.0,1.0,3.0,3.0,5.0,3.0,4.0,3.0,4.0,3.0,15.0
AND_OR_NOT,3436104766,10,3.5714285714285716,17.0,11.765815258092514,10.37024896658321,12.810122680464726,True,1.3955662915093043,1.0443074223722117,3.5714285714285716,9.0,2.4375,4.0,2.5714285714285716,2.3333333333333335,0.0,0.0,3.0,2.0,5.0,4.0,4.0,5.0,1.0,2.0,17.0
AND_OR_NOT,3498624136,10,3.0727272727272728,16.0,11.014111675865427,9.618545384356123,12.05841909823764,True,1.3955662915093043,1.0443074223722117,3.0727272727272728,9.0,2.46875,4.0,2.1363636363636362,3.2,0.0,1.0,0.0,4.0,2.0,2.0,2.0,4.0,3.0,1.0,16.0
AND_OR_NOT,3705494783,10,2.5555555555555554,15.0,9.633445467701463,8.237879176192159,10.677752890073675,False,1.3955662915093043,1.0443074223722117,2.5555555555555554,10.0,2.3125,4.0,3.111111111111111,2.0,1.0,0.0,1.0,2.0,3.0,4.0,4.0,6.0,2.0,2.0,15.0
AND_OR_NOT,3755014135,10,3.0,17.0,12.278219127068013,10.882652835558709,13.322526549440225,True,1.3955662915093043,1.0443074223722117,3.0,9.0,2.4375,4.0,3.5,2.0833333333333335,1.0,0.0,1.0,2.0,3.0,1.0,4.0,2.0,0.0,0.0,17.0
AND_OR_NOT,3757408245,10,3.1025641025641026,16.0,10.747857237315372,9.352290945806068,11.792164659687584,True,1.3955662915093043,1.0443074223722117,3.1025641025641026,8.0,1.875,5.0,3.6666666666666665,1.4615384615384615,1.0,0.0,1.0,2.0,2.0,1.0,1.0,3.0,2.0,1.0,16.0
AND_OR_NOT,4098676063,10,3.8906882591093117,24.0,13.65885762504643,12.263291333537126,14.703165047418642,False,1.3955662915093043,1.0443074223722117,3.8906882591093117,12.0,2.65625,4.0,3.076923076923077,2.3684210526315788,1.0,0.0,1.0,3.0,3.0,5.0,4.0,7.0,6.0,5.0,24.0
AND_OR_NOT,4122071056,10,3.111111111111111,17.0,11.229328790935744,9.83376249942644,12.273636213307956,True,1.3955662915093043,1.0443074223722117,3.111111111111111,10.0,2.625,3.0,2.3333333333333335,3.0,0.0,1.0,2.0,3.0,5.0,2.0,5.0,3.0,3.0,3.0,17.0
AND_OR_NOT,4194242839,10,3.2666666666666666,19.0,12.180470724332768,10.784904432823463,13.22477814670498,True,1.3955662915093043,1.0443074223722117,3.2666666666666666,11.0,2.53125,4.0,3.1666666666666665,2.15,1.0,0.0,0.0,1.0,5.0,0.0,5.0,1.0,0.0,2.0,19.0
AND_OR_NOT,4240306352,10,2.951417004048583,16.0,11.516210000331721,10.120643708822417,12.560517422703933,True,1.3955662915093043,1.0443074223722117,2.951417004048583,9.0,2.40625,4.0,2.5384615384615383,2.3157894736842106,0.0,0.0,2.0,5.0,4.0,5.0,7.0,7.0,6.0,6.0,16.0
AND_OR_NOT,4264759313,10,3.111111111111111,14.0,10.836598868842632,9.441032577333328,11.880906291214844,True,1.3955662915093043,1.0443074223722117,3.111111111111111,8.0,2.53125,4.0,2.1666666666666665,3.0,1.0,1.0,3.0,3.0,5.0,2.0,5.0,2.0,1.0,0.0,14.0
AND_OR_NOT,4284357146,10,3.8906882591093117,14.0,9.124935217855306,7.729368926346002,10.169242640227518,False,1.3955662915093043,1.0443074223722117,3.8906882591093117,10.0,2.59375,4.0,3.076923076923077,2.263157894736842,0.0,0.0,2.0,3.0,3.0,4.0,5.0,8.0,3.0,2.0,14.0
AND_OR_NOT,4290824768,10,2.8588235294117648,15.0,9.717055333280312,8.321489041771008,10.761362755652524,False,1.3955662915093043,1.0443074223722117,2.8588235294117648,10.0,2.375,3.0,2.2941176470588234,2.466666666666667,0.0,1.0,0.0,5.0,3.0,6.0,3.0,3.0,5.0,2.0,15.0
AND_OR_NOT,3277174,11,3.5217391304347827,20.0,12.171638233205222,10.776071941695918,13.215945655577434,True,1.3955662915093043,1.0443074223722117,3.5217391304347827,11.0,2.5,5.0,2.130434782608696,3.4444444444444446,0.0,1.0,4.0,1.0,4.0,6.0,5.0,7.0,3.0,5.0,20.0
AND_OR_NOT,5963736,11,4.0,18.0,11.989746433923944,10.59418014241464,13.034053856296156,True,1.3955662915093043,1.0443074223722117,4.0,8.0,2.625,4.0,2.625,2.625,0.0,0.0,2.0,2.0,5.0,6.0,5.0,3.0,2.0,0.0,18.0
AND_OR_NOT,7667961,11,2.705627705627706,17.0,12.552757360932793,11.157191069423488,13.597064783305004,True,1.3955662915093043,1.0443074223722117,2.705627705627706,9.0,2.0625,4.0,1.5238095238095237,3.090909090909091,1.0,1.0,3.0,1.0,5.0,5.0,4.0,5.0,3.0,1.0,17.0
AND_OR_NOT,135138059,11,2.618181818181818,19.0,14.49858986935126,13.103023577841956,15.542897291723472,False,1.3955662915093043,1.0443074223722117,2.618181818181818,9.0,2.03125,4.0,1.5454545454545454,3.1,1.0,1.0,3.0,1.0,4.0,2.0,4.0,2.0,2.0,1.0,19.0
AND_OR_NOT,137560191,11,2.816666666666667,17.0,10.651014400024488,9.255448108515184,11.6953218223967,False,1.3955662915093043,1.0443074223722117,2.816666666666667,10.0,2.34375,5.0,2.25,2.5,1.0,1.0,1.0,0.0,1.0,3.0,2.0,3.0,3.0,2.0,17.0
AND_OR_NOT,168232959,11,3.515625,19.0,11.432919864759365,10.03735357325006,12.477227287131576,True,1.3955662915093043,1.0443074223722117,3.515625,11.0,2.46875,4.0,2.375,2.5625,1.0,0.0,0.0,0.0,3.0,3.0,3.0,4.0,3.0,2.0,19.0
AND_OR_NOT,184224575,11,3.111111111111111,17.0,11.228713110340614,9.83314681883131,12.273020532712826,True,1.3955662915093043,1.0443074223722117,3.111111111111111,11.0,2.34375,4.0,2.5,2.2222222222222223,1.0,0.0,0.0,1.0,5.0,3.0,4.0,2.0,4.0,3.0,17.0
AND_OR_NOT,327037950,11,3.75,19.0,11.825624921269513,10.43005862976021,12.869932343641725,True,1.3955662915093043,1.0443074223722117,3.75,12.0,2.875,4.0,2.6666666666666665,3.0,0.0,0.0,4.0,0.0,5.0,8.0,4.0,5.0,3.0,1.0,19.0
AND_OR_NOT,729784821,11,4.266666666666667,18.0,12.662500243011461,11.266933951502157,13.706807665383673,True,1.3955662915093043,1.0443074223722117,4.266666666666667,9.0,2.8125,4.0,3.1666666666666665,2.6,1.0,0.0,1.0,1.0,4.0,4.0,4.0,3.0,2.0,2.0,18.0
AND_OR_NOT,758982712,11,4.587301587301587,16.0,11.205329617905946,9.809763326396642,12.249637040278158,True,1.3955662915093043,1.0443074223722117,4.587301587301587,8.0,2.75,3.0,2.5555555555555554,3.0,0.0,1.0,2.0,2.0,5.0,4.0,4.0,3.0,1.0,1.0,16.0
AND_OR_NOT,1087266912,11,4.090909090909091,20.0,12.535896617566205,11.140330326056901,13.580204039938417,True,1.3955662915093043,1.0443074223722117,4.090909090909091,12.0,2.5625,4.0,2.227272727272727,3.3,0.0,1.0,0.0,3.0,4.0,6.0,4.0,3.0,4.0,1.0,20.0
AND_OR_NOT,1146941132,11,3.0625,21.0,12.110680309929071,10.715114018419767,13.154987732301283,True,1.3955662915093043,1.0443074223722117,3.0625,10.0,2.65625,4.0,3.0,2.3125,0.0,0.0,1.0,1.0,2.0,7.0,5.0,3.0,2.0,0.0,21.0
AND_OR_NOT,1275109631,11,3.8906882591093117,18.0,12.809534483950824,11.41396819244152,13.853841906323035,True,1.3955662915093043,1.0443074223722117,3.8906882591093117,9.0,2.46875,4.0,2.3684210526315788,2.6153846153846154,1.0,1.0,2.0,3.0,1.0,4.0,2.0,2.0,2.0,5.0,18.0
AND_OR_NOT,1330629827,11,4.063492063492063,18.0,12.881735714460152,11.486169422950848,13.926043136832364,True,1.3955662915093043,1.0443074223722117,4.063492063492063,9.0,2.5625,4.0,2.5714285714285716,2.5555555555555554,1.0,0.0,3.0,2.0,3.0,5.0,2.0,0.0,1.0,1.0,18.0
AND_OR_NOT,1610578032,11,3.6406926406926408,19.0,11.773172485677229,10.377606194167925,12.81747990804944,True,1.3955662915093043,1.0443074223722117,3.6406926406926408,10.0,2.59375,4.0,3.3636363636363638,2.1904761904761907,0.0,0.0,2.0,2.0,1.0,8.0,2.0,4.0,5.0,4.0,19.0
AND_OR_NOT,1626390528,11,3.0,17.0,11.966712069796683,10.571145778287379,13.011019492168895,True,1.3955662915093043,1.0443074223722117,3.0,9.0,1.96875,4.0,1.4583333333333333,3.5,0.0,1.0,0.0,3.0,1.0,3.0,2.0,1.0,1.0,4.0,17.0
AND_OR_NOT,1711730671,11,3.75,18.0,11.741483572954644,10.34591728144534,12.785790995326856,True,1.3955662915093043,1.0443074223722117,3.75,12.0,2.5625,3.0,3.0,2.3,1.0,0.0,2.0,3.0,5.0,3.0,1.0,1.0,3.0,2.0,18.0
AND_OR_NOT,2292891712,11,3.0193236714975846,14.0,10.047031436984405,8.6514651454751,11.091338859356616,False,1.3955662915093043,1.0443074223722117,3.0193236714975846,9.0,2.40625,4.0,2.0434782608695654,3.3333333333333335,0.0,1.0,0.0,4.0,2.0,5.0,3.0,6.0,4.0,2.0,14.0
AND_OR_NOT,2382532166,11,3.75,19.0,13.081749582892611,11.686183291383307,14.126057005264823,True,1.3955662915093043,1.0443074223722117,3.75,9.0,2.6875,4.0,2.4,3.1666666666666665,0.0,1.0,2.0,3.0,2.0,4.0,5.0,5.0,2.0,1.0,19.0
AND_OR_NOT,2615057288,11,4.587301587301587,20.0,11.695803141777933,10.300236850268629,12.740110564150145,True,1.3955662915093043,1.0443074223722117,4.587301587301587,11.0,2.8125,4.0,3.0714285714285716,2.611111111111111,0.0,0.0,1.0,4.0,5.0,5.0,5.0,4.0,2.0,0.0,20.0
AND_OR_NOT,2852146376,11,3.5636363636363635,18.0,11.81785375708408,10.422287465574776,12.862161179456292,True,1.3955662915093043,1.0443074223722117,3.5636363636363635,10.0,2.59375,4.0,2.1363636363636362,3.6,0.0,1.0,0.0,3.0,3.0,3.0,7.0,3.0,3.0,0.0,18.0
AND_OR_NOT,2852397585,11,4.06280193236715,18.0,11.852061251823343,10.45649496031404,12.896368674195555,True,1.3955662915093043,1.0443074223722117,4.06280193236715,10.0,2.5,5.0,2.130434782608696,3.4444444444444446,1.0,1.0,4.0,3.0,4.0,4.0,2.0,5.0,4.0,2.0,18.0
AND_OR_NOT,3091249384,11,3.8906882591093117,17.0,10.283947680079233,8.888381388569929,11.328255102451445,False,1.3955662915093043,1.0443074223722117,3.8906882591093117,11.0,2.6875,4.0,2.3684210526315788,3.1538461538461537,0.0,1.0,0.0,4.0,4.0,6.0,3.0,6.0,4.0,1.0,17.0
AND_OR_NOT,3096160399,11,4.0,21.0,12.167745653699892,10.772179362190588,13.212053076072104,True,1.3955662915093043,1.0443074223722117,4.0,11.0,2.78125,4.0,3.0,2.5625,1.0,0.0,2.0,2.0,2.0,1.0,7.0,1.0,3.0,3.0,21.0
AND_OR_NOT,3236990714,11,3.515625,20.0,12.540434291087534,11.14486799957823,13.584741713459746,True,1.3955662915093043,1.0443074223722117,3.515625,10.0,2.5625,4.0,2.5625,2.5625,0.0,0.0,2.0,3.0,4.0,3.0,4.0,6.0,1.0,2.0,20.0
AND_OR_NOT,3301304007,11,3.768627450980392,18.0,11.342087555293524,9.94652126378422,12.386394977665736,True,1.3955662915093043,1.0443074223722117,3.768627450980392,10.0,2.71875,4.0,3.0,2.4705882352941178,1.0,0.0,2.0,2.0,6.0,3.0,5.0,4.0,3.0,3.0,18.0
AND_OR_NOT,3422487487,11,3.0727272727272728,21.0,12.079284959579141,10.683718668069837,13.123592381951353,True,1.3955662915093043,1.0443074223722117,3.0727272727272728,10.0,2.46875,4.0,3.2,2.1363636363636362,1.0,0.0,0.0,2.0,3.0,1.0,2.0,4.0,3.0,2.0,21.0
AND_OR_NOT,3423371018,11,3.2980392156862743,16.0,11.062643129449699,9.667076837940394,12.10695055182191,True,1.3955662915093043,1.0443074223722117,3.2980392156862743,10.0,2.59375,4.0,2.235294117647059,3.0,0.0,1.0,2.0,3.0,5.0,6.0,4.0,7.0,4.0,3.0,16.0
AND_OR_NOT,3425929442,11,5.142857142857143,19.0,12.284258178640812,10.888691887131507,13.328565601013024,True,1.3955662915093043,1.0443074223722117,5.142857142857143,10.0,2.8125,4.0,2.5555555555555554,3.142857142857143,0.0,1.0,2.0,4.0,6.0,4.0,4.0,3.0,1.0,1.0,19.0
AND_OR_NOT,3435954018,11,4.063492063492063,18.0,12.410074314288629,11.014508022779324,13.45438173666084,True,1.3955662915093043,1.0443074223722117,4.063492063492063,9.0,2.625,4.0,2.7142857142857144,2.5555555555555554,0.0,0.0,2.0,2.0,6.0,5.0,6.0,5.0,3.0,1.0,18.0
AND_OR_NOT,3437375538,11,4.4089068825910935,16.0,10.2453993627125,8.849833071203197,11.289706785084713,False,1.3955662915093043,1.0443074223722117,4.4089068825910935,11.0,2.75,3.0,2.5789473684210527,3.0,0.0,1.0,2.0,3.0,5.0,6.0,5.0,6.0,5.0,5.0,16.0
AND_OR_NOT,3695466054,11,4.063492063492063,17.0,10.890486863521376,9.494920572012072,11.934794285893588,False,1.3955662915093043,1.0443074223722117,4.063492063492063,10.0,2.8125,4.0,3.0,2.5714285714285716,0.0,1.0,2.0,2.0,3.0,2.0,5.0,6.0,3.0,1.0,17.0
AND_OR_NOT,3741382912,11,2.5303643724696356,18.0,11.502691596706578,10.107125305197274,12.54699901907879,True,1.3955662915093043,1.0443074223722117,2.5303643724696356,10.0,2.09375,4.0,1.4736842105263157,3.0,0.0,1.0,1.0,4.0,2.0,4.0,4.0,4.0,2.0,4.0,18.0
AND_OR_NOT,3757703216,11,2.8588235294117648,16.0,10.753356106960252,9.357789815450948,11.797663529332464,False,1.3955662915093043,1.0443074223722117,2.8588235294117648,10.0,2.59375,4.0,2.235294117647059,3.0,0.0,1.0,1.0,3.0,4.0,5.0,4.0,6.0,2.0,2.0,16.0
AND_OR_NOT,3986730656,11,3.2980392156862743,19.0,11.732521955509224,10.33695566399992,12.776829377881436,True,1.3955662915093043,1.0443074223722117,3.2980392156862743,11.0,2.4375,4.0,2.3529411764705883,2.533333333333333,0.0,1.0,0.0,5.0,4.0,5.0,5.0,5.0,2.0,2.0,19.0
AND_OR_NOT,4022838019,11,3.5714285714285716,17.0,10.905990081907614,9.51042379039831,11.950297504279826,False,1.3955662915093043,1.0443074223722117,3.5714285714285716,12.0,2.78125,4.0,3.0714285714285716,2.5555555555555554,1.0,0.0,2.0,3.0,2.0,2.0,2.0,1.0,2.0,3.0,17.0
AND_OR_NOT,4041080657,11,3.6406926406926408,18.0,12.471286745714213,11.075720454204909,13.515594168086425,True,1.3955662915093043,1.0443074223722117,3.6406926406926408,9.0,2.53125,4.0,3.090909090909091,2.238095238095238,1.0,0.0,2.0,3.0,6.0,3.0,6.0,4.0,4.0,2.0,18.0
AND_OR_NOT,4075965518,11,4.270588235294118,20.0,12.195730375603995,10.80016408409469,13.240037797976207,True,1.3955662915093043,1.0443074223722117,4.270588235294118,10.0,2.78125,4.0,3.0,2.588235294117647,0.0,0.0,2.0,4.0,5.0,4.0,3.0,7.0,5.0,4.0,20.0
AND_OR_NOT,4224773632,11,3.0625,17.0,11.304266178814673,9.908699887305369,12.348573601186885,True,1.3955662915093043,1.0443074223722117,3.0625,11.0,2.40625,4.0,2.3125,2.5,0.0,0.0,0.0,5.0,4.0,5.0,4.0,2.0,3.0,1.0,17.0
AND_OR_NOT,4236002556,11,3.4048582995951415,20.0,13.371555292708951,11.975989001199647,14.415862715081163,True,1.3955662915093043,1.0443074223722117,3.4048582995951415,10.0,2.5625,5.0,2.5384615384615383,2.5789473684210527,0.0,0.0,2.0,3.0,2.0,6.0,3.0,6.0,4.0,3.0,20.0
