language,truth_table,exact_minimum_gates,classical_lower_k_plus_1,classical_upper_k_plus_1,predicted_k_plus_1,calibrated_lower_k_plus_1,calibrated_upper_k_plus_1,covered,n4_lower_allowance,n4_upper_allowance,khrapchenko_product,decision_tree_leaf_count,mean_certificate_size,maximum_certificate_size,mean_certificate_size_output_0,mean_certificate_size_output_1,anf_terms_degree_0,fourier_negative_degree_0,anf_terms_degree_1,fourier_negative_degree_1,anf_terms_degree_2,fourier_negative_degree_2,anf_terms_degree_3,fourier_negative_degree_3,anf_terms_degree_4,fourier_negative_degree_4,exact_aon_cover_upper,and_factorable_partitions,or_factorable_partitions,canalizing_variable_count,restriction_upper_k_plus_1,factor_upper_k_plus_1,construction_upper_k_plus_1,prime_cover_slack,inputs,existing_upper_k_plus_1,source,cohort,classical_width,restriction_gain,factor_gain,exact_k_plus_1,true_slack,baseline_lower_k_plus_1,baseline_upper_k_plus_1,baseline_covered,structure_augmented_lower_k_plus_1,structure_augmented_upper_k_plus_1,structure_augmented_covered,model,predicted_slack,calibration_offset,learned_reduction,learned_upper_k_plus_1,combined_upper_k_plus_1
AND_OR_NOT,3277174,11,3.5217391304347827,20.0,12.171638233205222,10.776071941695918,13.215945655577434,True,1.3955662915093043,1.0443074223722115,3.5217391304347827,11.0,2.5,5.0,2.130434782608696,3.4444444444444446,0.0,1.0,4.0,1.0,4.0,6.0,5.0,7.0,3.0,5.0,20.0,0.0,0.0,0.0,15.0,189.0,15.0,7.828361766794778,5,20.0,n5_sparse_layers,cost_11,16.47826086956522,5.0,0.0,12,8.0,,,,,,,boosting,6.567178406777042,1.478310336911039,5.0888680698660025,14.911131930133998,14.911131930133998
AND_OR_NOT,5963736,11,4.0,18.0,11.989746433923944,10.59418014241464,13.034053856296156,True,1.3955662915093043,1.0443074223722115,4.0,8.0,2.625,4.0,2.625,2.625,0.0,0.0,2.0,2.0,5.0,6.0,5.0,3.0,2.0,0.0,18.0,0.0,0.0,0.0,14.0,189.0,14.0,6.010253566076056,5,18.0,n5_sparse_layers,cost_11,14.0,4.0,0.0,12,6.0,,,,,,,boosting,5.810307519833758,1.478310336911039,4.331997182922719,13.66800281707728,13.66800281707728
AND_OR_NOT,7667961,11,2.705627705627706,17.0,12.552757360932793,11.157191069423488,13.597064783305004,True,1.3955662915093043,1.0443074223722115,2.705627705627706,9.0,2.0625,4.0,1.5238095238095235,3.090909090909091,1.0,1.0,3.0,1.0,5.0,5.0,4.0,5.0,3.0,1.0,17.0,1.0,0.0,1.0,15.0,13.0,13.0,4.447242639067207,5,17.0,n5_sparse_layers,cost_11,14.294372294372295,2.0,4.0,12,5.0,,,,,,,boosting,5.170710587324742,1.478310336911039,3.6924002504137032,13.307599749586297,13.0
AND_OR_NOT,135138059,11,2.618181818181818,19.0,14.49858986935126,13.103023577841956,15.542897291723472,True,1.3955662915093043,1.0443074223722115,2.618181818181818,9.0,2.03125,4.0,1.5454545454545454,3.1,1.0,1.0,3.0,1.0,4.0,2.0,4.0,2.0,2.0,1.0,19.0,1.0,0.0,1.0,15.0,12.0,12.0,4.50141013064874,5,19.0,n5_sparse_layers,cost_11,16.381818181818183,4.0,7.0,12,7.0,,,,,,,boosting,5.846574250532558,1.478310336911039,4.368263913621519,14.631736086378481,12.0
AND_OR_NOT,137560191,11,2.816666666666667,17.0,10.651014400024488,9.255448108515184,11.6953218223967,True,1.3955662915093043,1.0443074223722115,2.816666666666667,10.0,2.34375,5.0,2.25,2.5,1.0,1.0,1.0,0.0,1.0,3.0,2.0,3.0,3.0,2.0,17.0,0.0,0.0,0.0,13.0,189.0,13.0,6.348985599975512,5,17.0,n5_sparse_layers,cost_11,14.183333333333334,4.0,0.0,12,5.0,,,,,,,boosting,6.177189957359157,1.478310336911039,4.698879620448118,12.301120379551882,12.301120379551882
AND_OR_NOT,168232959,11,3.515625,19.0,11.432919864759365,10.03735357325006,12.477227287131576,True,1.3955662915093043,1.0443074223722115,3.515625,11.0,2.46875,4.0,2.375,2.5625,1.0,0.0,0.0,0.0,3.0,3.0,3.0,4.0,3.0,2.0,19.0,0.0,0.0,0.0,16.0,189.0,16.0,7.567080135240635,5,19.0,n5_sparse_layers,cost_11,15.484375,3.0,0.0,12,7.0,,,,,,,boosting,5.358979521482522,1.478310336911039,3.8806691845714827,15.119330815428517,15.119330815428517
AND_OR_NOT,184224575,11,3.111111111111111,17.0,11.228713110340614,9.83314681883131,12.273020532712826,True,1.3955662915093043,1.0443074223722115,3.111111111111111,11.0,2.34375,4.0,2.5,2.2222222222222223,1.0,0.0,0.0,1.0,5.0,3.0,4.0,2.0,4.0,3.0,17.0,0.0,0.0,0.0,15.0,189.0,15.0,5.771286889659386,5,17.0,n5_sparse_layers,cost_11,13.88888888888889,2.0,0.0,12,5.0,,,,,,,boosting,5.880285529347285,1.478310336911039,4.401975192436246,12.598024807563753,12.598024807563753
AND_OR_NOT,327037950,11,3.75,19.0,11.825624921269512,10.43005862976021,12.869932343641723,True,1.3955662915093043,1.0443074223722115,3.75,12.0,2.875,4.0,2.6666666666666665,3.0,0.0,0.0,4.0,0.0,5.0,8.0,4.0,5.0,3.0,1.0,19.0,0.0,0.0,0.0,16.0,189.0,16.0,7.174375078730488,5,19.0,n5_sparse_layers,cost_11,15.25,3.0,0.0,12,7.0,,,,,,,boosting,5.100548571447424,1.478310336911039,3.6222382345363853,15.377761765463614,15.377761765463614
AND_OR_NOT,729784821,11,4.266666666666667,18.0,12.66250024301146,11.266933951502155,13.706807665383671,True,1.3955662915093043,1.0443074223722115,4.266666666666667,9.0,2.8125,4.0,3.1666666666666665,2.6,1.0,0.0,1.0,1.0,4.0,4.0,4.0,3.0,2.0,2.0,18.0,0.0,0.0,0.0,13.0,189.0,13.0,5.3374997569885405,5,18.0,n5_sparse_layers,cost_11,13.733333333333334,5.0,0.0,12,6.0,,,,,,,boosting,5.293843230976559,1.478310336911039,3.8155328940655195,14.18446710593448,13.0
AND_OR_NOT,758982712,11,4.587301587301587,16.0,11.205329617905946,9.809763326396642,12.249637040278158,True,1.3955662915093043,1.0443074223722115,4.587301587301587,8.0,2.75,3.0,2.555555555555556,3.0,0.0,1.0,2.0,2.0,5.0,4.0,4.0,3.0,1.0,1.0,16.0,0.0,0.0,0.0,13.0,189.0,13.0,4.794670382094054,5,16.0,n5_sparse_layers,cost_11,11.412698412698413,3.0,0.0,12,4.0,,,,,,,boosting,3.91526241353343,1.478310336911039,2.436952076622391,13.56304792337761,13.0
AND_OR_NOT,1087266912,11,4.090909090909091,20.0,12.535896617566204,11.1403303260569,13.580204039938415,True,1.3955662915093043,1.0443074223722115,4.090909090909091,12.0,2.5625,4.0,2.227272727272727,3.3,0.0,1.0,0.0,3.0,4.0,6.0,4.0,3.0,4.0,1.0,20.0,0.0,0.0,0.0,16.0,189.0,16.0,7.464103382433796,5,20.0,n5_sparse_layers,cost_11,15.90909090909091,4.0,0.0,12,8.0,,,,,,,boosting,5.809270221350492,1.478310336911039,4.330959884439453,15.669040115560547,15.669040115560547
AND_OR_NOT,1146941132,11,3.0625,21.0,12.110680309929071,10.715114018419769,13.154987732301285,True,1.3955662915093043,1.0443074223722115,3.0625,10.0,2.65625,4.0,3.0,2.3125,0.0,0.0,1.0,1.0,2.0,7.0,5.0,3.0,2.0,0.0,21.0,0.0,0.0,0.0,14.0,189.0,14.0,8.889319690070929,5,21.0,n5_sparse_layers,cost_11,17.9375,7.0,0.0,12,9.0,,,,,,,boosting,5.980741049225626,1.478310336911039,4.502430712314587,16.497569287685412,14.0
AND_OR_NOT,1275109631,11,3.890688259109312,18.0,12.809534483950824,11.41396819244152,13.853841906323035,True,1.3955662915093043,1.0443074223722115,3.890688259109312,9.0,2.46875,4.0,2.3684210526315788,2.6153846153846154,1.0,1.0,2.0,3.0,1.0,4.0,2.0,2.0,2.0,5.0,18.0,0.0,0.0,0.0,12.0,189.0,12.0,5.190465516049176,5,18.0,n5_sparse_layers,cost_11,14.109311740890687,6.0,0.0,12,6.0,,,,,,,boosting,5.470394391985372,1.478310336911039,3.992084055074333,14.007915944925667,12.0
AND_OR_NOT,1330629827,11,4.063492063492063,18.0,12.881735714460152,11.486169422950848,13.926043136832364,True,1.3955662915093043,1.0443074223722115,4.063492063492063,9.0,2.5625,4.0,2.571428571428572,2.555555555555556,1.0,0.0,3.0,2.0,3.0,5.0,2.0,0.0,1.0,1.0,18.0,0.0,0.0,0.0,13.0,189.0,13.0,5.118264285539848,5,18.0,n5_sparse_layers,cost_11,13.936507936507937,5.0,0.0,12,6.0,,,,,,,boosting,5.280051506478847,1.478310336911039,3.8017411695678076,14.198258830432192,13.0
AND_OR_NOT,1610578032,11,3.6406926406926408,19.0,11.773172485677229,10.377606194167925,12.81747990804944,True,1.3955662915093043,1.0443074223722115,3.6406926406926408,10.0,2.59375,4.0,3.363636363636364,2.1904761904761907,0.0,0.0,2.0,2.0,1.0,8.0,2.0,4.0,5.0,4.0,19.0,0.0,0.0,0.0,14.0,189.0,14.0,7.226827514322771,5,19.0,n5_sparse_layers,cost_11,15.359307359307358,5.0,0.0,12,7.0,,,,,,,boosting,6.13583954694971,1.478310336911039,4.657529210038671,14.342470789961329,14.0
AND_OR_NOT,1626390528,11,3.0,17.0,11.966712069796683,10.57114577828738,13.011019492168897,True,1.3955662915093043,1.0443074223722115,3.0,9.0,1.96875,4.0,1.4583333333333333,3.5,0.0,1.0,0.0,3.0,1.0,3.0,2.0,1.0,1.0,4.0,17.0,1.0,0.0,1.0,13.0,12.0,12.0,5.033287930203317,5,17.0,n5_sparse_layers,cost_11,14.0,4.0,5.0,12,5.0,,,,,,,boosting,5.518005773161621,1.478310336911039,4.039695436250582,12.960304563749418,12.0
AND_OR_NOT,1711730671,11,3.75,18.0,11.741483572954644,10.34591728144534,12.785790995326856,True,1.3955662915093043,1.0443074223722115,3.75,12.0,2.5625,3.0,3.0,2.3,1.0,0.0,2.0,3.0,5.0,3.0,1.0,1.0,3.0,2.0,18.0,0.0,0.0,0.0,15.0,189.0,15.0,6.258516427045356,5,18.0,n5_sparse_layers,cost_11,14.25,3.0,0.0,12,6.0,,,,,,,boosting,4.9471358300591675,1.478310336911039,3.4688254931481284,14.531174506851873,14.531174506851873
AND_OR_NOT,2292891712,11,3.0193236714975846,14.0,10.047031436984405,8.6514651454751,11.091338859356616,False,1.3955662915093043,1.0443074223722115,3.0193236714975846,9.0,2.40625,4.0,2.0434782608695654,3.333333333333333,0.0,1.0,0.0,4.0,2.0,5.0,3.0,6.0,4.0,2.0,14.0,0.0,0.0,0.0,12.0,189.0,12.0,3.9529685630155953,5,14.0,n5_sparse_layers,cost_11,10.980676328502415,2.0,0.0,12,2.0,,,,,,,boosting,3.908381639551633,1.478310336911039,2.430071302640594,11.569928697359407,11.569928697359407
AND_OR_NOT,2382532166,11,3.75,19.0,13.081749582892613,11.686183291383308,14.126057005264824,True,1.3955662915093043,1.0443074223722115,3.75,9.0,2.6875,4.0,2.4,3.1666666666666665,0.0,1.0,2.0,3.0,2.0,4.0,5.0,5.0,2.0,1.0,19.0,0.0,0.0,0.0,14.0,189.0,14.0,5.918250417107387,5,19.0,n5_sparse_layers,cost_11,15.25,5.0,0.0,12,7.0,,,,,,,boosting,5.383481475635861,1.478310336911039,3.905171138724822,15.094828861275179,14.0
AND_OR_NOT,2615057288,11,4.587301587301587,20.0,11.695803141777931,10.300236850268629,12.740110564150145,True,1.3955662915093043,1.0443074223722115,4.587301587301587,11.0,2.8125,4.0,3.071428571428572,2.611111111111111,0.0,0.0,1.0,4.0,5.0,5.0,5.0,4.0,2.0,0.0,20.0,0.0,0.0,0.0,14.0,189.0,14.0,8.304196858222069,5,20.0,n5_sparse_layers,cost_11,15.412698412698413,6.0,0.0,12,8.0,,,,,,,boosting,6.029656733082086,1.478310336911039,4.551346396171047,15.448653603828953,14.0
AND_OR_NOT,2852146376,11,3.5636363636363635,18.0,11.81785375708408,10.422287465574776,12.862161179456292,True,1.3955662915093043,1.0443074223722115,3.5636363636363635,10.0,2.59375,4.0,2.136363636363636,3.6,0.0,1.0,0.0,3.0,3.0,3.0,7.0,3.0,3.0,0.0,18.0,0.0,0.0,0.0,13.0,189.0,13.0,6.18214624291592,5,18.0,n5_sparse_layers,cost_11,14.436363636363637,5.0,0.0,12,6.0,,,,,,,boosting,5.102558855485518,1.478310336911039,3.624248518574479,14.375751481425521,13.0
AND_OR_NOT,2852397585,11,4.06280193236715,18.0,11.852061251823343,10.45649496031404,12.896368674195555,True,1.3955662915093043,1.0443074223722115,4.06280193236715,10.0,2.5,5.0,2.130434782608696,3.4444444444444446,1.0,1.0,4.0,3.0,4.0,4.0,2.0,5.0,4.0,2.0,18.0,0.0,0.0,0.0,15.0,189.0,15.0,6.1479387481766565,5,18.0,n5_sparse_layers,cost_11,13.937198067632849,3.0,0.0,12,6.0,,,,,,,boosting,5.1173142853609095,1.478310336911039,3.6390039484498704,14.36099605155013,14.36099605155013
AND_OR_NOT,3091249384,11,3.890688259109312,17.0,10.283947680079232,8.888381388569929,11.328255102451443,True,1.3955662915093043,1.0443074223722115,3.890688259109312,11.0,2.6875,4.0,2.3684210526315788,3.1538461538461537,0.0,1.0,0.0,4.0,4.0,6.0,3.0,6.0,4.0,1.0,17.0,0.0,0.0,0.0,14.0,189.0,14.0,6.7160523199207685,5,17.0,n5_sparse_layers,cost_11,13.109311740890687,3.0,0.0,12,5.0,,,,,,,boosting,5.1109017888986115,1.478310336911039,3.6325914519875724,13.367408548012428,13.367408548012428
AND_OR_NOT,3096160399,11,4.0,21.0,12.167745653699892,10.772179362190588,13.212053076072104,True,1.3955662915093043,1.0443074223722115,4.0,11.0,2.78125,4.0,3.0,2.5625,1.0,0.0,2.0,2.0,2.0,1.0,7.0,1.0,3.0,3.0,21.0,0.0,0.0,0.0,15.0,189.0,15.0,8.832254346300108,5,21.0,n5_sparse_layers,cost_11,17.0,6.0,0.0,12,9.0,,,,,,,boosting,5.467088536627903,1.478310336911039,3.9887781997168643,17.011221800283135,15.0
AND_OR_NOT,3236990714,11,3.515625,20.0,12.540434291087534,11.14486799957823,13.584741713459746,True,1.3955662915093043,1.0443074223722115,3.515625,10.0,2.5625,4.0,2.5625,2.5625,0.0,0.0,2.0,3.0,4.0,3.0,4.0,6.0,1.0,2.0,20.0,0.0,0.0,0.0,13.0,189.0,13.0,7.459565708912466,5,20.0,n5_sparse_layers,cost_11,16.484375,7.0,0.0,12,8.0,,,,,,,boosting,5.317708984484959,1.478310336911039,3.83939864757392,16.16060135242608,13.0
AND_OR_NOT,3301304007,11,3.768627450980392,18.0,11.342087555293524,9.94652126378422,12.386394977665736,True,1.3955662915093043,1.0443074223722115,3.768627450980392,10.0,2.71875,4.0,3.0,2.4705882352941178,1.0,0.0,2.0,2.0,6.0,3.0,5.0,4.0,3.0,3.0,18.0,0.0,0.0,0.0,14.0,189.0,14.0,6.657912444706476,5,18.0,n5_sparse_layers,cost_11,14.231372549019607,4.0,0.0,12,6.0,,,,,,,boosting,5.253221389493842,1.478310336911039,3.7749110525828034,14.225088947417197,14.0
AND_OR_NOT,3422487487,11,3.0727272727272728,21.0,12.07928495957914,10.683718668069837,13.123592381951353,True,1.3955662915093043,1.0443074223722115,3.0727272727272728,10.0,2.46875,4.0,3.2,2.136363636363636,1.0,0.0,0.0,2.0,3.0,1.0,2.0,4.0,3.0,2.0,21.0,0.0,0.0,0.0,14.0,189.0,14.0,8.92071504042086,5,21.0,n5_sparse_layers,cost_11,17.927272727272726,7.0,0.0,12,9.0,,,,,,,boosting,6.317483859162595,1.478310336911039,4.8391735222515555,16.160826477748444,14.0
AND_OR_NOT,3423371018,11,3.2980392156862743,16.0,11.0626431294497,9.667076837940394,12.10695055182191,True,1.3955662915093043,1.0443074223722115,3.2980392156862743,10.0,2.59375,4.0,2.235294117647059,3.0,0.0,1.0,2.0,3.0,5.0,6.0,4.0,7.0,4.0,3.0,16.0,0.0,0.0,0.0,14.0,189.0,14.0,4.9373568705503,5,16.0,n5_sparse_layers,cost_11,12.701960784313727,2.0,0.0,12,4.0,,,,,,,boosting,4.714856825830332,1.478310336911039,3.236546488919293,12.763453511080707,12.763453511080707
AND_OR_NOT,3425929442,11,5.142857142857143,19.0,12.284258178640812,10.888691887131507,13.328565601013024,True,1.3955662915093043,1.0443074223722115,5.142857142857143,10.0,2.8125,4.0,2.555555555555556,3.142857142857143,0.0,1.0,2.0,4.0,6.0,4.0,4.0,3.0,1.0,1.0,19.0,0.0,0.0,0.0,14.0,189.0,14.0,6.715741821359188,5,19.0,n5_sparse_layers,cost_11,13.857142857142858,5.0,0.0,12,7.0,,,,,,,boosting,5.243747703645209,1.478310336911039,3.7654373667341696,15.234562633265831,14.0
AND_OR_NOT,3435954018,11,4.063492063492063,18.0,12.410074314288629,11.014508022779324,13.45438173666084,True,1.3955662915093043,1.0443074223722115,4.063492063492063,9.0,2.625,4.0,2.7142857142857144,2.555555555555556,0.0,0.0,2.0,2.0,6.0,5.0,6.0,5.0,3.0,1.0,18.0,0.0,0.0,0.0,13.0,189.0,13.0,5.589925685711371,5,18.0,n5_sparse_layers,cost_11,13.936507936507937,5.0,0.0,12,6.0,,,,,,,boosting,5.488375985041087,1.478310336911039,4.010065648130048,13.989934351869952,13.0
AND_OR_NOT,3437375538,11,4.4089068825910935,16.0,10.2453993627125,8.849833071203197,11.289706785084713,True,1.3955662915093043,1.0443074223722115,4.4089068825910935,11.0,2.75,3.0,2.5789473684210527,3.0,0.0,1.0,2.0,3.0,5.0,6.0,5.0,6.0,5.0,5.0,16.0,0.0,0.0,0.0,12.0,189.0,12.0,5.754600637287499,5,16.0,n5_sparse_layers,cost_11,11.591093117408906,4.0,0.0,12,4.0,,,,,,,boosting,5.104018013735027,1.478310336911039,3.625707676823988,12.374292323176011,12.0
AND_OR_NOT,3695466054,11,4.063492063492063,17.0,10.890486863521376,9.494920572012072,11.934794285893588,True,1.3955662915093043,1.0443074223722115,4.063492063492063,10.0,2.8125,4.0,3.0,2.571428571428572,0.0,1.0,2.0,2.0,3.0,2.0,5.0,6.0,3.0,1.0,17.0,0.0,0.0,0.0,13.0,189.0,13.0,6.109513136478624,5,17.0,n5_sparse_layers,cost_11,12.936507936507937,4.0,0.0,12,5.0,,,,,,,boosting,5.619809485223026,1.478310336911039,4.141499148311987,12.858500851688014,12.858500851688014
AND_OR_NOT,3741382912,11,2.530364372469636,18.0,11.502691596706578,10.107125305197274,12.54699901907879,True,1.3955662915093043,1.0443074223722115,2.530364372469636,10.0,2.09375,4.0,1.4736842105263157,3.0,0.0,1.0,1.0,4.0,2.0,4.0,4.0,4.0,2.0,4.0,18.0,1.0,0.0,1.0,15.0,12.0,12.0,6.497308403293422,5,18.0,n5_sparse_layers,cost_11,15.469635627530364,3.0,6.0,12,6.0,,,,,,,boosting,5.794756436270844,1.478310336911039,4.316446099359805,13.683553900640195,12.0
AND_OR_NOT,3757703216,11,2.8588235294117648,16.0,10.753356106960252,9.357789815450948,11.797663529332464,True,1.3955662915093043,1.0443074223722115,2.8588235294117648,10.0,2.59375,4.0,2.235294117647059,3.0,0.0,1.0,1.0,3.0,4.0,5.0,4.0,6.0,2.0,2.0,16.0,0.0,0.0,0.0,13.0,189.0,13.0,5.246643893039748,5,16.0,n5_sparse_layers,cost_11,13.141176470588235,3.0,0.0,12,4.0,,,,,,,boosting,5.207124031519151,1.478310336911039,3.728813694608112,12.271186305391888,12.271186305391888
AND_OR_NOT,3986730656,11,3.2980392156862743,19.0,11.732521955509224,10.33695566399992,12.776829377881436,True,1.3955662915093043,1.0443074223722115,3.2980392156862743,11.0,2.4375,4.0,2.3529411764705883,2.533333333333333,0.0,1.0,0.0,5.0,4.0,5.0,5.0,5.0,2.0,2.0,19.0,0.0,0.0,0.0,14.0,189.0,14.0,7.267478044490776,5,19.0,n5_sparse_layers,cost_11,15.701960784313727,5.0,0.0,12,7.0,,,,,,,boosting,6.183776280011506,1.478310336911039,4.705465943100467,14.294534056899533,14.0
AND_OR_NOT,4022838019,11,3.571428571428572,17.0,10.905990081907614,9.51042379039831,11.950297504279826,True,1.3955662915093043,1.0443074223722115,3.571428571428572,12.0,2.78125,4.0,3.071428571428572,2.555555555555556,1.0,0.0,2.0,3.0,2.0,2.0,2.0,1.0,2.0,3.0,17.0,0.0,0.0,0.0,13.0,189.0,13.0,6.094009918092386,5,17.0,n5_sparse_layers,cost_11,13.428571428571427,4.0,0.0,12,5.0,,,,,,,boosting,5.241557216316774,1.478310336911039,3.7632468794057345,13.236753120594265,13.0
AND_OR_NOT,4041080657,11,3.6406926406926408,18.0,12.471286745714211,11.075720454204909,13.515594168086425,True,1.3955662915093043,1.0443074223722115,3.6406926406926408,9.0,2.53125,4.0,3.090909090909091,2.238095238095238,1.0,0.0,2.0,3.0,6.0,3.0,6.0,4.0,4.0,2.0,18.0,0.0,0.0,0.0,13.0,189.0,13.0,5.528713254285789,5,18.0,n5_sparse_layers,cost_11,14.359307359307358,5.0,0.0,12,6.0,,,,,,,boosting,5.567056914988503,1.478310336911039,4.088746578077464,13.911253421922536,13.0
AND_OR_NOT,4075965518,11,4.270588235294118,20.0,12.195730375603995,10.80016408409469,13.240037797976209,True,1.3955662915093043,1.0443074223722115,4.270588235294118,10.0,2.78125,4.0,3.0,2.588235294117647,0.0,0.0,2.0,4.0,5.0,4.0,3.0,7.0,5.0,4.0,20.0,0.0,0.0,0.0,14.0,189.0,14.0,7.804269624396005,5,20.0,n5_sparse_layers,cost_11,15.729411764705883,6.0,0.0,12,8.0,,,,,,,boosting,5.200002711679481,1.478310336911039,3.721692374768442,16.27830762523156,14.0
AND_OR_NOT,4224773632,11,3.0625,17.0,11.304266178814672,9.908699887305367,12.348573601186883,True,1.3955662915093043,1.0443074223722115,3.0625,11.0,2.40625,4.0,2.3125,2.5,0.0,0.0,0.0,5.0,4.0,5.0,4.0,2.0,3.0,1.0,17.0,0.0,0.0,0.0,14.0,189.0,14.0,5.695733821185328,5,17.0,n5_sparse_layers,cost_11,13.9375,3.0,0.0,12,5.0,,,,,,,boosting,5.682226142689868,1.478310336911039,4.203915805778829,12.796084194221171,12.796084194221171
AND_OR_NOT,4236002556,11,3.404858299595141,20.0,13.371555292708951,11.975989001199649,14.415862715081165,True,1.3955662915093043,1.0443074223722115,3.404858299595141,10.0,2.5625,5.0,2.5384615384615383,2.5789473684210527,0.0,0.0,2.0,3.0,2.0,6.0,3.0,6.0,4.0,3.0,20.0,0.0,0.0,0.0,14.0,189.0,14.0,6.628444707291049,5,20.0,n5_sparse_layers,cost_11,16.59514170040486,6.0,0.0,12,8.0,,,,,,,boosting,5.709410321236922,1.478310336911039,4.2310999843258825,15.768900015674117,14.0
,3371665271,12,5.4,31.0,17.729191182301292,,,True,,,5.4,15.0,2.875,4.0,3.5,2.5,1.0,0.0,0.0,0.0,3.0,3.0,1.0,6.0,2.0,3.0,31.0,0.0,0.0,0.0,18.0,189.0,18.0,13.270808817698708,5,31.0,n5_cost_12_challenge,cost_12_upper_tail,25.6,13.0,0.0,13,18.0,14.987394397357898,19.187828306347924,False,15.173087181017776,19.109903127249765,False,boosting,5.344635523496353,1.478310336911039,3.866325186585314,27.133674813414686,18.0
,2846074799,12,4.4089068825910935,28.0,15.44948000492828,,,True,,,4.4089068825910935,12.0,2.6875,5.0,2.769230769230769,2.631578947368421,1.0,0.0,1.0,1.0,2.0,2.0,3.0,6.0,4.0,4.0,28.0,0.0,0.0,0.0,15.0,189.0,15.0,12.55051999507172,5,28.0,n5_cost_12_challenge,cost_12_upper_tail,23.591093117408906,13.0,0.0,13,15.0,12.669999470131096,16.896053405047965,True,12.91394929526782,16.818082593778907,True,boosting,5.589516364494592,1.478310336911039,4.111206027583553,23.888793972416448,15.0
,2415463345,12,5.142857142857143,30.0,18.025957712387218,,,True,,,5.142857142857143,15.0,3.125,4.0,3.2857142857142856,3.0,1.0,0.0,2.0,2.0,4.0,1.0,5.0,1.0,1.0,1.0,30.0,0.0,0.0,0.0,18.0,189.0,18.0,11.974042287612782,5,30.0,n5_cost_12_challenge,cost_12_upper_tail,24.857142857142858,12.0,0.0,13,17.0,15.281945870964584,19.46266767631325,False,15.483731411309709,19.41979276945448,False,boosting,5.406511777650406,1.478310336911039,3.9282014407393673,26.071798559260632,18.0
,4205983551,12,4.16017316017316,27.0,15.304062680561024,,,True,,,4.16017316017316,12.0,2.65625,4.0,3.272727272727273,2.333333333333333,1.0,0.0,1.0,3.0,3.0,4.0,3.0,6.0,3.0,3.0,27.0,0.0,0.0,0.0,15.0,189.0,15.0,11.695937319438976,5,27.0,n5_cost_12_challenge,cost_12_upper_tail,22.83982683982684,12.0,0.0,13,14.0,12.735539639841049,16.762601605837727,True,12.818983193022076,16.725042626142315,True,boosting,5.650723331787304,1.478310336911039,4.1724129948762645,22.827587005123736,15.0
,3346517708,12,4.266666666666667,25.0,13.34180402889228,,,True,,,4.266666666666667,11.0,2.75,4.0,3.25,2.45,0.0,0.0,2.0,2.0,2.0,5.0,5.0,5.0,4.0,0.0,25.0,0.0,0.0,0.0,14.0,189.0,14.0,11.65819597110772,5,25.0,n5_cost_12_challenge,cost_12_upper_tail,20.733333333333334,11.0,0.0,13,12.0,10.648751129504443,14.729095798832178,True,10.726566291586384,14.702334658343252,True,boosting,6.026532800708691,1.478310336911039,4.548222463797652,20.45177753620235,14.0
,859189964,12,5.368627450980392,27.0,15.34822613288572,,,True,,,5.368627450980392,13.0,2.84375,4.0,2.647058823529412,3.066666666666667,0.0,1.0,1.0,3.0,6.0,7.0,5.0,5.0,4.0,1.0,27.0,0.0,0.0,0.0,14.0,189.0,14.0,11.65177386711428,5,27.0,n5_cost_12_challenge,cost_12_upper_tail,21.63137254901961,13.0,0.0,13,14.0,12.64938770961049,16.774651513497872,True,12.673656715229637,16.737538599541796,True,boosting,5.8614846308658155,1.478310336911039,4.383174293954776,22.616825706045223,14.0
,4277242000,12,4.0,28.0,16.382301310790602,,,True,,,4.0,15.0,2.84375,4.0,3.0625,2.625,0.0,0.0,2.0,5.0,7.0,3.0,4.0,1.0,4.0,5.0,28.0,0.0,0.0,0.0,16.0,189.0,16.0,11.617698689209398,5,28.0,n5_cost_12_challenge,cost_12_upper_tail,24.0,12.0,0.0,13,15.0,13.795463874687195,17.895528193940827,False,13.922458372022287,17.777582322706653,False,boosting,5.229493672907363,1.478310336911039,3.7511833359963243,24.248816664003677,16.0
,520946967,12,3.571428571428572,27.0,15.54050053228066,,,True,,,3.571428571428572,13.0,2.5,4.0,2.388888888888889,2.642857142857143,1.0,1.0,0.0,1.0,7.0,2.0,3.0,2.0,1.0,3.0,27.0,0.0,0.0,0.0,18.0,189.0,18.0,11.45949946771934,5,27.0,n5_cost_12_challenge,cost_12_upper_tail,23.428571428571427,9.0,0.0,13,14.0,12.664744727385113,17.00625923710996,True,13.056702191896342,16.9505822281871,False,boosting,6.3245894734105566,1.478310336911039,4.8462791364995175,22.15372086350048,18.0
,3743342384,12,4.266666666666667,25.0,13.615836784441283,,,True,,,4.266666666666667,11.0,2.71875,4.0,3.333333333333333,2.35,0.0,0.0,2.0,2.0,4.0,6.0,6.0,4.0,3.0,0.0,25.0,0.0,0.0,0.0,14.0,189.0,14.0,11.384163215558717,5,25.0,n5_cost_12_challenge,cost_12_upper_tail,20.733333333333334,11.0,0.0,13,12.0,10.973452754720082,15.02271107258059,True,11.019112477109893,14.99014113768212,True,boosting,5.921529256596538,1.478310336911039,4.443218919685499,20.5567810803145,14.0
,1462766328,12,5.142857142857143,26.0,14.631674365037902,,,True,,,5.142857142857143,12.0,3.125,4.0,3.0,3.2857142857142856,0.0,1.0,1.0,1.0,4.0,6.0,6.0,4.0,3.0,0.0,26.0,0.0,0.0,0.0,16.0,189.0,16.0,11.368325634962098,5,26.0,n5_cost_12_challenge,cost_12_upper_tail,20.857142857142858,10.0,0.0,13,13.0,11.837174490249662,16.049944396238974,True,11.983203589098505,16.001845407770045,True,boosting,5.91340677193879,1.478310336911039,4.435096435027751,21.564903564972248,16.0
,4002019737,12,5.5425101214574894,26.0,14.721612093117672,,,True,,,5.5425101214574894,13.0,2.9375,4.0,3.3846153846153846,2.631578947368421,1.0,0.0,2.0,4.0,2.0,1.0,5.0,4.0,3.0,5.0,26.0,0.0,0.0,0.0,16.0,189.0,16.0,11.278387906882328,5,26.0,n5_cost_12_challenge,cost_12_upper_tail,20.45748987854251,10.0,0.0,13,13.0,12.106912795363169,16.170309057254286,True,12.226833779129525,16.101549182812533,True,boosting,5.744115382662407,1.478310336911039,4.265805045751368,21.734194954248633,16.0
,4048822036,12,4.803921568627451,27.0,15.88912860736088,,,True,,,4.803921568627451,13.0,2.84375,4.0,2.588235294117647,3.1333333333333333,0.0,1.0,3.0,3.0,4.0,6.0,5.0,8.0,5.0,2.0,27.0,0.0,0.0,0.0,18.0,189.0,18.0,11.11087139263912,5,27.0,n5_cost_12_challenge,cost_12_upper_tail,22.19607843137255,9.0,0.0,13,14.0,13.149936781579598,17.320248967187503,False,13.101230255263255,17.2748530578694,False,boosting,5.8623892028243825,1.478310336911039,4.384078865913343,22.615921134086655,18.0
,1381003818,12,4.266666666666667,24.0,12.91045249060575,,,True,,,4.266666666666667,11.0,2.8125,4.0,2.6,3.1666666666666665,0.0,1.0,1.0,2.0,3.0,5.0,6.0,4.0,2.0,0.0,24.0,0.0,0.0,0.0,14.0,189.0,14.0,11.08954750939425,5,24.0,n5_cost_12_challenge,cost_12_upper_tail,19.733333333333334,10.0,0.0,13,11.0,10.100283571719016,14.332917879122274,True,10.317964679846128,14.281664335829468,True,boosting,6.3192792825566935,1.478310336911039,4.840968945645654,19.159031054354344,14.0
,4114057898,12,4.587301587301587,26.0,14.924335633966963,,,True,,,4.587301587301587,12.0,2.9375,4.0,2.857142857142857,3.0,0.0,0.0,2.0,2.0,1.0,3.0,4.0,6.0,4.0,0.0,26.0,0.0,0.0,0.0,15.0,189.0,15.0,11.075664366033037,5,26.0,n5_cost_12_challenge,cost_12_upper_tail,21.41269841269841,11.0,0.0,13,13.0,12.161656451565648,16.326697483239784,True,12.299826684276567,16.277550616149053,True,boosting,5.718372779354938,1.478310336911039,4.240062442443899,21.7599375575561,15.0
,2776925678,12,5.368627450980392,27.0,16.006969197630912,,,True,,,5.368627450980392,14.0,3.0625,4.0,3.0588235294117645,3.066666666666667,0.0,1.0,3.0,2.0,4.0,6.0,4.0,8.0,4.0,4.0,27.0,0.0,0.0,0.0,16.0,189.0,16.0,10.993030802369088,5,27.0,n5_cost_12_challenge,cost_12_upper_tail,21.63137254901961,11.0,0.0,13,14.0,13.167592230314108,17.476977660586012,False,13.21081385506954,17.40849289612736,False,boosting,5.842116242314123,1.478310336911039,4.363805905403084,22.636194094596917,16.0
,682114238,12,4.270588235294118,25.0,14.174634092479453,,,True,,,4.270588235294118,12.0,2.75,3.0,2.5294117647058822,3.0,0.0,1.0,3.0,3.0,6.0,4.0,3.0,4.0,4.0,5.0,25.0,0.0,0.0,0.0,18.0,189.0,18.0,10.825365907520547,5,25.0,n5_cost_12_challenge,cost_12_upper_tail,20.729411764705883,7.0,0.0,13,12.0,11.636370289151294,15.672018613608348,True,11.722741056833232,15.59810404440904,True,boosting,5.368641684810371,1.478310336911039,3.890331347899332,21.109668652100666,18.0
,2306969559,12,4.515625,25.0,14.17722399811945,,,True,,,4.515625,12.0,3.0625,4.0,3.125,3.0,1.0,0.0,0.0,1.0,6.0,1.0,4.0,5.0,2.0,3.0,25.0,0.0,0.0,0.0,16.0,189.0,16.0,10.82277600188055,5,25.0,n5_cost_12_challenge,cost_12_upper_tail,20.484375,9.0,0.0,13,12.0,11.364336397876402,15.646902573257297,True,11.546548916229114,15.55807525846266,True,boosting,6.098677990385645,1.478310336911039,4.620367653474606,20.379632346525394,16.0
,4054947735,12,5.5425101214574894,25.0,14.29363219731035,,,True,,,5.5425101214574894,12.0,2.90625,4.0,3.3846153846153846,2.5789473684210527,1.0,0.0,0.0,2.0,5.0,2.0,2.0,6.0,3.0,4.0,25.0,0.0,0.0,0.0,17.0,189.0,17.0,10.70636780268965,5,25.0,n5_cost_12_challenge,cost_12_upper_tail,19.45748987854251,8.0,0.0,13,12.0,11.506247104091477,15.75788699520498,True,11.76353175557738,15.673257763853474,True,boosting,6.092917711831724,1.478310336911039,4.614607374920685,20.385392625079316,17.0
,3452458272,12,3.890688259109312,24.0,13.306737833897444,,,True,,,3.890688259109312,12.0,3.0625,5.0,3.0,3.1538461538461537,0.0,1.0,1.0,4.0,2.0,4.0,6.0,6.0,2.0,3.0,24.0,0.0,0.0,0.0,17.0,189.0,17.0,10.693262166102556,5,24.0,n5_cost_12_challenge,cost_12_upper_tail,20.10931174089069,7.0,0.0,13,11.0,10.62215386493415,14.766101742818051,True,10.66762579809497,14.73286493516228,True,boosting,5.550459391771669,1.478310336911039,4.07214905486063,19.92785094513937,17.0
,711649472,12,4.4089068825910935,26.0,15.323638091463684,,,True,,,4.4089068825910935,13.0,2.78125,4.0,2.473684210526316,3.230769230769231,0.0,1.0,0.0,5.0,2.0,7.0,2.0,2.0,4.0,3.0,26.0,0.0,0.0,0.0,16.0,189.0,16.0,10.676361908536316,5,26.0,n5_cost_12_challenge,cost_12_upper_tail,21.591093117408906,10.0,0.0,13,13.0,12.660205841828608,16.769209928676098,True,12.760280664328048,16.75202005695955,True,boosting,5.491752787176151,1.478310336911039,4.013442450265112,21.98655754973489,16.0
,1403680672,12,4.515625,23.0,12.39322176912571,,,True,,,4.515625,11.0,2.8125,4.0,2.625,3.0,0.0,0.0,1.0,3.0,2.0,6.0,5.0,4.0,2.0,0.0,23.0,0.0,0.0,0.0,14.0,189.0,14.0,10.60677823087429,5,23.0,n5_cost_12_challenge,cost_12_upper_tail,18.484375,9.0,0.0,13,10.0,9.697609262389305,13.804647353896543,True,9.778188932811924,13.773141590667889,True,boosting,6.366433630136918,1.478310336911039,4.888123293225879,18.11187670677412,14.0
,118977636,12,5.142857142857143,26.0,15.480917011751984,,,True,,,5.142857142857143,12.0,2.90625,4.0,2.611111111111111,3.2857142857142856,0.0,1.0,2.0,0.0,4.0,5.0,4.0,5.0,2.0,1.0,26.0,0.0,0.0,0.0,16.0,189.0,16.0,10.519082988248016,5,26.0,n5_cost_12_challenge,cost_12_upper_tail,20.857142857142858,10.0,0.0,13,13.0,12.74110284359976,16.89822174932044,True,12.823779977885671,16.85558651540211,True,boosting,5.659498340925944,1.478310336911039,4.1811880040149045,21.818811995985094,16.0
,2948467246,12,3.571428571428572,25.0,14.510288305045515,,,True,,,3.571428571428572,13.0,2.6875,4.0,3.071428571428572,2.388888888888889,0.0,0.0,2.0,2.0,5.0,3.0,6.0,5.0,2.0,2.0,25.0,0.0,0.0,0.0,16.0,189.0,16.0,10.489711694954485,5,25.0,n5_cost_12_challenge,cost_12_upper_tail,21.428571428571427,9.0,0.0,13,12.0,11.829346197155026,15.935344802715797,True,11.89702929151914,15.887674484088652,True,boosting,5.47138867552912,1.478310336911039,3.993078338618081,21.00692166138192,16.0
,250891980,12,4.0,23.0,12.51678584562583,,,True,,,4.0,12.0,3.03125,4.0,3.0625,3.0,0.0,0.0,1.0,1.0,2.0,7.0,5.0,4.0,2.0,0.0,23.0,0.0,0.0,0.0,15.0,189.0,15.0,10.48321415437417,5,23.0,n5_cost_12_challenge,cost_12_upper_tail,19.0,8.0,0.0,13,10.0,9.706798829614112,13.919929580057504,True,9.861840852701974,13.879928438345058,True,boosting,6.166822862626899,1.478310336911039,4.6885125257158595,18.311487474284142,15.0
,3114401205,12,4.266666666666667,25.0,14.569168068183972,,,True,,,4.266666666666667,12.0,2.8125,4.0,3.1666666666666665,2.6,1.0,0.0,1.0,2.0,4.0,2.0,6.0,3.0,1.0,4.0,25.0,0.0,0.0,0.0,14.0,189.0,14.0,10.430831931816028,5,25.0,n5_cost_12_challenge,cost_12_upper_tail,20.733333333333334,11.0,0.0,13,12.0,11.736724521363405,16.051472273460462,True,12.007325808378663,15.969306262696842,True,boosting,5.559639218889772,1.478310336911039,4.081328881978733,20.918671118021265,14.0
,2769627690,12,5.5425101214574894,25.0,14.570031498805436,,,True,,,5.5425101214574894,11.0,2.84375,4.0,2.5789473684210527,3.230769230769231,0.0,1.0,2.0,3.0,0.0,3.0,3.0,8.0,2.0,2.0,25.0,0.0,0.0,0.0,15.0,189.0,15.0,10.429968501194564,5,25.0,n5_cost_12_challenge,cost_12_upper_tail,19.45748987854251,10.0,0.0,13,12.0,11.88411135857548,15.998707847045983,True,11.951180352909269,15.967043458514675,True,boosting,5.79063974677742,1.478310336911039,4.312329409866381,20.68767059013362,15.0
,241043582,12,3.768627450980392,25.0,14.574390559580872,,,True,,,3.768627450980392,12.0,2.78125,4.0,2.5294117647058822,3.066666666666667,0.0,1.0,3.0,3.0,6.0,6.0,5.0,6.0,4.0,4.0,25.0,0.0,0.0,0.0,15.0,189.0,15.0,10.425609440419128,5,25.0,n5_cost_12_challenge,cost_12_upper_tail,21.231372549019607,10.0,0.0,13,12.0,11.890569508061718,16.041466298974075,True,11.810768058793002,15.994842922022526,True,boosting,5.644957572916403,1.478310336911039,4.166647236005364,20.833352763994636,15.0
,3439933187,12,4.587301587301587,25.0,14.595364783558791,,,True,,,4.587301587301587,12.0,2.78125,4.0,2.555555555555556,3.071428571428572,1.0,1.0,2.0,1.0,4.0,1.0,3.0,3.0,1.0,1.0,25.0,0.0,0.0,0.0,18.0,189.0,18.0,10.404635216441209,5,25.0,n5_cost_12_challenge,cost_12_upper_tail,20.41269841269841,7.0,0.0,13,12.0,11.900716207195774,16.02899586570014,True,12.170348746582452,15.991020640299707,True,boosting,5.205844831137282,1.478310336911039,3.7275344942262425,21.27246550577376,18.0
,2947583994,12,4.266666666666667,24.0,13.61101941922928,,,True,,,4.266666666666667,12.0,2.8125,4.0,3.1666666666666665,2.6,0.0,0.0,3.0,2.0,3.0,2.0,4.0,5.0,3.0,2.0,24.0,0.0,0.0,0.0,14.0,189.0,14.0,10.38898058077072,5,24.0,n5_cost_12_challenge,cost_12_upper_tail,19.733333333333334,10.0,0.0,13,11.0,10.87063250419095,15.03747778989968,True,11.015993746923172,14.968133539625809,True,boosting,5.824150401370105,1.478310336911039,4.345840064459066,19.654159935540935,14.0
,4091982574,12,4.16017316017316,25.0,14.635012575754002,,,True,,,4.16017316017316,13.0,2.71875,4.0,3.272727272727273,2.4285714285714284,0.0,0.0,2.0,3.0,4.0,5.0,6.0,6.0,3.0,2.0,25.0,0.0,0.0,0.0,14.0,189.0,14.0,10.364987424245998,5,25.0,n5_cost_12_challenge,cost_12_upper_tail,20.83982683982684,11.0,0.0,13,12.0,12.011264921930984,16.05464327926543,True,12.013653965187258,16.017726854492146,True,boosting,5.727267898420818,1.478310336911039,4.248957561509779,20.75104243849022,14.0
,301662226,12,3.155844155844156,25.0,14.680619081456424,,,True,,,3.155844155844156,12.0,2.5,4.0,2.142857142857143,3.1818181818181817,0.0,1.0,3.0,2.0,7.0,6.0,3.0,6.0,3.0,5.0,25.0,0.0,0.0,0.0,17.0,189.0,17.0,10.319380918543576,5,25.0,n5_cost_12_challenge,cost_12_upper_tail,21.844155844155843,8.0,0.0,13,12.0,11.708162915134816,16.105693075058753,True,11.896330185683889,16.028559081744536,True,boosting,6.7690005015322665,1.478310336911039,5.290690164621227,19.70930983537877,17.0
,2877403075,12,4.270588235294118,24.0,13.717631346799228,,,True,,,4.270588235294118,13.0,2.8125,4.0,3.066666666666667,2.588235294117647,1.0,0.0,2.0,2.0,2.0,3.0,6.0,5.0,2.0,4.0,24.0,0.0,0.0,0.0,16.0,189.0,16.0,10.282368653200772,5,24.0,n5_cost_12_challenge,cost_12_upper_tail,19.729411764705883,8.0,0.0,13,11.0,10.952209547060171,15.162150716757427,True,11.08852066710214,15.09159205798024,True,boosting,5.81483523649364,1.478310336911039,4.336524899582601,19.6634751004174,16.0
,3035555052,12,3.890688259109312,23.0,12.738712852214457,,,True,,,3.890688259109312,13.0,2.65625,5.0,3.1538461538461537,2.3157894736842106,0.0,0.0,1.0,4.0,2.0,7.0,6.0,5.0,4.0,2.0,23.0,0.0,0.0,0.0,17.0,189.0,17.0,10.261287147785543,5,23.0,n5_cost_12_challenge,cost_12_upper_tail,19.10931174089069,6.0,0.0,13,10.0,10.14366555254113,14.132404465363033,True,10.088031166369774,14.112074083979676,True,boosting,5.992795123909269,1.478310336911039,4.51448478699823,18.48551521300177,17.0
,3120721952,12,3.5636363636363635,24.0,13.749247318757616,,,True,,,3.5636363636363635,12.0,2.5,4.0,2.136363636363636,3.3,0.0,1.0,0.0,4.0,3.0,4.0,3.0,4.0,3.0,1.0,24.0,0.0,0.0,0.0,16.0,189.0,16.0,10.250752681242384,5,24.0,n5_cost_12_challenge,cost_12_upper_tail,20.436363636363637,8.0,0.0,13,11.0,10.988720793691842,15.147826167363808,True,11.266979203896812,15.123984664091855,True,boosting,6.128653179086215,1.478310336911039,4.650342842175176,19.349657157824822,16.0
,3140656922,12,4.063492063492063,26.0,15.753570626776767,,,True,,,4.063492063492063,13.0,3.0625,4.0,3.142857142857143,3.0,0.0,0.0,3.0,2.0,3.0,4.0,5.0,6.0,2.0,2.0,26.0,0.0,0.0,0.0,17.0,189.0,17.0,10.246429373223233,5,26.0,n5_cost_12_challenge,cost_12_upper_tail,21.936507936507937,9.0,0.0,13,13.0,12.928996538888727,17.176093591944998,True,13.0737813168892,17.118312582398314,False,boosting,5.6579148560653545,1.478310336911039,4.179604519154315,21.820395480845683,17.0
,4200382076,12,4.714285714285714,25.0,14.790257733767394,,,True,,,4.714285714285714,13.0,2.9375,5.0,3.5454545454545454,2.619047619047619,0.0,0.0,2.0,4.0,2.0,5.0,6.0,8.0,5.0,3.0,25.0,0.0,0.0,0.0,17.0,189.0,17.0,10.209742266232606,5,25.0,n5_cost_12_challenge,cost_12_upper_tail,20.285714285714285,8.0,0.0,13,12.0,12.09586026811085,16.227232056938842,True,12.083637643956308,16.202293187749156,True,boosting,5.638516438543587,1.478310336911039,4.160206101632548,20.839793898367454,17.0
,255483808,12,5.0625,24.0,13.79735577742866,,,True,,,5.0625,11.0,2.875,4.0,3.0,2.75,0.0,0.0,1.0,2.0,3.0,7.0,2.0,3.0,2.0,0.0,24.0,0.0,0.0,0.0,15.0,189.0,15.0,10.20264422257134,5,24.0,n5_cost_12_challenge,cost_12_upper_tail,18.9375,9.0,0.0,13,11.0,10.995544068613494,15.222144487027675,True,11.258724993140362,15.165342633394438,True,boosting,5.9251479830090155,1.478310336911039,4.446837646097976,19.553162353902025,15.0
,3235217443,12,4.16017316017316,24.0,13.805013805737415,,,True,,,4.16017316017316,13.0,2.75,4.0,2.4285714285714284,3.363636363636364,1.0,1.0,3.0,3.0,7.0,2.0,8.0,6.0,2.0,2.0,24.0,0.0,0.0,0.0,17.0,189.0,17.0,10.194986194262585,5,24.0,n5_cost_12_challenge,cost_12_upper_tail,19.83982683982684,7.0,0.0,13,11.0,10.99133956465306,15.232384214972852,True,11.126377839898868,15.198853721237509,True,boosting,5.365666585029125,1.478310336911039,3.8873562481180857,20.112643751881915,17.0
,3231707583,12,4.266666666666667,24.0,13.822305180376798,,,True,,,4.266666666666667,12.0,2.84375,4.0,3.25,2.6,1.0,0.0,0.0,1.0,4.0,3.0,6.0,5.0,2.0,2.0,24.0,0.0,0.0,0.0,16.0,189.0,16.0,10.177694819623202,5,24.0,n5_cost_12_challenge,cost_12_upper_tail,19.733333333333334,8.0,0.0,13,11.0,11.000781823658286,15.253433553022848,True,11.176055262166289,15.19761662659231,True,boosting,5.817459156094699,1.478310336911039,4.33914881918366,19.66085118081634,16.0
,4067881548,12,4.587301587301587,24.0,13.83316207938072,,,True,,,4.587301587301587,12.0,2.875,4.0,3.2142857142857144,2.611111111111111,0.0,0.0,1.0,3.0,5.0,5.0,7.0,4.0,2.0,0.0,24.0,0.0,0.0,0.0,14.0,189.0,14.0,10.16683792061928,5,24.0,n5_cost_12_challenge,cost_12_upper_tail,19.41269841269841,10.0,0.0,13,11.0,11.134199893920089,15.260982261618144,True,11.286349445139598,15.2230208019582,True,boosting,5.828957962394976,1.478310336911039,4.350647625483937,19.649352374516063,14.0
,4283888718,12,4.714285714285714,24.0,13.8422283087316,,,True,,,4.714285714285714,13.0,2.78125,4.0,3.636363636363636,2.333333333333333,0.0,0.0,2.0,4.0,6.0,7.0,6.0,7.0,3.0,2.0,24.0,0.0,0.0,0.0,17.0,189.0,17.0,10.1577716912684,5,24.0,n5_cost_12_challenge,cost_12_upper_tail,19.285714285714285,7.0,0.0,13,11.0,11.213905549494822,15.251207011267796,True,11.10272597760212,15.234556985508505,True,boosting,5.667071641960564,1.478310336911039,4.188761305049525,19.811238694950475,17.0
,3174898965,12,3.571428571428572,23.0,12.866112082448922,,,True,,,3.571428571428572,11.0,2.65625,4.0,3.0,2.388888888888889,1.0,0.0,1.0,2.0,1.0,1.0,4.0,3.0,2.0,2.0,23.0,0.0,0.0,0.0,15.0,189.0,15.0,10.133887917551078,5,23.0,n5_cost_12_challenge,cost_12_upper_tail,19.428571428571427,8.0,0.0,13,10.0,10.11790511841276,14.26925483321892,True,10.361087656455016,14.215571276469374,True,boosting,5.5218001559746686,1.478310336911039,4.0434898190636295,18.95651018093637,15.0
,50275564,12,3.515625,24.0,13.883774963914982,,,True,,,3.515625,12.0,2.71875,4.0,3.0,2.4375,0.0,0.0,2.0,3.0,3.0,7.0,5.0,4.0,4.0,1.0,24.0,0.0,0.0,0.0,17.0,189.0,17.0,10.116225036085018,5,24.0,n5_cost_12_challenge,cost_12_upper_tail,20.484375,7.0,0.0,13,11.0,11.347119804721345,15.255181351380106,True,11.309962868980652,15.208051657426754,True,boosting,5.695264139009959,1.478310336911039,4.21695380209892,19.78304619790108,17.0
,2860522042,12,4.266666666666667,25.0,14.914410397927108,,,True,,,4.266666666666667,11.0,2.71875,4.0,2.35,3.333333333333333,0.0,1.0,2.0,2.0,4.0,3.0,4.0,4.0,3.0,2.0,25.0,0.0,0.0,0.0,14.0,189.0,14.0,10.085589602072892,5,25.0,n5_cost_12_challenge,cost_12_upper_tail,20.733333333333334,11.0,0.0,13,12.0,12.007855681259596,16.350251214925155,True,12.30206561724922,16.288924325212047,True,boosting,5.4364525873792955,1.478310336911039,3.9581422504682564,21.041857749531744,14.0
,3221684327,12,4.090909090909091,23.0,12.92802919145088,,,True,,,4.090909090909091,12.0,2.6875,4.0,2.363636363636364,3.4,1.0,1.0,2.0,0.0,4.0,1.0,6.0,5.0,2.0,1.0,23.0,0.0,0.0,0.0,14.0,189.0,14.0,10.07197080854912,5,23.0,n5_cost_12_challenge,cost_12_upper_tail,18.90909090909091,9.0,0.0,13,10.0,10.01198136593784,14.346480385810173,True,10.250744155008096,14.30568033681515,True,boosting,5.516574649156624,1.478310336911039,4.038264312245585,18.961735687754416,14.0
,483924730,12,4.515625,26.0,15.93308299741769,,,True,,,4.515625,12.0,3.03125,4.0,3.0,3.0625,0.0,0.0,2.0,3.0,2.0,6.0,4.0,3.0,4.0,2.0,26.0,0.0,0.0,0.0,16.0,189.0,16.0,10.06691700258231,5,26.0,n5_cost_12_challenge,cost_12_upper_tail,21.484375,10.0,0.0,13,13.0,13.300925277483998,17.33258100365045,False,13.355501197493558,17.30852023849542,False,boosting,5.365237739749632,1.478310336911039,3.8869274028385927,22.113072597161405,16.0
,1600843434,12,4.266666666666667,24.0,13.937900262789846,,,True,,,4.266666666666667,12.0,2.75,4.0,3.25,2.45,0.0,0.0,1.0,3.0,2.0,7.0,4.0,0.0,3.0,2.0,24.0,0.0,0.0,0.0,14.0,189.0,14.0,10.062099737210154,5,24.0,n5_cost_12_challenge,cost_12_upper_tail,19.733333333333334,10.0,0.0,13,11.0,11.283694784840574,15.343584445047254,True,11.423146450547414,15.312984828187686,True,boosting,5.181488599226521,1.478310336911039,3.7031782623154816,20.296821737684517,14.0
,33426154,12,3.768627450980392,25.0,14.94785081442333,,,True,,,3.768627450980392,13.0,2.59375,5.0,2.588235294117647,2.6,0.0,1.0,1.0,3.0,4.0,8.0,5.0,6.0,4.0,1.0,25.0,0.0,0.0,0.0,16.0,189.0,16.0,10.05214918557667,5,25.0,n5_cost_12_challenge,cost_12_upper_tail,21.231372549019607,9.0,0.0,13,12.0,12.223099618042744,16.37400074862041,True,12.254060529403464,16.333074911438043,True,boosting,6.122657541228636,1.478310336911039,4.644347204317597,20.355652795682403,16.0
,231854591,12,4.959514170040486,24.0,13.97923742760928,,,True,,,4.959514170040486,13.0,2.9375,4.0,3.3076923076923075,2.6842105263157894,1.0,0.0,0.0,2.0,4.0,4.0,6.0,6.0,3.0,4.0,24.0,0.0,0.0,0.0,18.0,189.0,18.0,10.02076257239072,5,24.0,n5_cost_12_challenge,cost_12_upper_tail,19.040485829959515,6.0,0.0,13,11.0,11.146958899543613,15.447906496960488,True,11.348409771035794,15.387468402959122,True,boosting,5.801505060909891,1.478310336911039,4.323194723998852,19.676805276001147,18.0
,2375008050,12,4.4089068825910935,25.0,15.030797101309505,,,True,,,4.4089068825910935,13.0,3.0625,4.0,3.1538461538461537,3.0,0.0,0.0,4.0,2.0,7.0,6.0,7.0,7.0,1.0,5.0,25.0,0.0,0.0,0.0,17.0,189.0,17.0,9.969202898690495,5,25.0,n5_cost_12_challenge,cost_12_upper_tail,20.591093117408906,8.0,0.0,13,12.0,12.17255108682109,16.486427269901135,True,12.221275326539716,16.463583885309113,True,boosting,5.904310254021168,1.478310336911039,4.425999917110129,20.57400008288987,17.0
,4010026820,12,3.571428571428572,24.0,14.04097764293926,,,True,,,3.571428571428572,12.0,2.6875,4.0,2.388888888888889,3.071428571428572,0.0,1.0,2.0,3.0,3.0,3.0,2.0,5.0,2.0,2.0,24.0,0.0,0.0,0.0,14.0,189.0,14.0,9.95902235706074,5,24.0,n5_cost_12_challenge,cost_12_upper_tail,20.428571428571427,10.0,0.0,13,11.0,11.288930134881412,15.464032009158164,True,11.423297523134174,15.426876215124429,True,boosting,5.471258134844636,1.478310336911039,3.9929477979335966,20.007052202066404,14.0
,3758289183,12,4.587301587301587,24.0,14.085286856140796,,,True,,,4.587301587301587,11.0,3.03125,4.0,3.0,3.071428571428572,1.0,1.0,1.0,2.0,5.0,0.0,5.0,4.0,1.0,2.0,24.0,0.0,0.0,0.0,18.0,189.0,18.0,9.914713143859204,5,24.0,n5_cost_12_challenge,cost_12_upper_tail,19.41269841269841,6.0,0.0,13,11.0,11.269576897378167,15.516202897246789,True,11.514214674382892,15.48354108843536,True,boosting,5.664303741361954,1.478310336911039,4.185993404450915,19.814006595549085,18.0
,475983598,12,4.266666666666667,24.0,14.095590001726134,,,True,,,4.266666666666667,11.0,2.625,4.0,3.1666666666666665,2.3,0.0,0.0,2.0,2.0,2.0,7.0,2.0,4.0,4.0,1.0,24.0,0.0,0.0,0.0,15.0,189.0,15.0,9.904409998273866,5,24.0,n5_cost_12_challenge,cost_12_upper_tail,19.733333333333334,9.0,0.0,13,11.0,11.457056703430792,15.481714050612704,True,11.60462246528483,15.455785484039842,True,boosting,6.054489880760802,1.478310336911039,4.576179543849763,19.42382045615024,15.0
,3960341708,12,3.890688259109312,23.0,13.113402036439066,,,True,,,3.890688259109312,13.0,2.6875,4.0,2.3684210526315788,3.1538461538461537,0.0,1.0,1.0,3.0,1.0,6.0,6.0,5.0,3.0,2.0,23.0,0.0,0.0,0.0,16.0,189.0,16.0,9.886597963560934,5,23.0,n5_cost_12_challenge,cost_12_upper_tail,19.10931174089069,7.0,0.0,13,10.0,10.240757626068952,14.513194578975464,True,10.31041168286114,14.484157588004582,True,boosting,6.110959849430595,1.478310336911039,4.6326495125195555,18.367350487480444,16.0
,3620389058,12,4.270588235294118,24.0,14.13963643527731,,,True,,,4.270588235294118,13.0,2.90625,4.0,3.0588235294117645,2.7333333333333334,0.0,1.0,1.0,5.0,5.0,7.0,4.0,4.0,5.0,2.0,24.0,0.0,0.0,0.0,17.0,189.0,17.0,9.86036356472269,5,24.0,n5_cost_12_challenge,cost_12_upper_tail,19.729411764705883,7.0,0.0,13,11.0,11.465055802011896,15.578690306920404,True,11.56672848971976,15.529155118050612,True,boosting,5.806310124107303,1.478310336911039,4.327999787196264,19.672000212803738,17.0
,4293387682,12,4.090909090909091,25.0,15.140749450601673,,,True,,,4.090909090909091,13.0,2.75,4.0,3.6,2.363636363636364,0.0,0.0,3.0,4.0,5.0,4.0,5.0,2.0,2.0,4.0,25.0,0.0,0.0,0.0,16.0,189.0,16.0,9.859250549398327,5,25.0,n5_cost_12_challenge,cost_12_upper_tail,20.90909090909091,9.0,0.0,13,12.0,12.607035383777788,16.628982924387525,True,12.636189682636772,16.565542540069213,True,boosting,4.967108368824731,1.478310336911039,3.488798031913692,21.511201968086308,16.0
,4220035020,12,3.890688259109312,23.0,13.168375630558163,,,True,,,3.890688259109312,12.0,2.625,5.0,2.6923076923076925,2.5789473684210527,0.0,0.0,2.0,3.0,2.0,5.0,3.0,7.0,2.0,3.0,23.0,0.0,0.0,0.0,16.0,189.0,16.0,9.831624369441837,5,23.0,n5_cost_12_challenge,cost_12_upper_tail,19.10931174089069,7.0,0.0,13,10.0,10.477815842380316,14.613232990562524,True,10.510223949144336,14.585697200076122,True,boosting,5.796573570526162,1.478310336911039,4.318263233615123,18.681736766384876,16.0
,2290299767,12,4.803921568627451,24.0,14.188422577865882,,,True,,,4.803921568627451,11.0,2.875,4.0,3.0588235294117645,2.6666666666666665,1.0,1.0,0.0,1.0,5.0,1.0,4.0,7.0,3.0,4.0,24.0,0.0,0.0,0.0,15.0,189.0,15.0,9.811577422134118,5,24.0,n5_cost_12_challenge,cost_12_upper_tail,19.19607843137255,9.0,0.0,13,11.0,11.336822368777598,15.654136903192196,True,11.504083984405137,15.567565839836604,True,boosting,5.994760484150681,1.478310336911039,4.516450147239642,19.48354985276036,15.0
,100564940,12,4.816666666666666,25.0,15.206328420456884,,,True,,,4.816666666666666,12.0,2.8125,4.0,3.1666666666666665,2.6,0.0,0.0,2.0,1.0,3.0,7.0,3.0,3.0,4.0,1.0,25.0,0.0,0.0,0.0,14.0,189.0,14.0,9.793671579543116,5,25.0,n5_cost_12_challenge,cost_12_upper_tail,20.183333333333334,11.0,0.0,13,12.0,12.47485528134928,16.629992375069158,True,12.675178841436477,16.571046028500337,True,boosting,5.675549972287203,1.478310336911039,4.197239635376164,20.802760364623836,14.0
,150879982,12,3.890688259109312,23.0,13.206790000727306,,,True,,,3.890688259109312,13.0,2.6875,4.0,3.076923076923077,2.421052631578948,0.0,0.0,2.0,2.0,3.0,8.0,5.0,6.0,4.0,2.0,23.0,0.0,0.0,0.0,16.0,189.0,16.0,9.793209999272694,5,23.0,n5_cost_12_challenge,cost_12_upper_tail,19.10931174089069,7.0,0.0,13,10.0,10.48266251889822,14.625328772762876,True,10.495524946737966,14.569635694245976,True,boosting,5.915107768234191,1.478310336911039,4.436797431323152,18.56320256867685,16.0
,4040291711,12,3.6406926406926408,22.0,12.21108090906782,,,True,,,3.6406926406926408,12.0,2.59375,5.0,3.272727272727273,2.238095238095238,1.0,0.0,0.0,1.0,4.0,0.0,6.0,4.0,6.0,3.0,22.0,0.0,0.0,0.0,17.0,189.0,17.0,9.78891909093218,5,22.0,n5_cost_12_challenge,cost_12_upper_tail,18.35930735930736,5.0,0.0,13,9.0,9.492266331959703,13.702884777256,True,9.714076877936328,13.589839123010794,True,boosting,6.389099815710372,1.478310336911039,4.910789478799333,17.089210521200666,17.0
,16519848,12,4.16017316017316,23.0,13.235222491977517,,,True,,,4.16017316017316,13.0,2.75,5.0,2.4285714285714284,3.363636363636364,0.0,1.0,0.0,4.0,6.0,7.0,8.0,5.0,4.0,1.0,23.0,0.0,0.0,0.0,14.0,189.0,14.0,9.764777508022483,5,23.0,n5_cost_12_challenge,cost_12_upper_tail,18.83982683982684,9.0,0.0,13,10.0,10.432458184216998,14.652344269508024,True,10.46339889160868,14.622050744960749,True,boosting,6.104211000245188,1.478310336911039,4.625900663334149,18.37409933666585,14.0
,3723746866,12,4.714285714285714,26.0,16.245338566043664,,,True,,,4.714285714285714,11.0,2.9375,4.0,3.4545454545454546,2.6666666666666665,0.0,0.0,3.0,3.0,7.0,5.0,5.0,5.0,6.0,2.0,26.0,0.0,0.0,0.0,14.0,189.0,14.0,9.754661433956336,5,26.0,n5_cost_12_challenge,cost_12_upper_tail,21.285714285714285,12.0,0.0,13,13.0,13.6107665212501,17.679890206488913,False,13.62549479257855,17.63447976799942,False,boosting,5.3913874647152475,1.478310336911039,3.9130771278042085,22.086922872195792,14.0
,3381643274,12,4.063492063492063,25.0,15.24799051791558,,,True,,,4.063492063492063,12.0,2.8125,4.0,2.611111111111111,3.071428571428572,0.0,1.0,2.0,3.0,4.0,5.0,5.0,5.0,4.0,2.0,25.0,0.0,0.0,0.0,15.0,189.0,15.0,9.75200948208442,5,25.0,n5_cost_12_challenge,cost_12_upper_tail,20.936507936507937,10.0,0.0,13,12.0,12.619066258539355,16.687762654507367,True,12.6211466386028,16.633903154902608,True,boosting,5.874572016223351,1.478310336911039,4.396261679312312,20.60373832068769,15.0
,1954298104,12,4.270588235294118,24.0,14.251402041403889,,,True,,,4.270588235294118,10.0,2.75,4.0,2.8,2.7058823529411766,0.0,0.0,1.0,3.0,2.0,8.0,4.0,4.0,3.0,2.0,24.0,0.0,0.0,0.0,15.0,189.0,15.0,9.748597958596111,5,24.0,n5_cost_12_challenge,cost_12_upper_tail,19.729411764705883,9.0,0.0,13,11.0,11.561322069543774,15.658677296328737,True,11.682520301764022,15.624880864871283,True,boosting,5.487363129435782,1.478310336911039,4.009052792524743,19.99094720747526,15.0
,3365601288,12,3.5217391304347827,24.0,14.265524835348565,,,True,,,3.5217391304347827,13.0,2.5625,4.0,2.1739130434782608,3.555555555555556,0.0,1.0,1.0,3.0,3.0,3.0,4.0,7.0,5.0,4.0,24.0,0.0,0.0,0.0,15.0,189.0,15.0,9.734475164651435,5,24.0,n5_cost_12_challenge,cost_12_upper_tail,20.47826086956522,9.0,0.0,13,11.0,11.344879483319977,15.746288617900325,True,11.514371148662065,15.653065415258771,True,boosting,5.537932308725801,1.478310336911039,4.059621971814762,19.940378028185236,15.0
,3249529615,12,5.142857142857143,23.0,13.277841825329354,,,True,,,5.142857142857143,10.0,2.84375,4.0,3.142857142857143,2.611111111111111,1.0,0.0,1.0,1.0,1.0,2.0,3.0,4.0,3.0,2.0,23.0,0.0,0.0,0.0,16.0,189.0,16.0,9.722158174670646,5,23.0,n5_cost_12_challenge,cost_12_upper_tail,17.857142857142858,7.0,0.0,13,10.0,10.506588327408338,14.685711602113734,True,10.846416532249073,14.629491853852418,True,boosting,5.781399360044159,1.478310336911039,4.30308902313312,18.69691097686688,16.0
,3552792706,12,4.959514170040486,23.0,13.279219417630731,,,True,,,4.959514170040486,13.0,2.8125,4.0,2.5789473684210527,3.1538461538461537,0.0,1.0,2.0,3.0,7.0,6.0,4.0,6.0,4.0,3.0,23.0,0.0,0.0,0.0,17.0,189.0,17.0,9.720780582369269,5,23.0,n5_cost_12_challenge,cost_12_upper_tail,18.040485829959515,6.0,0.0,13,10.0,10.62451623022811,14.75435812418664,True,10.581460889272,14.70040083490551,True,boosting,5.8482958320284135,1.478310336911039,4.369985495117374,18.630014504882624,17.0
,4242560098,12,4.270588235294118,24.0,14.296233529628903,,,True,,,4.270588235294118,13.0,3.0625,4.0,3.0,3.1333333333333333,0.0,1.0,1.0,4.0,6.0,5.0,5.0,4.0,1.0,4.0,24.0,0.0,0.0,0.0,16.0,189.0,16.0,9.703766470371097,5,24.0,n5_cost_12_challenge,cost_12_upper_tail,19.729411764705883,8.0,0.0,13,11.0,11.614725944985317,15.768258456492674,True,11.72157837922186,15.74283895865273,True,boosting,5.690268647856956,1.478310336911039,4.211958310945917,19.788041689054083,16.0
,3098654739,12,4.270588235294118,23.0,13.328700203859444,,,True,,,4.270588235294118,11.0,2.84375,4.0,2.647058823529412,3.066666666666667,1.0,1.0,2.0,4.0,4.0,2.0,6.0,4.0,4.0,5.0,23.0,0.0,0.0,0.0,15.0,189.0,15.0,9.671299796140556,5,23.0,n5_cost_12_challenge,cost_12_upper_tail,18.729411764705883,8.0,0.0,13,10.0,10.747883448966247,14.82757804958206,True,10.828782848856742,14.722480210291364,True,boosting,5.525159214468008,1.478310336911039,4.046848877556969,18.953151122443032,15.0
,4243834175,12,5.890909090909091,24.0,14.33375584942802,,,True,,,5.890909090909091,12.0,2.875,4.0,4.0,2.363636363636364,1.0,0.0,0.0,2.0,5.0,1.0,2.0,2.0,1.0,2.0,24.0,0.0,0.0,0.0,18.0,189.0,18.0,9.66624415057198,5,24.0,n5_cost_12_challenge,cost_12_upper_tail,18.10909090909091,6.0,0.0,13,11.0,11.62922788660616,15.772618836799785,True,11.922516986066311,15.737156954163863,True,boosting,6.241134888616281,1.478310336911039,4.762824551705242,19.237175448294757,18.0
,36887824,12,4.16017316017316,24.0,14.340975729427164,,,True,,,4.16017316017316,11.0,2.78125,4.0,2.4285714285714284,3.4545454545454546,0.0,1.0,2.0,2.0,6.0,7.0,6.0,6.0,4.0,4.0,24.0,0.0,0.0,0.0,16.0,189.0,16.0,9.659024270572836,5,24.0,n5_cost_12_challenge,cost_12_upper_tail,19.83982683982684,8.0,0.0,13,11.0,11.373563011375971,15.806073400833125,True,11.510925552743268,15.745750686093531,True,boosting,5.741841432996871,1.478310336911039,4.263531096085832,19.73646890391417,16.0
,389431082,12,4.270588235294118,24.0,14.3556894130545,,,True,,,4.270588235294118,14.0,2.875,4.0,2.6,3.117647058823529,0.0,0.0,2.0,2.0,3.0,9.0,5.0,8.0,4.0,1.0,24.0,0.0,0.0,0.0,17.0,189.0,17.0,9.6443105869455,5,24.0,n5_cost_12_challenge,cost_12_upper_tail,19.729411764705883,7.0,0.0,13,11.0,11.50415803760503,15.767814579055026,True,11.547650933503162,15.72201395477688,True,boosting,5.967382953567,1.478310336911039,4.489072616655961,19.51092738334404,17.0
,4037151246,12,4.266666666666667,24.0,14.367368977569589,,,True,,,4.266666666666667,11.0,2.8125,4.0,2.6,3.1666666666666665,0.0,1.0,2.0,2.0,5.0,4.0,8.0,6.0,2.0,2.0,24.0,0.0,0.0,0.0,14.0,189.0,14.0,9.632631022430411,5,24.0,n5_cost_12_challenge,cost_12_upper_tail,19.733333333333334,10.0,0.0,13,11.0,11.548589203146696,15.797807558524305,True,11.683816291651569,15.741242505128056,True,boosting,5.510011164500249,1.478310336911039,4.03170082758921,19.968299172410788,14.0
,2362278020,12,3.155844155844156,25.0,15.376308846777045,,,True,,,3.155844155844156,13.0,2.59375,4.0,2.2857142857142856,3.1818181818181817,0.0,1.0,2.0,3.0,7.0,4.0,5.0,5.0,5.0,4.0,25.0,0.0,0.0,0.0,15.0,189.0,15.0,9.623691153222955,5,25.0,n5_cost_12_challenge,cost_12_upper_tail,21.844155844155843,10.0,0.0,13,12.0,12.56861177773848,16.846992904770577,True,12.68626746138401,16.75724501646238,True,boosting,5.750933039637858,1.478310336911039,4.272622702726819,20.72737729727318,15.0
,3390229226,12,4.270588235294118,22.0,12.414278605916971,,,True,,,4.270588235294118,13.0,2.84375,5.0,2.588235294117647,3.1333333333333333,0.0,1.0,1.0,4.0,2.0,6.0,4.0,7.0,4.0,2.0,22.0,0.0,0.0,0.0,16.0,189.0,16.0,9.585721394083029,5,22.0,n5_cost_12_challenge,cost_12_upper_tail,17.729411764705883,6.0,0.0,13,9.0,9.67745727259852,13.808207316795963,True,9.628111902990124,13.79140598390156,True,boosting,6.100900202872233,1.478310336911039,4.622589865961194,17.377410134038804,16.0
,4009332125,12,5.303030303030303,24.0,14.419822770548008,,,True,,,5.303030303030303,14.0,3.0,5.0,3.727272727272727,2.619047619047619,1.0,0.0,1.0,3.0,5.0,3.0,6.0,5.0,4.0,5.0,24.0,0.0,0.0,0.0,16.0,189.0,16.0,9.580177229451992,5,24.0,n5_cost_12_challenge,cost_12_upper_tail,18.696969696969695,8.0,0.0,13,11.0,11.72878121346833,15.91289081911216,True,11.848632006562005,15.820817802472986,True,boosting,5.191086562555611,1.478310336911039,3.712776225644572,20.28722377435543,16.0
,284164238,12,3.5217391304347827,22.0,12.427796358027305,,,True,,,3.5217391304347827,12.0,2.5625,4.0,2.1739130434782608,3.555555555555556,0.0,1.0,2.0,4.0,8.0,7.0,8.0,5.0,2.0,5.0,22.0,0.0,0.0,0.0,15.0,189.0,15.0,9.572203641972695,5,22.0,n5_cost_12_challenge,cost_12_upper_tail,18.47826086956522,7.0,0.0,13,9.0,9.56833825266576,13.870638835186904,True,9.610682651996497,13.83300098796768,True,boosting,5.996940513494199,1.478310336911039,4.51863017658316,17.48136982341684,15.0
,1415999078,12,5.0625,24.0,14.442282944608817,,,True,,,5.0625,11.0,2.8125,4.0,3.0,2.625,0.0,0.0,2.0,1.0,0.0,6.0,3.0,3.0,3.0,1.0,24.0,0.0,0.0,0.0,14.0,189.0,14.0,9.557717055391183,5,24.0,n5_cost_12_challenge,cost_12_upper_tail,18.9375,10.0,0.0,13,11.0,11.724875620184388,15.845654820145857,True,11.917751963190934,15.797690715438488,True,boosting,6.017596314119776,1.478310336911039,4.539285977208737,19.460714022791265,14.0
,3231696063,12,4.063492063492063,23.0,13.452682519713568,,,True,,,4.063492063492063,11.0,2.625,4.0,2.642857142857143,2.611111111111111,1.0,0.0,1.0,1.0,2.0,1.0,5.0,6.0,4.0,1.0,23.0,0.0,0.0,0.0,15.0,189.0,15.0,9.547317480286432,5,23.0,n5_cost_12_challenge,cost_12_upper_tail,18.936507936507937,8.0,0.0,13,10.0,10.634782115142482,14.85800431515364,True,10.839290383966464,14.81284440118475,True,boosting,5.626672464302809,1.478310336911039,4.14836212739177,18.85163787260823,15.0
,4121884580,12,4.16017316017316,19.0,11.630062835339809,,,True,,,4.16017316017316,10.0,2.65625,4.0,3.4545454545454546,2.238095238095238,0.0,0.0,2.0,5.0,5.0,6.0,4.0,6.0,2.0,3.0,19.0,0.0,0.0,0.0,14.0,189.0,14.0,7.369937164660193,5,19.0,n5_cost_12_challenge,cost_12_random_reference,14.83982683982684,5.0,0.0,13,6.0,9.065589386082852,13.087371699236629,True,8.962213512282123,13.055416972006372,True,boosting,5.358364371139254,1.478310336911039,3.8800540342282153,15.119945965771784,14.0
,1415063592,12,5.254545454545455,24.0,14.678096002584809,,,True,,,5.254545454545455,12.0,2.75,4.0,2.363636363636364,3.6,0.0,1.0,0.0,3.0,3.0,4.0,1.0,2.0,2.0,2.0,24.0,0.0,0.0,0.0,15.0,189.0,15.0,9.321903997415191,5,24.0,n5_cost_12_challenge,cost_12_random_reference,18.745454545454546,9.0,0.0,13,11.0,11.858812405039508,16.120322068367955,True,12.154991643287277,16.06553491000652,True,boosting,4.998867791345444,1.478310336911039,3.520557454434405,20.479442545565597,15.0
,4284284173,12,3.0727272727272728,17.0,12.017506554021224,,,True,,,3.0727272727272728,9.0,2.46875,4.0,3.2,2.136363636363636,1.0,0.0,3.0,3.0,6.0,2.0,4.0,3.0,3.0,0.0,17.0,0.0,0.0,0.0,13.0,189.0,13.0,4.982493445978776,5,17.0,n5_cost_12_challenge,cost_12_random_reference,13.927272727272728,4.0,0.0,13,4.0,9.523954788520776,13.226313211708222,True,9.589228055149096,13.26590897008922,True,boosting,5.3459651701885464,1.478310336911039,3.8676548332775074,13.132345166722493,13.0
,85057467,12,3.2980392156862743,16.0,10.847785514059648,,,True,,,3.2980392156862743,10.0,2.78125,4.0,2.533333333333333,3.0,1.0,0.0,1.0,1.0,3.0,6.0,3.0,5.0,2.0,3.0,16.0,0.0,0.0,0.0,16.0,189.0,16.0,5.152214485940352,5,16.0,n5_cost_12_challenge,cost_12_random_reference,12.701960784313727,0.0,0.0,13,3.0,8.06706194357156,12.266853213997436,False,8.157988326522815,12.212285276581625,False,boosting,4.349503612184227,1.478310336911039,2.871193275273188,13.128806724726811,13.128806724726811
,1082179498,12,3.404858299595141,20.0,12.538196662834494,,,True,,,3.404858299595141,11.0,2.34375,5.0,2.1578947368421053,2.6153846153846154,0.0,1.0,2.0,4.0,3.0,5.0,2.0,5.0,3.0,4.0,20.0,0.0,0.0,0.0,15.0,189.0,15.0,7.461803337165506,5,20.0,n5_cost_12_challenge,cost_12_random_reference,16.59514170040486,5.0,0.0,13,7.0,9.778095573267604,13.946209055766012,True,9.869736482209944,13.914547956156213,True,boosting,6.506407591665892,1.478310336911039,5.028097254754853,14.971902745245147,14.971902745245147
,2855525072,12,4.515625,21.0,13.582553675258868,,,True,,,4.515625,10.0,3.0625,4.0,3.125,3.0,0.0,0.0,2.0,3.0,5.0,5.0,4.0,5.0,2.0,1.0,21.0,0.0,0.0,0.0,15.0,189.0,15.0,7.417446324741132,5,21.0,n5_cost_12_challenge,cost_12_random_reference,16.484375,6.0,0.0,13,8.0,10.960023226027456,14.999355125778065,True,10.96919284471464,14.971910380209492,True,boosting,5.3801153790569485,1.478310336911039,3.9018050421459094,17.09819495785409,15.0
,3495255120,12,3.404858299595141,18.0,11.307565949406612,,,True,,,3.404858299595141,11.0,2.46875,4.0,2.3684210526315788,2.6153846153846154,0.0,1.0,2.0,4.0,5.0,5.0,5.0,7.0,3.0,2.0,18.0,0.0,0.0,0.0,15.0,189.0,15.0,6.692434050593388,5,18.0,n5_cost_12_challenge,cost_12_random_reference,14.59514170040486,3.0,0.0,13,5.0,8.403932206257442,12.656051929892506,False,8.45628196804877,12.655435214437064,False,boosting,5.669545920767102,1.478310336911039,4.191235583856063,13.808764416143937,13.808764416143937
,2866258165,12,4.063492063492063,20.0,13.119005593992313,,,True,,,4.063492063492063,9.0,2.625,5.0,2.642857142857143,2.611111111111111,1.0,0.0,2.0,3.0,3.0,1.0,1.0,3.0,2.0,2.0,20.0,0.0,0.0,0.0,14.0,189.0,14.0,6.880994406007687,5,20.0,n5_cost_12_challenge,cost_12_random_reference,15.936507936507937,6.0,0.0,13,7.0,10.496955500309216,14.425498316895167,True,10.71230813776868,14.405229408640857,True,boosting,5.289414165828077,1.478310336911039,3.8111038289170382,16.188896171082963,14.0
,4243423103,12,3.692307692307693,22.0,13.49610692712907,,,True,,,3.692307692307693,11.0,2.53125,5.0,4.166666666666667,2.1538461538461537,1.0,0.0,0.0,1.0,3.0,2.0,5.0,3.0,2.0,3.0,22.0,0.0,0.0,0.0,15.0,189.0,15.0,8.50389307287093,5,22.0,n5_cost_12_challenge,cost_12_random_reference,18.307692307692307,7.0,0.0,13,9.0,10.747543665356734,14.937835031618713,True,10.970837028973062,14.87030123813083,True,boosting,5.843379035485342,1.478310336911039,4.365068698574303,17.634931301425695,15.0
,1156369868,12,2.640625,21.0,13.949900553944802,,,True,,,2.640625,11.0,2.625,4.0,3.0,2.25,0.0,0.0,2.0,1.0,4.0,6.0,7.0,1.0,3.0,3.0,21.0,0.0,0.0,0.0,14.0,189.0,14.0,7.050099446055198,5,21.0,n5_cost_12_challenge,cost_12_random_reference,18.359375,7.0,0.0,13,8.0,11.364100510867768,15.37969617923143,True,11.308290809691002,15.30883134090072,True,boosting,5.319237738331091,1.478310336911039,3.8409274014200516,17.159072598579947,14.0
,3981812145,12,4.803921568627451,23.0,14.479268708240587,,,True,,,4.803921568627451,11.0,3.0625,4.0,3.1333333333333333,3.0,1.0,0.0,2.0,3.0,4.0,3.0,4.0,5.0,4.0,3.0,23.0,0.0,0.0,0.0,15.0,189.0,15.0,8.520731291759411,5,23.0,n5_cost_12_challenge,cost_12_random_reference,18.19607843137255,8.0,0.0,13,10.0,11.865866276349273,15.9681775281639,True,11.908732667611844,15.87549818451566,True,boosting,5.3408308750959925,1.478310336911039,3.8625205381849534,19.137479461815047,15.0
,89195456,12,4.06280193236715,19.0,12.09927345699368,,,True,,,4.06280193236715,12.0,2.84375,4.0,2.391304347826087,4.0,0.0,1.0,2.0,1.0,6.0,6.0,1.0,6.0,5.0,4.0,19.0,0.0,0.0,0.0,18.0,189.0,18.0,6.900726543006321,5,19.0,n5_cost_12_challenge,cost_12_random_reference,14.937198067632849,1.0,0.0,13,6.0,9.172161707815466,13.561260959051394,True,9.314907048638506,13.507811172890852,True,boosting,4.321170349387877,1.478310336911039,2.842860012476838,16.157139987523163,16.157139987523163
,2945248640,12,3.515625,22.0,13.438602609399808,,,True,,,3.515625,13.0,2.78125,4.0,2.5625,3.0,0.0,0.0,1.0,4.0,3.0,4.0,6.0,2.0,3.0,2.0,22.0,0.0,0.0,0.0,17.0,189.0,17.0,8.561397390600193,5,22.0,n5_cost_12_challenge,cost_12_random_reference,18.484375,5.0,0.0,13,9.0,10.79543421250691,14.837928103027371,True,10.898201187040186,14.793225012743326,True,boosting,5.02246797084647,1.478310336911039,3.5441576339354306,18.45584236606457,17.0
,4025724588,12,4.090909090909091,21.0,12.913994358858565,,,True,,,4.090909090909091,12.0,2.75,4.0,3.4,2.4545454545454546,0.0,0.0,2.0,4.0,3.0,4.0,6.0,2.0,2.0,2.0,21.0,0.0,0.0,0.0,16.0,189.0,16.0,8.086005641141437,5,21.0,n5_cost_12_challenge,cost_12_random_reference,16.90909090909091,5.0,0.0,13,8.0,10.330804616685857,14.357680713885037,True,10.38228555962732,14.293657714285027,True,boosting,5.094152169423215,1.478310336911039,3.615841832512176,17.384158167487826,16.0
,4044877919,12,4.4089068825910935,21.0,12.57484893615617,,,True,,,4.4089068825910935,13.0,2.8125,4.0,3.1538461538461537,2.5789473684210527,1.0,0.0,1.0,1.0,3.0,4.0,6.0,8.0,2.0,2.0,21.0,0.0,0.0,0.0,15.0,189.0,15.0,8.42515106384383,5,21.0,n5_cost_12_challenge,cost_12_random_reference,16.591093117408906,6.0,0.0,13,8.0,9.66404313768312,13.995854344923575,True,9.829371015045814,13.944573029416802,True,boosting,5.918669468219576,1.478310336911039,4.440359131308537,16.559640868691464,15.0
,3439307333,12,4.4089068825910935,18.0,12.256991191617551,,,True,,,4.4089068825910935,9.0,2.65625,4.0,3.076923076923077,2.3684210526315788,1.0,0.0,3.0,3.0,5.0,3.0,7.0,3.0,5.0,1.0,18.0,0.0,0.0,0.0,14.0,189.0,14.0,5.743008808382449,5,18.0,n5_cost_12_challenge,cost_12_random_reference,13.591093117408906,4.0,0.0,13,5.0,9.726716760678462,13.587378605854264,True,9.787897589568946,13.563094480272396,True,boosting,4.944123614589918,1.478310336911039,3.465813277678879,14.53418672232112,14.0
,4260405667,12,4.063492063492063,18.0,12.29458227011367,,,True,,,4.063492063492063,10.0,2.78125,4.0,3.142857142857143,2.5,1.0,0.0,3.0,4.0,5.0,3.0,5.0,2.0,1.0,1.0,18.0,0.0,0.0,0.0,14.0,189.0,14.0,5.70541772988633,5,18.0,n5_cost_12_challenge,cost_12_random_reference,13.936507936507937,4.0,0.0,13,5.0,9.75856576702153,13.732959867253546,True,9.800749749015848,13.714109532756702,True,boosting,4.938492599950016,1.478310336911039,3.460182263038977,14.539817736961023,14.0
,2325056159,12,4.515625,18.0,11.547956275879642,,,True,,,4.515625,9.0,2.8125,4.0,2.625,3.0,1.0,0.0,1.0,2.0,4.0,1.0,3.0,4.0,2.0,2.0,18.0,0.0,0.0,0.0,14.0,189.0,14.0,6.452043724120358,5,18.0,n5_cost_12_challenge,cost_12_random_reference,13.484375,4.0,0.0,13,5.0,8.759091217154324,12.862174849817038,False,9.104285834211886,12.825112347825884,False,boosting,5.549727103392823,1.478310336911039,4.071416766481784,13.928583233518216,13.928583233518216
,3654353167,12,4.587301587301587,23.0,13.809659117917072,,,True,,,4.587301587301587,11.0,2.875,4.0,2.7222222222222223,3.071428571428572,1.0,1.0,1.0,1.0,5.0,1.0,7.0,5.0,3.0,3.0,23.0,0.0,0.0,0.0,15.0,189.0,15.0,9.190340882082928,5,23.0,n5_cost_12_challenge,cost_12_random_reference,18.41269841269841,8.0,0.0,13,10.0,11.0265011467011,15.28023609910561,True,11.200440922184404,15.190857972465166,True,boosting,5.437585414876282,1.478310336911039,3.959275077965243,19.040724922034755,15.0
,3427585883,12,3.571428571428572,19.0,11.257139859255089,,,True,,,3.571428571428572,11.0,2.59375,5.0,2.571428571428572,2.611111111111111,1.0,0.0,2.0,2.0,5.0,1.0,8.0,4.0,3.0,1.0,19.0,0.0,0.0,0.0,15.0,189.0,15.0,7.742860140744913,5,19.0,n5_cost_12_challenge,cost_12_random_reference,15.428571428571427,4.0,0.0,13,6.0,8.529634653104917,12.672035066097934,False,8.736296297145836,12.62692457271772,False,boosting,6.048475410925478,1.478310336911039,4.570165074014439,14.42983492598556,14.42983492598556
,1056505544,12,4.266666666666667,20.0,12.539233408501635,,,True,,,4.266666666666667,12.0,3.0625,4.0,3.1666666666666665,3.0,0.0,0.0,0.0,4.0,6.0,6.0,4.0,0.0,0.0,0.0,20.0,0.0,0.0,0.0,15.0,189.0,15.0,7.460766591498363,5,20.0,n5_cost_12_challenge,cost_12_random_reference,15.733333333333334,5.0,0.0,13,7.0,9.85588953534216,13.968637491507964,True,10.00665909268444,13.95596710314454,True,boosting,5.9533511297450765,1.478310336911039,4.475040792834037,15.524959207165963,15.0
,553684228,12,3.571428571428572,20.0,12.098367297658104,,,True,,,3.571428571428572,11.0,2.5625,5.0,2.12,4.142857142857143,0.0,1.0,2.0,2.0,6.0,5.0,5.0,5.0,5.0,4.0,20.0,0.0,0.0,0.0,16.0,189.0,16.0,7.901632702341896,5,20.0,n5_cost_12_challenge,cost_12_random_reference,16.428571428571427,4.0,0.0,13,7.0,9.111292820952295,13.574608254336518,True,9.32327419360577,13.512635974215916,True,boosting,5.947590280918792,1.478310336911039,4.469279944007753,15.530720055992248,15.530720055992248
,296990015,12,4.063492063492063,22.0,13.605032683878711,,,True,,,4.063492063492063,12.0,2.71875,4.0,3.071428571428572,2.4444444444444446,1.0,0.0,0.0,0.0,3.0,4.0,2.0,5.0,4.0,2.0,22.0,0.0,0.0,0.0,17.0,189.0,17.0,8.394967316121289,5,22.0,n5_cost_12_challenge,cost_12_random_reference,17.936507936507937,5.0,0.0,13,9.0,10.893445194719606,15.045656192659996,True,11.069582233796748,14.972859805879342,True,boosting,5.59965385624185,1.478310336911039,4.121343519330811,17.87865648066919,17.0
,2135229823,12,4.4089068825910935,22.0,13.20125272120794,,,True,,,4.4089068825910935,13.0,2.78125,4.0,3.076923076923077,2.5789473684210527,1.0,0.0,0.0,1.0,4.0,5.0,4.0,5.0,3.0,4.0,22.0,0.0,0.0,0.0,18.0,189.0,18.0,8.79874727879206,5,22.0,n5_cost_12_challenge,cost_12_random_reference,17.591093117408906,4.0,0.0,13,9.0,10.415876226121425,14.667365055110048,True,10.553213143400228,14.612573610919943,True,boosting,5.875439583284441,1.478310336911039,4.397129246373402,17.602870753626597,17.602870753626597
,3309633440,12,3.515625,19.0,10.471261854163073,,,True,,,3.515625,11.0,2.75,3.0,3.0,2.5,0.0,0.0,1.0,3.0,2.0,6.0,6.0,5.0,2.0,0.0,19.0,0.0,0.0,0.0,14.0,189.0,14.0,8.528738145836929,5,19.0,n5_cost_12_challenge,cost_12_random_reference,15.484375,5.0,0.0,13,6.0,8.507489182544727,11.835171050615244,False,8.507188687570391,11.811110318120845,False,boosting,6.022549481067195,1.478310336911039,4.544239144156156,14.455760855843845,14.0
,3490218112,12,3.102564102564102,17.0,11.15899981655116,,,True,,,3.102564102564102,11.0,2.4375,5.0,2.0384615384615383,4.166666666666667,0.0,1.0,0.0,5.0,0.0,2.0,3.0,3.0,2.0,2.0,17.0,0.0,0.0,0.0,15.0,189.0,15.0,5.841000183448839,5,17.0,n5_cost_12_challenge,cost_12_random_reference,13.897435897435898,2.0,0.0,13,4.0,8.483371871665883,12.544032043476427,False,8.679452912835735,12.52352936467112,False,boosting,4.559745850934921,1.478310336911039,3.081435514023882,13.918564485976118,13.918564485976118
,4129485840,12,3.571428571428572,17.0,10.472647673130648,,,True,,,3.571428571428572,12.0,2.53125,4.0,2.555555555555556,2.5,0.0,1.0,1.0,3.0,5.0,5.0,7.0,3.0,2.0,2.0,17.0,0.0,0.0,0.0,14.0,189.0,14.0,6.527352326869352,5,17.0,n5_cost_12_challenge,cost_12_random_reference,13.428571428571427,3.0,0.0,13,4.0,8.697882235537033,11.913312745424523,False,8.65755400454501,11.861606547210426,False,boosting,5.185112376303675,1.478310336911039,3.7068020393926355,13.293197960607365,13.293197960607365
,1617055342,12,4.587301587301587,21.0,12.864572229266932,,,True,,,4.587301587301587,10.0,2.8125,4.0,2.611111111111111,3.071428571428572,0.0,1.0,2.0,2.0,2.0,4.0,4.0,4.0,2.0,2.0,21.0,0.0,0.0,0.0,15.0,189.0,15.0,8.135427770733068,5,21.0,n5_cost_12_challenge,cost_12_random_reference,16.41269841269841,6.0,0.0,13,8.0,10.106828816775463,14.2762807421126,True,10.316097180743697,14.240265276599589,True,boosting,5.594539481560012,1.478310336911039,4.1162291446489725,16.883770855351028,15.0
,4022403033,12,3.0727272727272728,17.0,11.071877159210304,,,True,,,3.0727272727272728,11.0,2.46875,4.0,3.2,2.136363636363636,1.0,0.0,3.0,3.0,6.0,2.0,5.0,3.0,4.0,0.0,17.0,0.0,0.0,0.0,15.0,189.0,15.0,5.928122840789696,5,17.0,n5_cost_12_challenge,cost_12_random_reference,13.927272727272728,2.0,0.0,13,4.0,8.584232476703786,12.442616872509683,False,8.595448162058892,12.416708119362706,False,boosting,4.521301933561789,1.478310336911039,3.04299159665075,13.95700840334925,13.95700840334925
,450498650,12,4.4089068825910935,20.0,12.376715848070802,,,True,,,4.4089068825910935,10.0,2.78125,4.0,2.5789473684210527,3.076923076923077,0.0,1.0,2.0,3.0,1.0,6.0,3.0,6.0,4.0,3.0,20.0,0.0,0.0,0.0,14.0,189.0,14.0,7.623284151929198,5,20.0,n5_cost_12_challenge,cost_12_random_reference,15.591093117408906,6.0,0.0,13,7.0,9.773471004553404,13.818803297644898,True,9.743892019483752,13.785665981553343,True,boosting,5.645279473198122,1.478310336911039,4.166969136287083,15.833030863712917,14.0
,2968979447,12,3.75,18.0,11.003483082655212,,,True,,,3.75,12.0,2.59375,4.0,3.083333333333333,2.3,1.0,0.0,0.0,1.0,3.0,2.0,1.0,5.0,2.0,1.0,18.0,0.0,0.0,0.0,14.0,189.0,14.0,6.996516917344788,5,18.0,n5_cost_12_challenge,cost_12_random_reference,14.25,4.0,0.0,13,5.0,8.319023355344294,12.42235788025932,False,8.508907725693739,12.372342580250187,False,boosting,6.097791322690799,1.478310336911039,4.61948098577976,13.38051901422024,13.38051901422024
,3437189375,12,3.0727272727272728,20.0,12.062116341783709,,,True,,,3.0727272727272728,11.0,2.5,4.0,3.3,2.136363636363636,1.0,0.0,1.0,1.0,1.0,2.0,5.0,4.0,3.0,2.0,20.0,0.0,0.0,0.0,16.0,189.0,16.0,7.9378836582162915,5,20.0,n5_cost_12_challenge,cost_12_random_reference,16.927272727272726,4.0,0.0,13,7.0,9.315365047902098,13.433014923334468,True,9.526153079865692,13.363517778878927,True,boosting,6.331477546334911,1.478310336911039,4.853167209423872,15.146832790576127,15.146832790576127
,1482508876,12,4.063492063492063,19.0,12.014202965553146,,,True,,,4.063492063492063,12.0,2.78125,4.0,2.555555555555556,3.071428571428572,0.0,1.0,2.0,2.0,5.0,6.0,6.0,4.0,1.0,1.0,19.0,0.0,0.0,0.0,14.0,189.0,14.0,6.985797034446854,5,19.0,n5_cost_12_challenge,cost_12_random_reference,14.936507936507937,5.0,0.0,13,6.0,9.259919401774724,13.43197693584775,True,9.365303734625355,13.414603902524997,True,boosting,5.897498941645545,1.478310336911039,4.419188604734506,14.580811395265494,14.0
,1443296772,12,4.4089068825910935,20.0,12.589139653103596,,,True,,,4.4089068825910935,10.0,2.84375,4.0,2.5789473684210527,3.230769230769231,0.0,1.0,1.0,2.0,5.0,9.0,6.0,4.0,4.0,2.0,20.0,0.0,0.0,0.0,14.0,189.0,14.0,7.410860346896404,5,20.0,n5_cost_12_challenge,cost_12_random_reference,15.591093117408906,6.0,0.0,13,7.0,9.7627896354955,14.028767662425984,True,9.92872072191874,13.964930756404508,True,boosting,5.701068356618142,1.478310336911039,4.222758019707103,15.777241980292896,14.0
,436895246,12,3.571428571428572,20.0,12.383608881818226,,,True,,,3.571428571428572,11.0,2.625,4.0,2.555555555555556,2.7142857142857144,0.0,1.0,2.0,2.0,5.0,7.0,3.0,3.0,4.0,1.0,20.0,0.0,0.0,0.0,14.0,189.0,14.0,7.616391118181774,5,20.0,n5_cost_12_challenge,cost_12_random_reference,16.428571428571427,6.0,0.0,13,7.0,9.659386433884158,13.807679685706072,True,9.852869352690323,13.756340807150218,True,boosting,5.50982971467012,1.478310336911039,4.031519377759081,15.968480622240918,14.0
,825327025,12,3.515625,22.0,13.365051676715508,,,True,,,3.515625,10.0,2.46875,4.0,2.5625,2.375,1.0,0.0,2.0,2.0,3.0,5.0,1.0,2.0,1.0,2.0,22.0,0.0,0.0,0.0,14.0,189.0,14.0,8.634948323284492,5,22.0,n5_cost_12_challenge,cost_12_random_reference,18.484375,8.0,0.0,13,9.0,10.710169247324584,14.717776269585643,True,10.903110809538052,14.726401630926132,True,boosting,6.017458725437337,1.478310336911039,4.539148388526298,17.4608516114737,14.0
,3486512188,12,5.303030303030303,20.0,12.506685974508637,,,True,,,5.303030303030303,10.0,2.71875,4.0,3.272727272727273,2.4285714285714284,0.0,0.0,3.0,3.0,1.0,5.0,3.0,6.0,4.0,3.0,20.0,0.0,0.0,0.0,14.0,189.0,14.0,7.493314025491365,5,20.0,n5_cost_12_challenge,cost_12_random_reference,14.696969696969697,6.0,0.0,13,7.0,9.950359466671657,13.942668068466304,True,9.964785772898892,13.912168529828763,True,boosting,5.812742239959724,1.478310336911039,4.334431903048685,15.665568096951315,14.0
,4102046991,12,4.4089068825910935,23.0,13.531584248804489,,,True,,,4.4089068825910935,13.0,3.03125,4.0,3.0,3.076923076923077,1.0,1.0,2.0,2.0,2.0,2.0,5.0,5.0,5.0,5.0,23.0,0.0,0.0,0.0,17.0,189.0,17.0,9.468415751195511,5,23.0,n5_cost_12_challenge,cost_12_random_reference,18.591093117408906,6.0,0.0,13,10.0,10.784219705459622,14.973208830560312,True,10.927362472547369,14.91484982993279,True,boosting,5.657522725273489,1.478310336911039,4.17921238836245,18.82078761163755,17.0
,202276872,12,3.0228571428571427,20.0,12.555716553807745,,,True,,,3.0228571428571427,11.0,2.375,5.0,2.04,3.571428571428572,0.0,1.0,0.0,3.0,3.0,6.0,5.0,5.0,2.0,2.0,20.0,0.0,0.0,0.0,15.0,189.0,15.0,7.444283446192257,5,20.0,n5_cost_12_challenge,cost_12_random_reference,16.97714285714286,5.0,0.0,13,7.0,9.752088679902954,13.943182173396398,True,9.727064192288577,13.91617555496648,True,boosting,6.1323613663455205,1.478310336911039,4.6540510294344815,15.34594897056552,15.0
,4138925072,12,3.768627450980392,21.0,12.42931304460276,,,True,,,3.768627450980392,11.0,2.78125,4.0,3.066666666666667,2.5294117647058822,0.0,0.0,1.0,4.0,4.0,6.0,3.0,4.0,5.0,4.0,21.0,0.0,0.0,0.0,16.0,189.0,16.0,8.570686955397239,5,21.0,n5_cost_12_challenge,cost_12_random_reference,17.231372549019607,5.0,0.0,13,8.0,9.82593100456858,13.913222320443396,True,9.933379486025258,13.845712892374928,True,boosting,5.6604296542734716,1.478310336911039,4.1821193173624325,16.81788068263757,16.0
AND_OR_NOT,3277174,11,3.5217391304347827,20.0,12.171638233205222,10.776071941695918,13.215945655577434,True,1.3955662915093043,1.0443074223722115,3.5217391304347827,11.0,2.5,5.0,2.130434782608696,3.4444444444444446,0.0,1.0,4.0,1.0,4.0,6.0,5.0,7.0,3.0,5.0,20.0,0.0,0.0,0.0,15.0,189.0,15.0,7.828361766794778,5,20.0,n5_sparse_layers,cost_11,16.47826086956522,5.0,0.0,12,8.0,,,,,,,shallow_tree,5.402298850574723,0.6417149159084703,4.760583934666252,15.239416065333748,15.0
AND_OR_NOT,5963736,11,4.0,18.0,11.989746433923944,10.59418014241464,13.034053856296156,True,1.3955662915093043,1.0443074223722115,4.0,8.0,2.625,4.0,2.625,2.625,0.0,0.0,2.0,2.0,5.0,6.0,5.0,3.0,2.0,0.0,18.0,0.0,0.0,0.0,14.0,189.0,14.0,6.010253566076056,5,18.0,n5_sparse_layers,cost_11,14.0,4.0,0.0,12,6.0,,,,,,,shallow_tree,5.402298850574723,0.6417149159084703,4.760583934666252,13.239416065333748,13.239416065333748
AND_OR_NOT,7667961,11,2.705627705627706,17.0,12.552757360932793,11.157191069423488,13.597064783305004,True,1.3955662915093043,1.0443074223722115,2.705627705627706,9.0,2.0625,4.0,1.5238095238095235,3.090909090909091,1.0,1.0,3.0,1.0,5.0,5.0,4.0,5.0,3.0,1.0,17.0,1.0,0.0,1.0,15.0,13.0,13.0,4.447242639067207,5,17.0,n5_sparse_layers,cost_11,14.294372294372295,2.0,4.0,12,5.0,,,,,,,shallow_tree,3.6417149159084703,0.6417149159084703,3.0,14.0,13.0
AND_OR_NOT,135138059,11,2.618181818181818,19.0,14.49858986935126,13.103023577841956,15.542897291723472,True,1.3955662915093043,1.0443074223722115,2.618181818181818,9.0,2.03125,4.0,1.5454545454545454,3.1,1.0,1.0,3.0,1.0,4.0,2.0,4.0,2.0,2.0,1.0,19.0,1.0,0.0,1.0,15.0,12.0,12.0,4.50141013064874,5,19.0,n5_sparse_layers,cost_11,16.381818181818183,4.0,7.0,12,7.0,,,,,,,shallow_tree,5.402298850574723,0.6417149159084703,4.760583934666252,14.239416065333748,12.0
AND_OR_NOT,137560191,11,2.816666666666667,17.0,10.651014400024488,9.255448108515184,11.6953218223967,True,1.3955662915093043,1.0443074223722115,2.816666666666667,10.0,2.34375,5.0,2.25,2.5,1.0,1.0,1.0,0.0,1.0,3.0,2.0,3.0,3.0,2.0,17.0,0.0,0.0,0.0,13.0,189.0,13.0,6.348985599975512,5,17.0,n5_sparse_layers,cost_11,14.183333333333334,4.0,0.0,12,5.0,,,,,,,shallow_tree,5.402298850574723,0.6417149159084703,4.760583934666252,12.239416065333748,12.239416065333748
AND_OR_NOT,168232959,11,3.515625,19.0,11.432919864759365,10.03735357325006,12.477227287131576,True,1.3955662915093043,1.0443074223722115,3.515625,11.0,2.46875,4.0,2.375,2.5625,1.0,0.0,0.0,0.0,3.0,3.0,3.0,4.0,3.0,2.0,19.0,0.0,0.0,0.0,16.0,189.0,16.0,7.567080135240635,5,19.0,n5_sparse_layers,cost_11,15.484375,3.0,0.0,12,7.0,,,,,,,shallow_tree,4.425735013363877,0.6417149159084703,3.7840200974554064,15.215979902544593,15.215979902544593
AND_OR_NOT,184224575,11,3.111111111111111,17.0,11.228713110340614,9.83314681883131,12.273020532712826,True,1.3955662915093043,1.0443074223722115,3.111111111111111,11.0,2.34375,4.0,2.5,2.2222222222222223,1.0,0.0,0.0,1.0,5.0,3.0,4.0,2.0,4.0,3.0,17.0,0.0,0.0,0.0,15.0,189.0,15.0,5.771286889659386,5,17.0,n5_sparse_layers,cost_11,13.88888888888889,2.0,0.0,12,5.0,,,,,,,shallow_tree,3.6417149159084703,0.6417149159084703,3.0,14.0,14.0
AND_OR_NOT,327037950,11,3.75,19.0,11.825624921269512,10.43005862976021,12.869932343641723,True,1.3955662915093043,1.0443074223722115,3.75,12.0,2.875,4.0,2.6666666666666665,3.0,0.0,0.0,4.0,0.0,5.0,8.0,4.0,5.0,3.0,1.0,19.0,0.0,0.0,0.0,16.0,189.0,16.0,7.174375078730488,5,19.0,n5_sparse_layers,cost_11,15.25,3.0,0.0,12,7.0,,,,,,,shallow_tree,3.956373551465565,0.6417149159084703,3.3146586355570946,15.685341364442905,15.685341364442905
AND_OR_NOT,729784821,11,4.266666666666667,18.0,12.66250024301146,11.266933951502155,13.706807665383671,True,1.3955662915093043,1.0443074223722115,4.266666666666667,9.0,2.8125,4.0,3.1666666666666665,2.6,1.0,0.0,1.0,1.0,4.0,4.0,4.0,3.0,2.0,2.0,18.0,0.0,0.0,0.0,13.0,189.0,13.0,5.3374997569885405,5,18.0,n5_sparse_layers,cost_11,13.733333333333334,5.0,0.0,12,6.0,,,,,,,shallow_tree,5.402298850574723,0.6417149159084703,4.760583934666252,13.239416065333748,13.0
AND_OR_NOT,758982712,11,4.587301587301587,16.0,11.205329617905946,9.809763326396642,12.249637040278158,True,1.3955662915093043,1.0443074223722115,4.587301587301587,8.0,2.75,3.0,2.555555555555556,3.0,0.0,1.0,2.0,2.0,5.0,4.0,4.0,3.0,1.0,1.0,16.0,0.0,0.0,0.0,13.0,189.0,13.0,4.794670382094054,5,16.0,n5_sparse_layers,cost_11,11.412698412698413,3.0,0.0,12,4.0,,,,,,,shallow_tree,4.425735013363877,0.6417149159084703,3.7840200974554064,12.215979902544593,12.215979902544593
AND_OR_NOT,1087266912,11,4.090909090909091,20.0,12.535896617566204,11.1403303260569,13.580204039938415,True,1.3955662915093043,1.0443074223722115,4.090909090909091,12.0,2.5625,4.0,2.227272727272727,3.3,0.0,1.0,0.0,3.0,4.0,6.0,4.0,3.0,4.0,1.0,20.0,0.0,0.0,0.0,16.0,189.0,16.0,7.464103382433796,5,20.0,n5_sparse_layers,cost_11,15.90909090909091,4.0,0.0,12,8.0,,,,,,,shallow_tree,5.402298850574723,0.6417149159084703,4.760583934666252,15.239416065333748,15.239416065333748
AND_OR_NOT,1146941132,11,3.0625,21.0,12.110680309929071,10.715114018419769,13.154987732301285,True,1.3955662915093043,1.0443074223722115,3.0625,10.0,2.65625,4.0,3.0,2.3125,0.0,0.0,1.0,1.0,2.0,7.0,5.0,3.0,2.0,0.0,21.0,0.0,0.0,0.0,14.0,189.0,14.0,8.889319690070929,5,21.0,n5_sparse_layers,cost_11,17.9375,7.0,0.0,12,9.0,,,,,,,shallow_tree,5.402298850574723,0.6417149159084703,4.760583934666252,16.23941606533375,14.0
AND_OR_NOT,1275109631,11,3.890688259109312,18.0,12.809534483950824,11.41396819244152,13.853841906323035,True,1.3955662915093043,1.0443074223722115,3.890688259109312,9.0,2.46875,4.0,2.3684210526315788,2.6153846153846154,1.0,1.0,2.0,3.0,1.0,4.0,2.0,2.0,2.0,5.0,18.0,0.0,0.0,0.0,12.0,189.0,12.0,5.190465516049176,5,18.0,n5_sparse_layers,cost_11,14.109311740890687,6.0,0.0,12,6.0,,,,,,,shallow_tree,5.402298850574723,0.6417149159084703,4.760583934666252,13.239416065333748,12.0
AND_OR_NOT,1330629827,11,4.063492063492063,18.0,12.881735714460152,11.486169422950848,13.926043136832364,True,1.3955662915093043,1.0443074223722115,4.063492063492063,9.0,2.5625,4.0,2.571428571428572,2.555555555555556,1.0,0.0,3.0,2.0,3.0,5.0,2.0,0.0,1.0,1.0,18.0,0.0,0.0,0.0,13.0,189.0,13.0,5.118264285539848,5,18.0,n5_sparse_layers,cost_11,13.936507936507937,5.0,0.0,12,6.0,,,,,,,shallow_tree,5.402298850574723,0.6417149159084703,4.760583934666252,13.239416065333748,13.0
AND_OR_NOT,1610578032,11,3.6406926406926408,19.0,11.773172485677229,10.377606194167925,12.81747990804944,True,1.3955662915093043,1.0443074223722115,3.6406926406926408,10.0,2.59375,4.0,3.363636363636364,2.1904761904761907,0.0,0.0,2.0,2.0,1.0,8.0,2.0,4.0,5.0,4.0,19.0,0.0,0.0,0.0,14.0,189.0,14.0,7.226827514322771,5,19.0,n5_sparse_layers,cost_11,15.359307359307358,5.0,0.0,12,7.0,,,,,,,shallow_tree,5.402298850574723,0.6417149159084703,4.760583934666252,14.239416065333748,14.0
AND_OR_NOT,1626390528,11,3.0,17.0,11.966712069796683,10.57114577828738,13.011019492168897,True,1.3955662915093043,1.0443074223722115,3.0,9.0,1.96875,4.0,1.4583333333333333,3.5,0.0,1.0,0.0,3.0,1.0,3.0,2.0,1.0,1.0,4.0,17.0,1.0,0.0,1.0,13.0,12.0,12.0,5.033287930203317,5,17.0,n5_sparse_layers,cost_11,14.0,4.0,5.0,12,5.0,,,,,,,shallow_tree,5.402298850574723,0.6417149159084703,4.760583934666252,12.239416065333748,12.0
AND_OR_NOT,1711730671,11,3.75,18.0,11.741483572954644,10.34591728144534,12.785790995326856,True,1.3955662915093043,1.0443074223722115,3.75,12.0,2.5625,3.0,3.0,2.3,1.0,0.0,2.0,3.0,5.0,3.0,1.0,1.0,3.0,2.0,18.0,0.0,0.0,0.0,15.0,189.0,15.0,6.258516427045356,5,18.0,n5_sparse_layers,cost_11,14.25,3.0,0.0,12,6.0,,,,,,,shallow_tree,4.425735013363877,0.6417149159084703,3.7840200974554064,14.215979902544593,14.215979902544593
AND_OR_NOT,2292891712,11,3.0193236714975846,14.0,10.047031436984405,8.6514651454751,11.091338859356616,False,1.3955662915093043,1.0443074223722115,3.0193236714975846,9.0,2.40625,4.0,2.0434782608695654,3.333333333333333,0.0,1.0,0.0,4.0,2.0,5.0,3.0,6.0,4.0,2.0,14.0,0.0,0.0,0.0,12.0,189.0,12.0,3.9529685630155953,5,14.0,n5_sparse_layers,cost_11,10.980676328502415,2.0,0.0,12,2.0,,,,,,,shallow_tree,3.6417149159084703,0.6417149159084703,3.0,11.0,11.0
AND_OR_NOT,2382532166,11,3.75,19.0,13.081749582892613,11.686183291383308,14.126057005264824,True,1.3955662915093043,1.0443074223722115,3.75,9.0,2.6875,4.0,2.4,3.1666666666666665,0.0,1.0,2.0,3.0,2.0,4.0,5.0,5.0,2.0,1.0,19.0,0.0,0.0,0.0,14.0,189.0,14.0,5.918250417107387,5,19.0,n5_sparse_layers,cost_11,15.25,5.0,0.0,12,7.0,,,,,,,shallow_tree,5.402298850574723,0.6417149159084703,4.760583934666252,14.239416065333748,14.0
AND_OR_NOT,2615057288,11,4.587301587301587,20.0,11.695803141777931,10.300236850268629,12.740110564150145,True,1.3955662915093043,1.0443074223722115,4.587301587301587,11.0,2.8125,4.0,3.071428571428572,2.611111111111111,0.0,0.0,1.0,4.0,5.0,5.0,5.0,4.0,2.0,0.0,20.0,0.0,0.0,0.0,14.0,189.0,14.0,8.304196858222069,5,20.0,n5_sparse_layers,cost_11,15.412698412698413,6.0,0.0,12,8.0,,,,,,,shallow_tree,5.402298850574723,0.6417149159084703,4.760583934666252,15.239416065333748,14.0
AND_OR_NOT,2852146376,11,3.5636363636363635,18.0,11.81785375708408,10.422287465574776,12.862161179456292,True,1.3955662915093043,1.0443074223722115,3.5636363636363635,10.0,2.59375,4.0,2.136363636363636,3.6,0.0,1.0,0.0,3.0,3.0,3.0,7.0,3.0,3.0,0.0,18.0,0.0,0.0,0.0,13.0,189.0,13.0,6.18214624291592,5,18.0,n5_sparse_layers,cost_11,14.436363636363637,5.0,0.0,12,6.0,,,,,,,shallow_tree,5.402298850574723,0.6417149159084703,4.760583934666252,13.239416065333748,13.0
AND_OR_NOT,2852397585,11,4.06280193236715,18.0,11.852061251823343,10.45649496031404,12.896368674195555,True,1.3955662915093043,1.0443074223722115,4.06280193236715,10.0,2.5,5.0,2.130434782608696,3.4444444444444446,1.0,1.0,4.0,3.0,4.0,4.0,2.0,5.0,4.0,2.0,18.0,0.0,0.0,0.0,15.0,189.0,15.0,6.1479387481766565,5,18.0,n5_sparse_layers,cost_11,13.937198067632849,3.0,0.0,12,6.0,,,,,,,shallow_tree,3.956373551465565,0.6417149159084703,3.3146586355570946,14.685341364442905,14.685341364442905
AND_OR_NOT,3091249384,11,3.890688259109312,17.0,10.283947680079232,8.888381388569929,11.328255102451443,True,1.3955662915093043,1.0443074223722115,3.890688259109312,11.0,2.6875,4.0,2.3684210526315788,3.1538461538461537,0.0,1.0,0.0,4.0,4.0,6.0,3.0,6.0,4.0,1.0,17.0,0.0,0.0,0.0,14.0,189.0,14.0,6.7160523199207685,5,17.0,n5_sparse_layers,cost_11,13.109311740890687,3.0,0.0,12,5.0,,,,,,,shallow_tree,4.425735013363877,0.6417149159084703,3.7840200974554064,13.215979902544593,13.215979902544593
AND_OR_NOT,3096160399,11,4.0,21.0,12.167745653699892,10.772179362190588,13.212053076072104,True,1.3955662915093043,1.0443074223722115,4.0,11.0,2.78125,4.0,3.0,2.5625,1.0,0.0,2.0,2.0,2.0,1.0,7.0,1.0,3.0,3.0,21.0,0.0,0.0,0.0,15.0,189.0,15.0,8.832254346300108,5,21.0,n5_sparse_layers,cost_11,17.0,6.0,0.0,12,9.0,,,,,,,shallow_tree,5.402298850574723,0.6417149159084703,4.760583934666252,16.23941606533375,15.0
AND_OR_NOT,3236990714,11,3.515625,20.0,12.540434291087534,11.14486799957823,13.584741713459746,True,1.3955662915093043,1.0443074223722115,3.515625,10.0,2.5625,4.0,2.5625,2.5625,0.0,0.0,2.0,3.0,4.0,3.0,4.0,6.0,1.0,2.0,20.0,0.0,0.0,0.0,13.0,189.0,13.0,7.459565708912466,5,20.0,n5_sparse_layers,cost_11,16.484375,7.0,0.0,12,8.0,,,,,,,shallow_tree,5.402298850574723,0.6417149159084703,4.760583934666252,15.239416065333748,13.0
AND_OR_NOT,3301304007,11,3.768627450980392,18.0,11.342087555293524,9.94652126378422,12.386394977665736,True,1.3955662915093043,1.0443074223722115,3.768627450980392,10.0,2.71875,4.0,3.0,2.4705882352941178,1.0,0.0,2.0,2.0,6.0,3.0,5.0,4.0,3.0,3.0,18.0,0.0,0.0,0.0,14.0,189.0,14.0,6.657912444706476,5,18.0,n5_sparse_layers,cost_11,14.231372549019607,4.0,0.0,12,6.0,,,,,,,shallow_tree,5.402298850574723,0.6417149159084703,4.760583934666252,13.239416065333748,13.239416065333748
AND_OR_NOT,3422487487,11,3.0727272727272728,21.0,12.07928495957914,10.683718668069837,13.123592381951353,True,1.3955662915093043,1.0443074223722115,3.0727272727272728,10.0,2.46875,4.0,3.2,2.136363636363636,1.0,0.0,0.0,2.0,3.0,1.0,2.0,4.0,3.0,2.0,21.0,0.0,0.0,0.0,14.0,189.0,14.0,8.92071504042086,5,21.0,n5_sparse_layers,cost_11,17.927272727272726,7.0,0.0,12,9.0,,,,,,,shallow_tree,5.402298850574723,0.6417149159084703,4.760583934666252,16.23941606533375,14.0
AND_OR_NOT,3423371018,11,3.2980392156862743,16.0,11.0626431294497,9.667076837940394,12.10695055182191,True,1.3955662915093043,1.0443074223722115,3.2980392156862743,10.0,2.59375,4.0,2.235294117647059,3.0,0.0,1.0,2.0,3.0,5.0,6.0,4.0,7.0,4.0,3.0,16.0,0.0,0.0,0.0,14.0,189.0,14.0,4.9373568705503,5,16.0,n5_sparse_layers,cost_11,12.701960784313727,2.0,0.0,12,4.0,,,,,,,shallow_tree,3.6417149159084703,0.6417149159084703,3.0,13.0,13.0
AND_OR_NOT,3425929442,11,5.142857142857143,19.0,12.284258178640812,10.888691887131507,13.328565601013024,True,1.3955662915093043,1.0443074223722115,5.142857142857143,10.0,2.8125,4.0,2.555555555555556,3.142857142857143,0.0,1.0,2.0,4.0,6.0,4.0,4.0,3.0,1.0,1.0,19.0,0.0,0.0,0.0,14.0,189.0,14.0,6.715741821359188,5,19.0,n5_sparse_layers,cost_11,13.857142857142858,5.0,0.0,12,7.0,,,,,,,shallow_tree,5.402298850574723,0.6417149159084703,4.760583934666252,14.239416065333748,14.0
AND_OR_NOT,3435954018,11,4.063492063492063,18.0,12.410074314288629,11.014508022779324,13.45438173666084,True,1.3955662915093043,1.0443074223722115,4.063492063492063,9.0,2.625,4.0,2.7142857142857144,2.555555555555556,0.0,0.0,2.0,2.0,6.0,5.0,6.0,5.0,3.0,1.0,18.0,0.0,0.0,0.0,13.0,189.0,13.0,5.589925685711371,5,18.0,n5_sparse_layers,cost_11,13.936507936507937,5.0,0.0,12,6.0,,,,,,,shallow_tree,5.402298850574723,0.6417149159084703,4.760583934666252,13.239416065333748,13.0
AND_OR_NOT,3437375538,11,4.4089068825910935,16.0,10.2453993627125,8.849833071203197,11.289706785084713,False,1.3955662915093043,1.0443074223722115,4.4089068825910935,11.0,2.75,3.0,2.5789473684210527,3.0,0.0,1.0,2.0,3.0,5.0,6.0,5.0,6.0,5.0,5.0,16.0,0.0,0.0,0.0,12.0,189.0,12.0,5.754600637287499,5,16.0,n5_sparse_layers,cost_11,11.591093117408906,4.0,0.0,12,4.0,,,,,,,shallow_tree,4.832772166105498,0.6417149159084703,4.191057250197027,11.808942749802974,11.808942749802974
AND_OR_NOT,3695466054,11,4.063492063492063,17.0,10.890486863521376,9.494920572012072,11.934794285893588,True,1.3955662915093043,1.0443074223722115,4.063492063492063,10.0,2.8125,4.0,3.0,2.571428571428572,0.0,1.0,2.0,2.0,3.0,2.0,5.0,6.0,3.0,1.0,17.0,0.0,0.0,0.0,13.0,189.0,13.0,6.109513136478624,5,17.0,n5_sparse_layers,cost_11,12.936507936507937,4.0,0.0,12,5.0,,,,,,,shallow_tree,5.402298850574723,0.6417149159084703,4.760583934666252,12.239416065333748,12.239416065333748
AND_OR_NOT,3741382912,11,2.530364372469636,18.0,11.502691596706578,10.107125305197274,12.54699901907879,True,1.3955662915093043,1.0443074223722115,2.530364372469636,10.0,2.09375,4.0,1.4736842105263157,3.0,0.0,1.0,1.0,4.0,2.0,4.0,4.0,4.0,2.0,4.0,18.0,1.0,0.0,1.0,15.0,12.0,12.0,6.497308403293422,5,18.0,n5_sparse_layers,cost_11,15.469635627530364,3.0,6.0,12,6.0,,,,,,,shallow_tree,4.425735013363877,0.6417149159084703,3.7840200974554064,14.215979902544593,12.0
AND_OR_NOT,3757703216,11,2.8588235294117648,16.0,10.753356106960252,9.357789815450948,11.797663529332464,True,1.3955662915093043,1.0443074223722115,2.8588235294117648,10.0,2.59375,4.0,2.235294117647059,3.0,0.0,1.0,1.0,3.0,4.0,5.0,4.0,6.0,2.0,2.0,16.0,0.0,0.0,0.0,13.0,189.0,13.0,5.246643893039748,5,16.0,n5_sparse_layers,cost_11,13.141176470588235,3.0,0.0,12,4.0,,,,,,,shallow_tree,4.425735013363877,0.6417149159084703,3.7840200974554064,12.215979902544593,12.215979902544593
AND_OR_NOT,3986730656,11,3.2980392156862743,19.0,11.732521955509224,10.33695566399992,12.776829377881436,True,1.3955662915093043,1.0443074223722115,3.2980392156862743,11.0,2.4375,4.0,2.3529411764705883,2.533333333333333,0.0,1.0,0.0,5.0,4.0,5.0,5.0,5.0,2.0,2.0,19.0,0.0,0.0,0.0,14.0,189.0,14.0,7.267478044490776,5,19.0,n5_sparse_layers,cost_11,15.701960784313727,5.0,0.0,12,7.0,,,,,,,shallow_tree,5.402298850574723,0.6417149159084703,4.760583934666252,14.239416065333748,14.0
AND_OR_NOT,4022838019,11,3.571428571428572,17.0,10.905990081907614,9.51042379039831,11.950297504279826,True,1.3955662915093043,1.0443074223722115,3.571428571428572,12.0,2.78125,4.0,3.071428571428572,2.555555555555556,1.0,0.0,2.0,3.0,2.0,2.0,2.0,1.0,2.0,3.0,17.0,0.0,0.0,0.0,13.0,189.0,13.0,6.094009918092386,5,17.0,n5_sparse_layers,cost_11,13.428571428571427,4.0,0.0,12,5.0,,,,,,,shallow_tree,5.402298850574723,0.6417149159084703,4.760583934666252,12.239416065333748,12.239416065333748
AND_OR_NOT,4041080657,11,3.6406926406926408,18.0,12.471286745714211,11.075720454204909,13.515594168086425,True,1.3955662915093043,1.0443074223722115,3.6406926406926408,9.0,2.53125,4.0,3.090909090909091,2.238095238095238,1.0,0.0,2.0,3.0,6.0,3.0,6.0,4.0,4.0,2.0,18.0,0.0,0.0,0.0,13.0,189.0,13.0,5.528713254285789,5,18.0,n5_sparse_layers,cost_11,14.359307359307358,5.0,0.0,12,6.0,,,,,,,shallow_tree,5.402298850574723,0.6417149159084703,4.760583934666252,13.239416065333748,13.0
AND_OR_NOT,4075965518,11,4.270588235294118,20.0,12.195730375603995,10.80016408409469,13.240037797976209,True,1.3955662915093043,1.0443074223722115,4.270588235294118,10.0,2.78125,4.0,3.0,2.588235294117647,0.0,0.0,2.0,4.0,5.0,4.0,3.0,7.0,5.0,4.0,20.0,0.0,0.0,0.0,14.0,189.0,14.0,7.804269624396005,5,20.0,n5_sparse_layers,cost_11,15.729411764705883,6.0,0.0,12,8.0,,,,,,,shallow_tree,5.402298850574723,0.6417149159084703,4.760583934666252,15.239416065333748,14.0
AND_OR_NOT,4224773632,11,3.0625,17.0,11.304266178814672,9.908699887305367,12.348573601186883,True,1.3955662915093043,1.0443074223722115,3.0625,11.0,2.40625,4.0,2.3125,2.5,0.0,0.0,0.0,5.0,4.0,5.0,4.0,2.0,3.0,1.0,17.0,0.0,0.0,0.0,14.0,189.0,14.0,5.695733821185328,5,17.0,n5_sparse_layers,cost_11,13.9375,3.0,0.0,12,5.0,,,,,,,shallow_tree,4.425735013363877,0.6417149159084703,3.7840200974554064,13.215979902544593,13.215979902544593
AND_OR_NOT,4236002556,11,3.404858299595141,20.0,13.371555292708951,11.975989001199649,14.415862715081165,True,1.3955662915093043,1.0443074223722115,3.404858299595141,10.0,2.5625,5.0,2.5384615384615383,2.5789473684210527,0.0,0.0,2.0,3.0,2.0,6.0,3.0,6.0,4.0,3.0,20.0,0.0,0.0,0.0,14.0,189.0,14.0,6.628444707291049,5,20.0,n5_sparse_layers,cost_11,16.59514170040486,6.0,0.0,12,8.0,,,,,,,shallow_tree,5.402298850574723,0.6417149159084703,4.760583934666252,15.239416065333748,14.0
,3371665271,12,5.4,31.0,17.729191182301292,,,True,,,5.4,15.0,2.875,4.0,3.5,2.5,1.0,0.0,0.0,0.0,3.0,3.0,1.0,6.0,2.0,3.0,31.0,0.0,0.0,0.0,18.0,189.0,18.0,13.270808817698708,5,31.0,n5_cost_12_challenge,cost_12_upper_tail,25.6,13.0,0.0,13,18.0,14.987394397357898,19.187828306347924,False,15.173087181017776,19.109903127249765,False,shallow_tree,5.402298850574723,0.6417149159084703,4.760583934666252,26.23941606533375,18.0
,2846074799,12,4.4089068825910935,28.0,15.44948000492828,,,True,,,4.4089068825910935,12.0,2.6875,5.0,2.769230769230769,2.631578947368421,1.0,0.0,1.0,1.0,2.0,2.0,3.0,6.0,4.0,4.0,28.0,0.0,0.0,0.0,15.0,189.0,15.0,12.55051999507172,5,28.0,n5_cost_12_challenge,cost_12_upper_tail,23.591093117408906,13.0,0.0,13,15.0,12.669999470131096,16.896053405047965,True,12.91394929526782,16.818082593778907,True,shallow_tree,5.402298850574723,0.6417149159084703,4.760583934666252,23.23941606533375,15.0
,2415463345,12,5.142857142857143,30.0,18.025957712387218,,,True,,,5.142857142857143,15.0,3.125,4.0,3.2857142857142856,3.0,1.0,0.0,2.0,2.0,4.0,1.0,5.0,1.0,1.0,1.0,30.0,0.0,0.0,0.0,18.0,189.0,18.0,11.974042287612782,5,30.0,n5_cost_12_challenge,cost_12_upper_tail,24.857142857142858,12.0,0.0,13,17.0,15.281945870964584,19.46266767631325,False,15.483731411309709,19.41979276945448,False,shallow_tree,5.402298850574723,0.6417149159084703,4.760583934666252,25.23941606533375,18.0
,4205983551,12,4.16017316017316,27.0,15.304062680561024,,,True,,,4.16017316017316,12.0,2.65625,4.0,3.272727272727273,2.333333333333333,1.0,0.0,1.0,3.0,3.0,4.0,3.0,6.0,3.0,3.0,27.0,0.0,0.0,0.0,15.0,189.0,15.0,11.695937319438976,5,27.0,n5_cost_12_challenge,cost_12_upper_tail,22.83982683982684,12.0,0.0,13,14.0,12.735539639841049,16.762601605837727,True,12.818983193022076,16.725042626142315,True,shallow_tree,5.402298850574723,0.6417149159084703,4.760583934666252,22.23941606533375,15.0
,3346517708,12,4.266666666666667,25.0,13.34180402889228,,,True,,,4.266666666666667,11.0,2.75,4.0,3.25,2.45,0.0,0.0,2.0,2.0,2.0,5.0,5.0,5.0,4.0,0.0,25.0,0.0,0.0,0.0,14.0,189.0,14.0,11.65819597110772,5,25.0,n5_cost_12_challenge,cost_12_upper_tail,20.733333333333334,11.0,0.0,13,12.0,10.648751129504443,14.729095798832178,True,10.726566291586384,14.702334658343252,True,shallow_tree,5.402298850574723,0.6417149159084703,4.760583934666252,20.23941606533375,14.0
,859189964,12,5.368627450980392,27.0,15.34822613288572,,,True,,,5.368627450980392,13.0,2.84375,4.0,2.647058823529412,3.066666666666667,0.0,1.0,1.0,3.0,6.0,7.0,5.0,5.0,4.0,1.0,27.0,0.0,0.0,0.0,14.0,189.0,14.0,11.65177386711428,5,27.0,n5_cost_12_challenge,cost_12_upper_tail,21.63137254901961,13.0,0.0,13,14.0,12.64938770961049,16.774651513497872,True,12.673656715229637,16.737538599541796,True,shallow_tree,5.402298850574723,0.6417149159084703,4.760583934666252,22.23941606533375,14.0
,4277242000,12,4.0,28.0,16.382301310790602,,,True,,,4.0,15.0,2.84375,4.0,3.0625,2.625,0.0,0.0,2.0,5.0,7.0,3.0,4.0,1.0,4.0,5.0,28.0,0.0,0.0,0.0,16.0,189.0,16.0,11.617698689209398,5,28.0,n5_cost_12_challenge,cost_12_upper_tail,24.0,12.0,0.0,13,15.0,13.795463874687195,17.895528193940827,False,13.922458372022287,17.777582322706653,False,shallow_tree,5.402298850574723,0.6417149159084703,4.760583934666252,23.23941606533375,16.0
,520946967,12,3.571428571428572,27.0,15.54050053228066,,,True,,,3.571428571428572,13.0,2.5,4.0,2.388888888888889,2.642857142857143,1.0,1.0,0.0,1.0,7.0,2.0,3.0,2.0,1.0,3.0,27.0,0.0,0.0,0.0,18.0,189.0,18.0,11.45949946771934,5,27.0,n5_cost_12_challenge,cost_12_upper_tail,23.428571428571427,9.0,0.0,13,14.0,12.664744727385113,17.00625923710996,True,13.056702191896342,16.9505822281871,False,shallow_tree,5.402298850574723,0.6417149159084703,4.760583934666252,22.23941606533375,18.0
,3743342384,12,4.266666666666667,25.0,13.615836784441283,,,True,,,4.266666666666667,11.0,2.71875,4.0,3.333333333333333,2.35,0.0,0.0,2.0,2.0,4.0,6.0,6.0,4.0,3.0,0.0,25.0,0.0,0.0,0.0,14.0,189.0,14.0,11.384163215558717,5,25.0,n5_cost_12_challenge,cost_12_upper_tail,20.733333333333334,11.0,0.0,13,12.0,10.973452754720082,15.02271107258059,True,11.019112477109893,14.99014113768212,True,shallow_tree,5.402298850574723,0.6417149159084703,4.760583934666252,20.23941606533375,14.0
,1462766328,12,5.142857142857143,26.0,14.631674365037902,,,True,,,5.142857142857143,12.0,3.125,4.0,3.0,3.2857142857142856,0.0,1.0,1.0,1.0,4.0,6.0,6.0,4.0,3.0,0.0,26.0,0.0,0.0,0.0,16.0,189.0,16.0,11.368325634962098,5,26.0,n5_cost_12_challenge,cost_12_upper_tail,20.857142857142858,10.0,0.0,13,13.0,11.837174490249662,16.049944396238974,True,11.983203589098505,16.001845407770045,True,shallow_tree,5.402298850574723,0.6417149159084703,4.760583934666252,21.23941606533375,16.0
,4002019737,12,5.5425101214574894,26.0,14.721612093117672,,,True,,,5.5425101214574894,13.0,2.9375,4.0,3.3846153846153846,2.631578947368421,1.0,0.0,2.0,4.0,2.0,1.0,5.0,4.0,3.0,5.0,26.0,0.0,0.0,0.0,16.0,189.0,16.0,11.278387906882328,5,26.0,n5_cost_12_challenge,cost_12_upper_tail,20.45748987854251,10.0,0.0,13,13.0,12.106912795363169,16.170309057254286,True,12.226833779129525,16.101549182812533,True,shallow_tree,5.402298850574723,0.6417149159084703,4.760583934666252,21.23941606533375,16.0
,4048822036,12,4.803921568627451,27.0,15.88912860736088,,,True,,,4.803921568627451,13.0,2.84375,4.0,2.588235294117647,3.1333333333333333,0.0,1.0,3.0,3.0,4.0,6.0,5.0,8.0,5.0,2.0,27.0,0.0,0.0,0.0,18.0,189.0,18.0,11.11087139263912,5,27.0,n5_cost_12_challenge,cost_12_upper_tail,22.19607843137255,9.0,0.0,13,14.0,13.149936781579598,17.320248967187503,False,13.101230255263255,17.2748530578694,False,shallow_tree,5.402298850574723,0.6417149159084703,4.760583934666252,22.23941606533375,18.0
,1381003818,12,4.266666666666667,24.0,12.91045249060575,,,True,,,4.266666666666667,11.0,2.8125,4.0,2.6,3.1666666666666665,0.0,1.0,1.0,2.0,3.0,5.0,6.0,4.0,2.0,0.0,24.0,0.0,0.0,0.0,14.0,189.0,14.0,11.08954750939425,5,24.0,n5_cost_12_challenge,cost_12_upper_tail,19.733333333333334,10.0,0.0,13,11.0,10.100283571719016,14.332917879122274,True,10.317964679846128,14.281664335829468,True,shallow_tree,5.402298850574723,0.6417149159084703,4.760583934666252,19.23941606533375,14.0
,4114057898,12,4.587301587301587,26.0,14.924335633966963,,,True,,,4.587301587301587,12.0,2.9375,4.0,2.857142857142857,3.0,0.0,0.0,2.0,2.0,1.0,3.0,4.0,6.0,4.0,0.0,26.0,0.0,0.0,0.0,15.0,189.0,15.0,11.075664366033037,5,26.0,n5_cost_12_challenge,cost_12_upper_tail,21.41269841269841,11.0,0.0,13,13.0,12.161656451565648,16.326697483239784,True,12.299826684276567,16.277550616149053,True,shallow_tree,5.402298850574723,0.6417149159084703,4.760583934666252,21.23941606533375,15.0
,2776925678,12,5.368627450980392,27.0,16.006969197630912,,,True,,,5.368627450980392,14.0,3.0625,4.0,3.0588235294117645,3.066666666666667,0.0,1.0,3.0,2.0,4.0,6.0,4.0,8.0,4.0,4.0,27.0,0.0,0.0,0.0,16.0,189.0,16.0,10.993030802369088,5,27.0,n5_cost_12_challenge,cost_12_upper_tail,21.63137254901961,11.0,0.0,13,14.0,13.167592230314108,17.476977660586012,False,13.21081385506954,17.40849289612736,False,shallow_tree,5.402298850574723,0.6417149159084703,4.760583934666252,22.23941606533375,16.0
,682114238,12,4.270588235294118,25.0,14.174634092479453,,,True,,,4.270588235294118,12.0,2.75,3.0,2.5294117647058822,3.0,0.0,1.0,3.0,3.0,6.0,4.0,3.0,4.0,4.0,5.0,25.0,0.0,0.0,0.0,18.0,189.0,18.0,10.825365907520547,5,25.0,n5_cost_12_challenge,cost_12_upper_tail,20.729411764705883,7.0,0.0,13,12.0,11.636370289151294,15.672018613608348,True,11.722741056833232,15.59810404440904,True,shallow_tree,4.832772166105498,0.6417149159084703,4.191057250197027,20.808942749802974,18.0
,2306969559,12,4.515625,25.0,14.17722399811945,,,True,,,4.515625,12.0,3.0625,4.0,3.125,3.0,1.0,0.0,0.0,1.0,6.0,1.0,4.0,5.0,2.0,3.0,25.0,0.0,0.0,0.0,16.0,189.0,16.0,10.82277600188055,5,25.0,n5_cost_12_challenge,cost_12_upper_tail,20.484375,9.0,0.0,13,12.0,11.364336397876402,15.646902573257297,True,11.546548916229114,15.55807525846266,True,shallow_tree,5.402298850574723,0.6417149159084703,4.760583934666252,20.23941606533375,16.0
,4054947735,12,5.5425101214574894,25.0,14.29363219731035,,,True,,,5.5425101214574894,12.0,2.90625,4.0,3.3846153846153846,2.5789473684210527,1.0,0.0,0.0,2.0,5.0,2.0,2.0,6.0,3.0,4.0,25.0,0.0,0.0,0.0,17.0,189.0,17.0,10.70636780268965,5,25.0,n5_cost_12_challenge,cost_12_upper_tail,19.45748987854251,8.0,0.0,13,12.0,11.506247104091477,15.75788699520498,True,11.76353175557738,15.673257763853474,True,shallow_tree,5.402298850574723,0.6417149159084703,4.760583934666252,20.23941606533375,17.0
,3452458272,12,3.890688259109312,24.0,13.306737833897444,,,True,,,3.890688259109312,12.0,3.0625,5.0,3.0,3.1538461538461537,0.0,1.0,1.0,4.0,2.0,4.0,6.0,6.0,2.0,3.0,24.0,0.0,0.0,0.0,17.0,189.0,17.0,10.693262166102556,5,24.0,n5_cost_12_challenge,cost_12_upper_tail,20.10931174089069,7.0,0.0,13,11.0,10.62215386493415,14.766101742818051,True,10.66762579809497,14.73286493516228,True,shallow_tree,5.402298850574723,0.6417149159084703,4.760583934666252,19.23941606533375,17.0
,711649472,12,4.4089068825910935,26.0,15.323638091463684,,,True,,,4.4089068825910935,13.0,2.78125,4.0,2.473684210526316,3.230769230769231,0.0,1.0,0.0,5.0,2.0,7.0,2.0,2.0,4.0,3.0,26.0,0.0,0.0,0.0,16.0,189.0,16.0,10.676361908536316,5,26.0,n5_cost_12_challenge,cost_12_upper_tail,21.591093117408906,10.0,0.0,13,13.0,12.660205841828608,16.769209928676098,True,12.760280664328048,16.75202005695955,True,shallow_tree,5.402298850574723,0.6417149159084703,4.760583934666252,21.23941606533375,16.0
,1403680672,12,4.515625,23.0,12.39322176912571,,,True,,,4.515625,11.0,2.8125,4.0,2.625,3.0,0.0,0.0,1.0,3.0,2.0,6.0,5.0,4.0,2.0,0.0,23.0,0.0,0.0,0.0,14.0,189.0,14.0,10.60677823087429,5,23.0,n5_cost_12_challenge,cost_12_upper_tail,18.484375,9.0,0.0,13,10.0,9.697609262389305,13.804647353896543,True,9.778188932811924,13.773141590667889,True,shallow_tree,5.402298850574723,0.6417149159084703,4.760583934666252,18.23941606533375,14.0
,118977636,12,5.142857142857143,26.0,15.480917011751984,,,True,,,5.142857142857143,12.0,2.90625,4.0,2.611111111111111,3.2857142857142856,0.0,1.0,2.0,0.0,4.0,5.0,4.0,5.0,2.0,1.0,26.0,0.0,0.0,0.0,16.0,189.0,16.0,10.519082988248016,5,26.0,n5_cost_12_challenge,cost_12_upper_tail,20.857142857142858,10.0,0.0,13,13.0,12.74110284359976,16.89822174932044,True,12.823779977885671,16.85558651540211,True,shallow_tree,5.402298850574723,0.6417149159084703,4.760583934666252,21.23941606533375,16.0
,2948467246,12,3.571428571428572,25.0,14.510288305045515,,,True,,,3.571428571428572,13.0,2.6875,4.0,3.071428571428572,2.388888888888889,0.0,0.0,2.0,2.0,5.0,3.0,6.0,5.0,2.0,2.0,25.0,0.0,0.0,0.0,16.0,189.0,16.0,10.489711694954485,5,25.0,n5_cost_12_challenge,cost_12_upper_tail,21.428571428571427,9.0,0.0,13,12.0,11.829346197155026,15.935344802715797,True,11.89702929151914,15.887674484088652,True,shallow_tree,5.402298850574723,0.6417149159084703,4.760583934666252,20.23941606533375,16.0
,250891980,12,4.0,23.0,12.51678584562583,,,True,,,4.0,12.0,3.03125,4.0,3.0625,3.0,0.0,0.0,1.0,1.0,2.0,7.0,5.0,4.0,2.0,0.0,23.0,0.0,0.0,0.0,15.0,189.0,15.0,10.48321415437417,5,23.0,n5_cost_12_challenge,cost_12_upper_tail,19.0,8.0,0.0,13,10.0,9.706798829614112,13.919929580057504,True,9.861840852701974,13.879928438345058,True,shallow_tree,5.402298850574723,0.6417149159084703,4.760583934666252,18.23941606533375,15.0
,3114401205,12,4.266666666666667,25.0,14.569168068183972,,,True,,,4.266666666666667,12.0,2.8125,4.0,3.1666666666666665,2.6,1.0,0.0,1.0,2.0,4.0,2.0,6.0,3.0,1.0,4.0,25.0,0.0,0.0,0.0,14.0,189.0,14.0,10.430831931816028,5,25.0,n5_cost_12_challenge,cost_12_upper_tail,20.733333333333334,11.0,0.0,13,12.0,11.736724521363405,16.051472273460462,True,12.007325808378663,15.969306262696842,True,shallow_tree,5.402298850574723,0.6417149159084703,4.760583934666252,20.23941606533375,14.0
,2769627690,12,5.5425101214574894,25.0,14.570031498805436,,,True,,,5.5425101214574894,11.0,2.84375,4.0,2.5789473684210527,3.230769230769231,0.0,1.0,2.0,3.0,0.0,3.0,3.0,8.0,2.0,2.0,25.0,0.0,0.0,0.0,15.0,189.0,15.0,10.429968501194564,5,25.0,n5_cost_12_challenge,cost_12_upper_tail,19.45748987854251,10.0,0.0,13,12.0,11.88411135857548,15.998707847045983,True,11.951180352909269,15.967043458514675,True,shallow_tree,5.402298850574723,0.6417149159084703,4.760583934666252,20.23941606533375,15.0
,241043582,12,3.768627450980392,25.0,14.574390559580872,,,True,,,3.768627450980392,12.0,2.78125,4.0,2.5294117647058822,3.066666666666667,0.0,1.0,3.0,3.0,6.0,6.0,5.0,6.0,4.0,4.0,25.0,0.0,0.0,0.0,15.0,189.0,15.0,10.425609440419128,5,25.0,n5_cost_12_challenge,cost_12_upper_tail,21.231372549019607,10.0,0.0,13,12.0,11.890569508061718,16.041466298974075,True,11.810768058793002,15.994842922022526,True,shallow_tree,5.402298850574723,0.6417149159084703,4.760583934666252,20.23941606533375,15.0
,3439933187,12,4.587301587301587,25.0,14.595364783558791,,,True,,,4.587301587301587,12.0,2.78125,4.0,2.555555555555556,3.071428571428572,1.0,1.0,2.0,1.0,4.0,1.0,3.0,3.0,1.0,1.0,25.0,0.0,0.0,0.0,18.0,189.0,18.0,10.404635216441209,5,25.0,n5_cost_12_challenge,cost_12_upper_tail,20.41269841269841,7.0,0.0,13,12.0,11.900716207195774,16.02899586570014,True,12.170348746582452,15.991020640299707,True,shallow_tree,5.402298850574723,0.6417149159084703,4.760583934666252,20.23941606533375,18.0
,2947583994,12,4.266666666666667,24.0,13.61101941922928,,,True,,,4.266666666666667,12.0,2.8125,4.0,3.1666666666666665,2.6,0.0,0.0,3.0,2.0,3.0,2.0,4.0,5.0,3.0,2.0,24.0,0.0,0.0,0.0,14.0,189.0,14.0,10.38898058077072,5,24.0,n5_cost_12_challenge,cost_12_upper_tail,19.733333333333334,10.0,0.0,13,11.0,10.87063250419095,15.03747778989968,True,11.015993746923172,14.968133539625809,True,shallow_tree,5.402298850574723,0.6417149159084703,4.760583934666252,19.23941606533375,14.0
,4091982574,12,4.16017316017316,25.0,14.635012575754002,,,True,,,4.16017316017316,13.0,2.71875,4.0,3.272727272727273,2.4285714285714284,0.0,0.0,2.0,3.0,4.0,5.0,6.0,6.0,3.0,2.0,25.0,0.0,0.0,0.0,14.0,189.0,14.0,10.364987424245998,5,25.0,n5_cost_12_challenge,cost_12_upper_tail,20.83982683982684,11.0,0.0,13,12.0,12.011264921930984,16.05464327926543,True,12.013653965187258,16.017726854492146,True,shallow_tree,5.402298850574723,0.6417149159084703,4.760583934666252,20.23941606533375,14.0
,301662226,12,3.155844155844156,25.0,14.680619081456424,,,True,,,3.155844155844156,12.0,2.5,4.0,2.142857142857143,3.1818181818181817,0.0,1.0,3.0,2.0,7.0,6.0,3.0,6.0,3.0,5.0,25.0,0.0,0.0,0.0,17.0,189.0,17.0,10.319380918543576,5,25.0,n5_cost_12_challenge,cost_12_upper_tail,21.844155844155843,8.0,0.0,13,12.0,11.708162915134816,16.105693075058753,True,11.896330185683889,16.028559081744536,True,shallow_tree,5.402298850574723,0.6417149159084703,4.760583934666252,20.23941606533375,17.0
,2877403075,12,4.270588235294118,24.0,13.717631346799228,,,True,,,4.270588235294118,13.0,2.8125,4.0,3.066666666666667,2.588235294117647,1.0,0.0,2.0,2.0,2.0,3.0,6.0,5.0,2.0,4.0,24.0,0.0,0.0,0.0,16.0,189.0,16.0,10.282368653200772,5,24.0,n5_cost_12_challenge,cost_12_upper_tail,19.729411764705883,8.0,0.0,13,11.0,10.952209547060171,15.162150716757427,True,11.08852066710214,15.09159205798024,True,shallow_tree,5.402298850574723,0.6417149159084703,4.760583934666252,19.23941606533375,16.0
,3035555052,12,3.890688259109312,23.0,12.738712852214457,,,True,,,3.890688259109312,13.0,2.65625,5.0,3.1538461538461537,2.3157894736842106,0.0,0.0,1.0,4.0,2.0,7.0,6.0,5.0,4.0,2.0,23.0,0.0,0.0,0.0,17.0,189.0,17.0,10.261287147785543,5,23.0,n5_cost_12_challenge,cost_12_upper_tail,19.10931174089069,6.0,0.0,13,10.0,10.14366555254113,14.132404465363033,True,10.088031166369774,14.112074083979676,True,shallow_tree,5.402298850574723,0.6417149159084703,4.760583934666252,18.23941606533375,17.0
,3120721952,12,3.5636363636363635,24.0,13.749247318757616,,,True,,,3.5636363636363635,12.0,2.5,4.0,2.136363636363636,3.3,0.0,1.0,0.0,4.0,3.0,4.0,3.0,4.0,3.0,1.0,24.0,0.0,0.0,0.0,16.0,189.0,16.0,10.250752681242384,5,24.0,n5_cost_12_challenge,cost_12_upper_tail,20.436363636363637,8.0,0.0,13,11.0,10.988720793691842,15.147826167363808,True,11.266979203896812,15.123984664091855,True,shallow_tree,5.402298850574723,0.6417149159084703,4.760583934666252,19.23941606533375,16.0
,3140656922,12,4.063492063492063,26.0,15.753570626776767,,,True,,,4.063492063492063,13.0,3.0625,4.0,3.142857142857143,3.0,0.0,0.0,3.0,2.0,3.0,4.0,5.0,6.0,2.0,2.0,26.0,0.0,0.0,0.0,17.0,189.0,17.0,10.246429373223233,5,26.0,n5_cost_12_challenge,cost_12_upper_tail,21.936507936507937,9.0,0.0,13,13.0,12.928996538888727,17.176093591944998,True,13.0737813168892,17.118312582398314,False,shallow_tree,5.402298850574723,0.6417149159084703,4.760583934666252,21.23941606533375,17.0
,4200382076,12,4.714285714285714,25.0,14.790257733767394,,,True,,,4.714285714285714,13.0,2.9375,5.0,3.5454545454545454,2.619047619047619,0.0,0.0,2.0,4.0,2.0,5.0,6.0,8.0,5.0,3.0,25.0,0.0,0.0,0.0,17.0,189.0,17.0,10.209742266232606,5,25.0,n5_cost_12_challenge,cost_12_upper_tail,20.285714285714285,8.0,0.0,13,12.0,12.09586026811085,16.227232056938842,True,12.083637643956308,16.202293187749156,True,shallow_tree,5.402298850574723,0.6417149159084703,4.760583934666252,20.23941606533375,17.0
,255483808,12,5.0625,24.0,13.79735577742866,,,True,,,5.0625,11.0,2.875,4.0,3.0,2.75,0.0,0.0,1.0,2.0,3.0,7.0,2.0,3.0,2.0,0.0,24.0,0.0,0.0,0.0,15.0,189.0,15.0,10.20264422257134,5,24.0,n5_cost_12_challenge,cost_12_upper_tail,18.9375,9.0,0.0,13,11.0,10.995544068613494,15.222144487027675,True,11.258724993140362,15.165342633394438,True,shallow_tree,5.402298850574723,0.6417149159084703,4.760583934666252,19.23941606533375,15.0
,3235217443,12,4.16017316017316,24.0,13.805013805737415,,,True,,,4.16017316017316,13.0,2.75,4.0,2.4285714285714284,3.363636363636364,1.0,1.0,3.0,3.0,7.0,2.0,8.0,6.0,2.0,2.0,24.0,0.0,0.0,0.0,17.0,189.0,17.0,10.194986194262585,5,24.0,n5_cost_12_challenge,cost_12_upper_tail,19.83982683982684,7.0,0.0,13,11.0,10.99133956465306,15.232384214972852,True,11.126377839898868,15.198853721237509,True,shallow_tree,5.402298850574723,0.6417149159084703,4.760583934666252,19.23941606533375,17.0
,3231707583,12,4.266666666666667,24.0,13.822305180376798,,,True,,,4.266666666666667,12.0,2.84375,4.0,3.25,2.6,1.0,0.0,0.0,1.0,4.0,3.0,6.0,5.0,2.0,2.0,24.0,0.0,0.0,0.0,16.0,189.0,16.0,10.177694819623202,5,24.0,n5_cost_12_challenge,cost_12_upper_tail,19.733333333333334,8.0,0.0,13,11.0,11.000781823658286,15.253433553022848,True,11.176055262166289,15.19761662659231,True,shallow_tree,5.402298850574723,0.6417149159084703,4.760583934666252,19.23941606533375,16.0
,4067881548,12,4.587301587301587,24.0,13.83316207938072,,,True,,,4.587301587301587,12.0,2.875,4.0,3.2142857142857144,2.611111111111111,0.0,0.0,1.0,3.0,5.0,5.0,7.0,4.0,2.0,0.0,24.0,0.0,0.0,0.0,14.0,189.0,14.0,10.16683792061928,5,24.0,n5_cost_12_challenge,cost_12_upper_tail,19.41269841269841,10.0,0.0,13,11.0,11.134199893920089,15.260982261618144,True,11.286349445139598,15.2230208019582,True,shallow_tree,5.402298850574723,0.6417149159084703,4.760583934666252,19.23941606533375,14.0
,4283888718,12,4.714285714285714,24.0,13.8422283087316,,,True,,,4.714285714285714,13.0,2.78125,4.0,3.636363636363636,2.333333333333333,0.0,0.0,2.0,4.0,6.0,7.0,6.0,7.0,3.0,2.0,24.0,0.0,0.0,0.0,17.0,189.0,17.0,10.1577716912684,5,24.0,n5_cost_12_challenge,cost_12_upper_tail,19.285714285714285,7.0,0.0,13,11.0,11.213905549494822,15.251207011267796,True,11.10272597760212,15.234556985508505,True,shallow_tree,5.402298850574723,0.6417149159084703,4.760583934666252,19.23941606533375,17.0
,3174898965,12,3.571428571428572,23.0,12.866112082448922,,,True,,,3.571428571428572,11.0,2.65625,4.0,3.0,2.388888888888889,1.0,0.0,1.0,2.0,1.0,1.0,4.0,3.0,2.0,2.0,23.0,0.0,0.0,0.0,15.0,189.0,15.0,10.133887917551078,5,23.0,n5_cost_12_challenge,cost_12_upper_tail,19.428571428571427,8.0,0.0,13,10.0,10.11790511841276,14.26925483321892,True,10.361087656455016,14.215571276469374,True,shallow_tree,5.402298850574723,0.6417149159084703,4.760583934666252,18.23941606533375,15.0
,50275564,12,3.515625,24.0,13.883774963914982,,,True,,,3.515625,12.0,2.71875,4.0,3.0,2.4375,0.0,0.0,2.0,3.0,3.0,7.0,5.0,4.0,4.0,1.0,24.0,0.0,0.0,0.0,17.0,189.0,17.0,10.116225036085018,5,24.0,n5_cost_12_challenge,cost_12_upper_tail,20.484375,7.0,0.0,13,11.0,11.347119804721345,15.255181351380106,True,11.309962868980652,15.208051657426754,True,shallow_tree,5.402298850574723,0.6417149159084703,4.760583934666252,19.23941606533375,17.0
,2860522042,12,4.266666666666667,25.0,14.914410397927108,,,True,,,4.266666666666667,11.0,2.71875,4.0,2.35,3.333333333333333,0.0,1.0,2.0,2.0,4.0,3.0,4.0,4.0,3.0,2.0,25.0,0.0,0.0,0.0,14.0,189.0,14.0,10.085589602072892,5,25.0,n5_cost_12_challenge,cost_12_upper_tail,20.733333333333334,11.0,0.0,13,12.0,12.007855681259596,16.350251214925155,True,12.30206561724922,16.288924325212047,True,shallow_tree,5.402298850574723,0.6417149159084703,4.760583934666252,20.23941606533375,14.0
,3221684327,12,4.090909090909091,23.0,12.92802919145088,,,True,,,4.090909090909091,12.0,2.6875,4.0,2.363636363636364,3.4,1.0,1.0,2.0,0.0,4.0,1.0,6.0,5.0,2.0,1.0,23.0,0.0,0.0,0.0,14.0,189.0,14.0,10.07197080854912,5,23.0,n5_cost_12_challenge,cost_12_upper_tail,18.90909090909091,9.0,0.0,13,10.0,10.01198136593784,14.346480385810173,True,10.250744155008096,14.30568033681515,True,shallow_tree,5.402298850574723,0.6417149159084703,4.760583934666252,18.23941606533375,14.0
,483924730,12,4.515625,26.0,15.93308299741769,,,True,,,4.515625,12.0,3.03125,4.0,3.0,3.0625,0.0,0.0,2.0,3.0,2.0,6.0,4.0,3.0,4.0,2.0,26.0,0.0,0.0,0.0,16.0,189.0,16.0,10.06691700258231,5,26.0,n5_cost_12_challenge,cost_12_upper_tail,21.484375,10.0,0.0,13,13.0,13.300925277483998,17.33258100365045,False,13.355501197493558,17.30852023849542,False,shallow_tree,5.402298850574723,0.6417149159084703,4.760583934666252,21.23941606533375,16.0
,1600843434,12,4.266666666666667,24.0,13.937900262789846,,,True,,,4.266666666666667,12.0,2.75,4.0,3.25,2.45,0.0,0.0,1.0,3.0,2.0,7.0,4.0,0.0,3.0,2.0,24.0,0.0,0.0,0.0,14.0,189.0,14.0,10.062099737210154,5,24.0,n5_cost_12_challenge,cost_12_upper_tail,19.733333333333334,10.0,0.0,13,11.0,11.283694784840574,15.343584445047254,True,11.423146450547414,15.312984828187686,True,shallow_tree,5.402298850574723,0.6417149159084703,4.760583934666252,19.23941606533375,14.0
,33426154,12,3.768627450980392,25.0,14.94785081442333,,,True,,,3.768627450980392,13.0,2.59375,5.0,2.588235294117647,2.6,0.0,1.0,1.0,3.0,4.0,8.0,5.0,6.0,4.0,1.0,25.0,0.0,0.0,0.0,16.0,189.0,16.0,10.05214918557667,5,25.0,n5_cost_12_challenge,cost_12_upper_tail,21.231372549019607,9.0,0.0,13,12.0,12.223099618042744,16.37400074862041,True,12.254060529403464,16.333074911438043,True,shallow_tree,5.402298850574723,0.6417149159084703,4.760583934666252,20.23941606533375,16.0
,231854591,12,4.959514170040486,24.0,13.97923742760928,,,True,,,4.959514170040486,13.0,2.9375,4.0,3.3076923076923075,2.6842105263157894,1.0,0.0,0.0,2.0,4.0,4.0,6.0,6.0,3.0,4.0,24.0,0.0,0.0,0.0,18.0,189.0,18.0,10.02076257239072,5,24.0,n5_cost_12_challenge,cost_12_upper_tail,19.040485829959515,6.0,0.0,13,11.0,11.146958899543613,15.447906496960488,True,11.348409771035794,15.387468402959122,True,shallow_tree,5.402298850574723,0.6417149159084703,4.760583934666252,19.23941606533375,18.0
,2375008050,12,4.4089068825910935,25.0,15.030797101309505,,,True,,,4.4089068825910935,13.0,3.0625,4.0,3.1538461538461537,3.0,0.0,0.0,4.0,2.0,7.0,6.0,7.0,7.0,1.0,5.0,25.0,0.0,0.0,0.0,17.0,189.0,17.0,9.969202898690495,5,25.0,n5_cost_12_challenge,cost_12_upper_tail,20.591093117408906,8.0,0.0,13,12.0,12.17255108682109,16.486427269901135,True,12.221275326539716,16.463583885309113,True,shallow_tree,5.402298850574723,0.6417149159084703,4.760583934666252,20.23941606533375,17.0
,4010026820,12,3.571428571428572,24.0,14.04097764293926,,,True,,,3.571428571428572,12.0,2.6875,4.0,2.388888888888889,3.071428571428572,0.0,1.0,2.0,3.0,3.0,3.0,2.0,5.0,2.0,2.0,24.0,0.0,0.0,0.0,14.0,189.0,14.0,9.95902235706074,5,24.0,n5_cost_12_challenge,cost_12_upper_tail,20.428571428571427,10.0,0.0,13,11.0,11.288930134881412,15.464032009158164,True,11.423297523134174,15.426876215124429,True,shallow_tree,5.402298850574723,0.6417149159084703,4.760583934666252,19.23941606533375,14.0
,3758289183,12,4.587301587301587,24.0,14.085286856140796,,,True,,,4.587301587301587,11.0,3.03125,4.0,3.0,3.071428571428572,1.0,1.0,1.0,2.0,5.0,0.0,5.0,4.0,1.0,2.0,24.0,0.0,0.0,0.0,18.0,189.0,18.0,9.914713143859204,5,24.0,n5_cost_12_challenge,cost_12_upper_tail,19.41269841269841,6.0,0.0,13,11.0,11.269576897378167,15.516202897246789,True,11.514214674382892,15.48354108843536,True,shallow_tree,5.402298850574723,0.6417149159084703,4.760583934666252,19.23941606533375,18.0
,475983598,12,4.266666666666667,24.0,14.095590001726134,,,True,,,4.266666666666667,11.0,2.625,4.0,3.1666666666666665,2.3,0.0,0.0,2.0,2.0,2.0,7.0,2.0,4.0,4.0,1.0,24.0,0.0,0.0,0.0,15.0,189.0,15.0,9.904409998273866,5,24.0,n5_cost_12_challenge,cost_12_upper_tail,19.733333333333334,9.0,0.0,13,11.0,11.457056703430792,15.481714050612704,True,11.60462246528483,15.455785484039842,True,shallow_tree,5.402298850574723,0.6417149159084703,4.760583934666252,19.23941606533375,15.0
,3960341708,12,3.890688259109312,23.0,13.113402036439066,,,True,,,3.890688259109312,13.0,2.6875,4.0,2.3684210526315788,3.1538461538461537,0.0,1.0,1.0,3.0,1.0,6.0,6.0,5.0,3.0,2.0,23.0,0.0,0.0,0.0,16.0,189.0,16.0,9.886597963560934,5,23.0,n5_cost_12_challenge,cost_12_upper_tail,19.10931174089069,7.0,0.0,13,10.0,10.240757626068952,14.513194578975464,True,10.31041168286114,14.484157588004582,True,shallow_tree,5.402298850574723,0.6417149159084703,4.760583934666252,18.23941606533375,16.0
,3620389058,12,4.270588235294118,24.0,14.13963643527731,,,True,,,4.270588235294118,13.0,2.90625,4.0,3.0588235294117645,2.7333333333333334,0.0,1.0,1.0,5.0,5.0,7.0,4.0,4.0,5.0,2.0,24.0,0.0,0.0,0.0,17.0,189.0,17.0,9.86036356472269,5,24.0,n5_cost_12_challenge,cost_12_upper_tail,19.729411764705883,7.0,0.0,13,11.0,11.465055802011896,15.578690306920404,True,11.56672848971976,15.529155118050612,True,shallow_tree,5.402298850574723,0.6417149159084703,4.760583934666252,19.23941606533375,17.0
,4293387682,12,4.090909090909091,25.0,15.140749450601673,,,True,,,4.090909090909091,13.0,2.75,4.0,3.6,2.363636363636364,0.0,0.0,3.0,4.0,5.0,4.0,5.0,2.0,2.0,4.0,25.0,0.0,0.0,0.0,16.0,189.0,16.0,9.859250549398327,5,25.0,n5_cost_12_challenge,cost_12_upper_tail,20.90909090909091,9.0,0.0,13,12.0,12.607035383777788,16.628982924387525,True,12.636189682636772,16.565542540069213,True,shallow_tree,5.402298850574723,0.6417149159084703,4.760583934666252,20.23941606533375,16.0
,4220035020,12,3.890688259109312,23.0,13.168375630558163,,,True,,,3.890688259109312,12.0,2.625,5.0,2.6923076923076925,2.5789473684210527,0.0,0.0,2.0,3.0,2.0,5.0,3.0,7.0,2.0,3.0,23.0,0.0,0.0,0.0,16.0,189.0,16.0,9.831624369441837,5,23.0,n5_cost_12_challenge,cost_12_upper_tail,19.10931174089069,7.0,0.0,13,10.0,10.477815842380316,14.613232990562524,True,10.510223949144336,14.585697200076122,True,shallow_tree,5.402298850574723,0.6417149159084703,4.760583934666252,18.23941606533375,16.0
,2290299767,12,4.803921568627451,24.0,14.188422577865882,,,True,,,4.803921568627451,11.0,2.875,4.0,3.0588235294117645,2.6666666666666665,1.0,1.0,0.0,1.0,5.0,1.0,4.0,7.0,3.0,4.0,24.0,0.0,0.0,0.0,15.0,189.0,15.0,9.811577422134118,5,24.0,n5_cost_12_challenge,cost_12_upper_tail,19.19607843137255,9.0,0.0,13,11.0,11.336822368777598,15.654136903192196,True,11.504083984405137,15.567565839836604,True,shallow_tree,5.402298850574723,0.6417149159084703,4.760583934666252,19.23941606533375,15.0
,100564940,12,4.816666666666666,25.0,15.206328420456884,,,True,,,4.816666666666666,12.0,2.8125,4.0,3.1666666666666665,2.6,0.0,0.0,2.0,1.0,3.0,7.0,3.0,3.0,4.0,1.0,25.0,0.0,0.0,0.0,14.0,189.0,14.0,9.793671579543116,5,25.0,n5_cost_12_challenge,cost_12_upper_tail,20.183333333333334,11.0,0.0,13,12.0,12.47485528134928,16.629992375069158,True,12.675178841436477,16.571046028500337,True,shallow_tree,5.402298850574723,0.6417149159084703,4.760583934666252,20.23941606533375,14.0
,150879982,12,3.890688259109312,23.0,13.206790000727306,,,True,,,3.890688259109312,13.0,2.6875,4.0,3.076923076923077,2.421052631578948,0.0,0.0,2.0,2.0,3.0,8.0,5.0,6.0,4.0,2.0,23.0,0.0,0.0,0.0,16.0,189.0,16.0,9.793209999272694,5,23.0,n5_cost_12_challenge,cost_12_upper_tail,19.10931174089069,7.0,0.0,13,10.0,10.48266251889822,14.625328772762876,True,10.495524946737966,14.569635694245976,True,shallow_tree,5.402298850574723,0.6417149159084703,4.760583934666252,18.23941606533375,16.0
,4040291711,12,3.6406926406926408,22.0,12.21108090906782,,,True,,,3.6406926406926408,12.0,2.59375,5.0,3.272727272727273,2.238095238095238,1.0,0.0,0.0,1.0,4.0,0.0,6.0,4.0,6.0,3.0,22.0,0.0,0.0,0.0,17.0,189.0,17.0,9.78891909093218,5,22.0,n5_cost_12_challenge,cost_12_upper_tail,18.35930735930736,5.0,0.0,13,9.0,9.492266331959703,13.702884777256,True,9.714076877936328,13.589839123010794,True,shallow_tree,5.402298850574723,0.6417149159084703,4.760583934666252,17.23941606533375,17.0
,16519848,12,4.16017316017316,23.0,13.235222491977517,,,True,,,4.16017316017316,13.0,2.75,5.0,2.4285714285714284,3.363636363636364,0.0,1.0,0.0,4.0,6.0,7.0,8.0,5.0,4.0,1.0,23.0,0.0,0.0,0.0,14.0,189.0,14.0,9.764777508022483,5,23.0,n5_cost_12_challenge,cost_12_upper_tail,18.83982683982684,9.0,0.0,13,10.0,10.432458184216998,14.652344269508024,True,10.46339889160868,14.622050744960749,True,shallow_tree,5.402298850574723,0.6417149159084703,4.760583934666252,18.23941606533375,14.0
,3723746866,12,4.714285714285714,26.0,16.245338566043664,,,True,,,4.714285714285714,11.0,2.9375,4.0,3.4545454545454546,2.6666666666666665,0.0,0.0,3.0,3.0,7.0,5.0,5.0,5.0,6.0,2.0,26.0,0.0,0.0,0.0,14.0,189.0,14.0,9.754661433956336,5,26.0,n5_cost_12_challenge,cost_12_upper_tail,21.285714285714285,12.0,0.0,13,13.0,13.6107665212501,17.679890206488913,False,13.62549479257855,17.63447976799942,False,shallow_tree,5.402298850574723,0.6417149159084703,4.760583934666252,21.23941606533375,14.0
,3381643274,12,4.063492063492063,25.0,15.24799051791558,,,True,,,4.063492063492063,12.0,2.8125,4.0,2.611111111111111,3.071428571428572,0.0,1.0,2.0,3.0,4.0,5.0,5.0,5.0,4.0,2.0,25.0,0.0,0.0,0.0,15.0,189.0,15.0,9.75200948208442,5,25.0,n5_cost_12_challenge,cost_12_upper_tail,20.936507936507937,10.0,0.0,13,12.0,12.619066258539355,16.687762654507367,True,12.6211466386028,16.633903154902608,True,shallow_tree,5.402298850574723,0.6417149159084703,4.760583934666252,20.23941606533375,15.0
,1954298104,12,4.270588235294118,24.0,14.251402041403889,,,True,,,4.270588235294118,10.0,2.75,4.0,2.8,2.7058823529411766,0.0,0.0,1.0,3.0,2.0,8.0,4.0,4.0,3.0,2.0,24.0,0.0,0.0,0.0,15.0,189.0,15.0,9.748597958596111,5,24.0,n5_cost_12_challenge,cost_12_upper_tail,19.729411764705883,9.0,0.0,13,11.0,11.561322069543774,15.658677296328737,True,11.682520301764022,15.624880864871283,True,shallow_tree,5.402298850574723,0.6417149159084703,4.760583934666252,19.23941606533375,15.0
,3365601288,12,3.5217391304347827,24.0,14.265524835348565,,,True,,,3.5217391304347827,13.0,2.5625,4.0,2.1739130434782608,3.555555555555556,0.0,1.0,1.0,3.0,3.0,3.0,4.0,7.0,5.0,4.0,24.0,0.0,0.0,0.0,15.0,189.0,15.0,9.734475164651435,5,24.0,n5_cost_12_challenge,cost_12_upper_tail,20.47826086956522,9.0,0.0,13,11.0,11.344879483319977,15.746288617900325,True,11.514371148662065,15.653065415258771,True,shallow_tree,5.402298850574723,0.6417149159084703,4.760583934666252,19.23941606533375,15.0
,3249529615,12,5.142857142857143,23.0,13.277841825329354,,,True,,,5.142857142857143,10.0,2.84375,4.0,3.142857142857143,2.611111111111111,1.0,0.0,1.0,1.0,1.0,2.0,3.0,4.0,3.0,2.0,23.0,0.0,0.0,0.0,16.0,189.0,16.0,9.722158174670646,5,23.0,n5_cost_12_challenge,cost_12_upper_tail,17.857142857142858,7.0,0.0,13,10.0,10.506588327408338,14.685711602113734,True,10.846416532249073,14.629491853852418,True,shallow_tree,5.402298850574723,0.6417149159084703,4.760583934666252,18.23941606533375,16.0
,3552792706,12,4.959514170040486,23.0,13.279219417630731,,,True,,,4.959514170040486,13.0,2.8125,4.0,2.5789473684210527,3.1538461538461537,0.0,1.0,2.0,3.0,7.0,6.0,4.0,6.0,4.0,3.0,23.0,0.0,0.0,0.0,17.0,189.0,17.0,9.720780582369269,5,23.0,n5_cost_12_challenge,cost_12_upper_tail,18.040485829959515,6.0,0.0,13,10.0,10.62451623022811,14.75435812418664,True,10.581460889272,14.70040083490551,True,shallow_tree,5.402298850574723,0.6417149159084703,4.760583934666252,18.23941606533375,17.0
,4242560098,12,4.270588235294118,24.0,14.296233529628903,,,True,,,4.270588235294118,13.0,3.0625,4.0,3.0,3.1333333333333333,0.0,1.0,1.0,4.0,6.0,5.0,5.0,4.0,1.0,4.0,24.0,0.0,0.0,0.0,16.0,189.0,16.0,9.703766470371097,5,24.0,n5_cost_12_challenge,cost_12_upper_tail,19.729411764705883,8.0,0.0,13,11.0,11.614725944985317,15.768258456492674,True,11.72157837922186,15.74283895865273,True,shallow_tree,5.402298850574723,0.6417149159084703,4.760583934666252,19.23941606533375,16.0
,3098654739,12,4.270588235294118,23.0,13.328700203859444,,,True,,,4.270588235294118,11.0,2.84375,4.0,2.647058823529412,3.066666666666667,1.0,1.0,2.0,4.0,4.0,2.0,6.0,4.0,4.0,5.0,23.0,0.0,0.0,0.0,15.0,189.0,15.0,9.671299796140556,5,23.0,n5_cost_12_challenge,cost_12_upper_tail,18.729411764705883,8.0,0.0,13,10.0,10.747883448966247,14.82757804958206,True,10.828782848856742,14.722480210291364,True,shallow_tree,5.402298850574723,0.6417149159084703,4.760583934666252,18.23941606533375,15.0
,4243834175,12,5.890909090909091,24.0,14.33375584942802,,,True,,,5.890909090909091,12.0,2.875,4.0,4.0,2.363636363636364,1.0,0.0,0.0,2.0,5.0,1.0,2.0,2.0,1.0,2.0,24.0,0.0,0.0,0.0,18.0,189.0,18.0,9.66624415057198,5,24.0,n5_cost_12_challenge,cost_12_upper_tail,18.10909090909091,6.0,0.0,13,11.0,11.62922788660616,15.772618836799785,True,11.922516986066311,15.737156954163863,True,shallow_tree,5.402298850574723,0.6417149159084703,4.760583934666252,19.23941606533375,18.0
,36887824,12,4.16017316017316,24.0,14.340975729427164,,,True,,,4.16017316017316,11.0,2.78125,4.0,2.4285714285714284,3.4545454545454546,0.0,1.0,2.0,2.0,6.0,7.0,6.0,6.0,4.0,4.0,24.0,0.0,0.0,0.0,16.0,189.0,16.0,9.659024270572836,5,24.0,n5_cost_12_challenge,cost_12_upper_tail,19.83982683982684,8.0,0.0,13,11.0,11.373563011375971,15.806073400833125,True,11.510925552743268,15.745750686093531,True,shallow_tree,5.402298850574723,0.6417149159084703,4.760583934666252,19.23941606533375,16.0
,389431082,12,4.270588235294118,24.0,14.3556894130545,,,True,,,4.270588235294118,14.0,2.875,4.0,2.6,3.117647058823529,0.0,0.0,2.0,2.0,3.0,9.0,5.0,8.0,4.0,1.0,24.0,0.0,0.0,0.0,17.0,189.0,17.0,9.6443105869455,5,24.0,n5_cost_12_challenge,cost_12_upper_tail,19.729411764705883,7.0,0.0,13,11.0,11.50415803760503,15.767814579055026,True,11.547650933503162,15.72201395477688,True,shallow_tree,5.402298850574723,0.6417149159084703,4.760583934666252,19.23941606533375,17.0
,4037151246,12,4.266666666666667,24.0,14.367368977569589,,,True,,,4.266666666666667,11.0,2.8125,4.0,2.6,3.1666666666666665,0.0,1.0,2.0,2.0,5.0,4.0,8.0,6.0,2.0,2.0,24.0,0.0,0.0,0.0,14.0,189.0,14.0,9.632631022430411,5,24.0,n5_cost_12_challenge,cost_12_upper_tail,19.733333333333334,10.0,0.0,13,11.0,11.548589203146696,15.797807558524305,True,11.683816291651569,15.741242505128056,True,shallow_tree,5.402298850574723,0.6417149159084703,4.760583934666252,19.23941606533375,14.0
,2362278020,12,3.155844155844156,25.0,15.376308846777045,,,True,,,3.155844155844156,13.0,2.59375,4.0,2.2857142857142856,3.1818181818181817,0.0,1.0,2.0,3.0,7.0,4.0,5.0,5.0,5.0,4.0,25.0,0.0,0.0,0.0,15.0,189.0,15.0,9.623691153222955,5,25.0,n5_cost_12_challenge,cost_12_upper_tail,21.844155844155843,10.0,0.0,13,12.0,12.56861177773848,16.846992904770577,True,12.68626746138401,16.75724501646238,True,shallow_tree,5.402298850574723,0.6417149159084703,4.760583934666252,20.23941606533375,15.0
,3390229226,12,4.270588235294118,22.0,12.414278605916971,,,True,,,4.270588235294118,13.0,2.84375,5.0,2.588235294117647,3.1333333333333333,0.0,1.0,1.0,4.0,2.0,6.0,4.0,7.0,4.0,2.0,22.0,0.0,0.0,0.0,16.0,189.0,16.0,9.585721394083029,5,22.0,n5_cost_12_challenge,cost_12_upper_tail,17.729411764705883,6.0,0.0,13,9.0,9.67745727259852,13.808207316795963,True,9.628111902990124,13.79140598390156,True,shallow_tree,5.402298850574723,0.6417149159084703,4.760583934666252,17.23941606533375,16.0
,4009332125,12,5.303030303030303,24.0,14.419822770548008,,,True,,,5.303030303030303,14.0,3.0,5.0,3.727272727272727,2.619047619047619,1.0,0.0,1.0,3.0,5.0,3.0,6.0,5.0,4.0,5.0,24.0,0.0,0.0,0.0,16.0,189.0,16.0,9.580177229451992,5,24.0,n5_cost_12_challenge,cost_12_upper_tail,18.696969696969695,8.0,0.0,13,11.0,11.72878121346833,15.91289081911216,True,11.848632006562005,15.820817802472986,True,shallow_tree,5.402298850574723,0.6417149159084703,4.760583934666252,19.23941606533375,16.0
,284164238,12,3.5217391304347827,22.0,12.427796358027305,,,True,,,3.5217391304347827,12.0,2.5625,4.0,2.1739130434782608,3.555555555555556,0.0,1.0,2.0,4.0,8.0,7.0,8.0,5.0,2.0,5.0,22.0,0.0,0.0,0.0,15.0,189.0,15.0,9.572203641972695,5,22.0,n5_cost_12_challenge,cost_12_upper_tail,18.47826086956522,7.0,0.0,13,9.0,9.56833825266576,13.870638835186904,True,9.610682651996497,13.83300098796768,True,shallow_tree,5.402298850574723,0.6417149159084703,4.760583934666252,17.23941606533375,15.0
,1415999078,12,5.0625,24.0,14.442282944608817,,,True,,,5.0625,11.0,2.8125,4.0,3.0,2.625,0.0,0.0,2.0,1.0,0.0,6.0,3.0,3.0,3.0,1.0,24.0,0.0,0.0,0.0,14.0,189.0,14.0,9.557717055391183,5,24.0,n5_cost_12_challenge,cost_12_upper_tail,18.9375,10.0,0.0,13,11.0,11.724875620184388,15.845654820145857,True,11.917751963190934,15.797690715438488,True,shallow_tree,5.402298850574723,0.6417149159084703,4.760583934666252,19.23941606533375,14.0
,3231696063,12,4.063492063492063,23.0,13.452682519713568,,,True,,,4.063492063492063,11.0,2.625,4.0,2.642857142857143,2.611111111111111,1.0,0.0,1.0,1.0,2.0,1.0,5.0,6.0,4.0,1.0,23.0,0.0,0.0,0.0,15.0,189.0,15.0,9.547317480286432,5,23.0,n5_cost_12_challenge,cost_12_upper_tail,18.936507936507937,8.0,0.0,13,10.0,10.634782115142482,14.85800431515364,True,10.839290383966464,14.81284440118475,True,shallow_tree,5.402298850574723,0.6417149159084703,4.760583934666252,18.23941606533375,15.0
,4121884580,12,4.16017316017316,19.0,11.630062835339809,,,True,,,4.16017316017316,10.0,2.65625,4.0,3.4545454545454546,2.238095238095238,0.0,0.0,2.0,5.0,5.0,6.0,4.0,6.0,2.0,3.0,19.0,0.0,0.0,0.0,14.0,189.0,14.0,7.369937164660193,5,19.0,n5_cost_12_challenge,cost_12_random_reference,14.83982683982684,5.0,0.0,13,6.0,9.065589386082852,13.087371699236629,True,8.962213512282123,13.055416972006372,True,shallow_tree,5.402298850574723,0.6417149159084703,4.760583934666252,14.239416065333748,14.0
,1415063592,12,5.254545454545455,24.0,14.678096002584809,,,True,,,5.254545454545455,12.0,2.75,4.0,2.363636363636364,3.6,0.0,1.0,0.0,3.0,3.0,4.0,1.0,2.0,2.0,2.0,24.0,0.0,0.0,0.0,15.0,189.0,15.0,9.321903997415191,5,24.0,n5_cost_12_challenge,cost_12_random_reference,18.745454545454546,9.0,0.0,13,11.0,11.858812405039508,16.120322068367955,True,12.154991643287277,16.06553491000652,True,shallow_tree,5.402298850574723,0.6417149159084703,4.760583934666252,19.23941606533375,15.0
,4284284173,12,3.0727272727272728,17.0,12.017506554021224,,,False,,,3.0727272727272728,9.0,2.46875,4.0,3.2,2.136363636363636,1.0,0.0,3.0,3.0,6.0,2.0,4.0,3.0,3.0,0.0,17.0,0.0,0.0,0.0,13.0,189.0,13.0,4.982493445978776,5,17.0,n5_cost_12_challenge,cost_12_random_reference,13.927272727272728,4.0,0.0,13,4.0,9.523954788520776,13.226313211708222,True,9.589228055149096,13.26590897008922,True,shallow_tree,5.402298850574723,0.6417149159084703,4.760583934666252,12.239416065333748,12.239416065333748
,85057467,12,3.2980392156862743,16.0,10.847785514059648,,,True,,,3.2980392156862743,10.0,2.78125,4.0,2.533333333333333,3.0,1.0,0.0,1.0,1.0,3.0,6.0,3.0,5.0,2.0,3.0,16.0,0.0,0.0,0.0,16.0,189.0,16.0,5.152214485940352,5,16.0,n5_cost_12_challenge,cost_12_random_reference,12.701960784313727,0.0,0.0,13,3.0,8.06706194357156,12.266853213997436,False,8.157988326522815,12.212285276581625,False,shallow_tree,3.294626593806935,0.6417149159084703,2.6529116778984645,13.347088322101536,13.347088322101536
,1082179498,12,3.404858299595141,20.0,12.538196662834494,,,True,,,3.404858299595141,11.0,2.34375,5.0,2.1578947368421053,2.6153846153846154,0.0,1.0,2.0,4.0,3.0,5.0,2.0,5.0,3.0,4.0,20.0,0.0,0.0,0.0,15.0,189.0,15.0,7.461803337165506,5,20.0,n5_cost_12_challenge,cost_12_random_reference,16.59514170040486,5.0,0.0,13,7.0,9.778095573267604,13.946209055766012,True,9.869736482209944,13.914547956156213,True,shallow_tree,5.402298850574723,0.6417149159084703,4.760583934666252,15.239416065333748,15.0
,2855525072,12,4.515625,21.0,13.582553675258868,,,True,,,4.515625,10.0,3.0625,4.0,3.125,3.0,0.0,0.0,2.0,3.0,5.0,5.0,4.0,5.0,2.0,1.0,21.0,0.0,0.0,0.0,15.0,189.0,15.0,7.417446324741132,5,21.0,n5_cost_12_challenge,cost_12_random_reference,16.484375,6.0,0.0,13,8.0,10.960023226027456,14.999355125778065,True,10.96919284471464,14.971910380209492,True,shallow_tree,5.402298850574723,0.6417149159084703,4.760583934666252,16.23941606533375,15.0
,3495255120,12,3.404858299595141,18.0,11.307565949406612,,,True,,,3.404858299595141,11.0,2.46875,4.0,2.3684210526315788,2.6153846153846154,0.0,1.0,2.0,4.0,5.0,5.0,5.0,7.0,3.0,2.0,18.0,0.0,0.0,0.0,15.0,189.0,15.0,6.692434050593388,5,18.0,n5_cost_12_challenge,cost_12_random_reference,14.59514170040486,3.0,0.0,13,5.0,8.403932206257442,12.656051929892506,False,8.45628196804877,12.655435214437064,False,shallow_tree,4.425735013363877,0.6417149159084703,3.7840200974554064,14.215979902544593,14.215979902544593
,2866258165,12,4.063492063492063,20.0,13.119005593992313,,,True,,,4.063492063492063,9.0,2.625,5.0,2.642857142857143,2.611111111111111,1.0,0.0,2.0,3.0,3.0,1.0,1.0,3.0,2.0,2.0,20.0,0.0,0.0,0.0,14.0,189.0,14.0,6.880994406007687,5,20.0,n5_cost_12_challenge,cost_12_random_reference,15.936507936507937,6.0,0.0,13,7.0,10.496955500309216,14.425498316895167,True,10.71230813776868,14.405229408640857,True,shallow_tree,5.402298850574723,0.6417149159084703,4.760583934666252,15.239416065333748,14.0
,4243423103,12,3.692307692307693,22.0,13.49610692712907,,,True,,,3.692307692307693,11.0,2.53125,5.0,4.166666666666667,2.1538461538461537,1.0,0.0,0.0,1.0,3.0,2.0,5.0,3.0,2.0,3.0,22.0,0.0,0.0,0.0,15.0,189.0,15.0,8.50389307287093,5,22.0,n5_cost_12_challenge,cost_12_random_reference,18.307692307692307,7.0,0.0,13,9.0,10.747543665356734,14.937835031618713,True,10.970837028973062,14.87030123813083,True,shallow_tree,5.402298850574723,0.6417149159084703,4.760583934666252,17.23941606533375,15.0
,1156369868,12,2.640625,21.0,13.949900553944802,,,True,,,2.640625,11.0,2.625,4.0,3.0,2.25,0.0,0.0,2.0,1.0,4.0,6.0,7.0,1.0,3.0,3.0,21.0,0.0,0.0,0.0,14.0,189.0,14.0,7.050099446055198,5,21.0,n5_cost_12_challenge,cost_12_random_reference,18.359375,7.0,0.0,13,8.0,11.364100510867768,15.37969617923143,True,11.308290809691002,15.30883134090072,True,shallow_tree,5.402298850574723,0.6417149159084703,4.760583934666252,16.23941606533375,14.0
,3981812145,12,4.803921568627451,23.0,14.479268708240587,,,True,,,4.803921568627451,11.0,3.0625,4.0,3.1333333333333333,3.0,1.0,0.0,2.0,3.0,4.0,3.0,4.0,5.0,4.0,3.0,23.0,0.0,0.0,0.0,15.0,189.0,15.0,8.520731291759411,5,23.0,n5_cost_12_challenge,cost_12_random_reference,18.19607843137255,8.0,0.0,13,10.0,11.865866276349273,15.9681775281639,True,11.908732667611844,15.87549818451566,True,shallow_tree,5.402298850574723,0.6417149159084703,4.760583934666252,18.23941606533375,15.0
,89195456,12,4.06280193236715,19.0,12.09927345699368,,,True,,,4.06280193236715,12.0,2.84375,4.0,2.391304347826087,4.0,0.0,1.0,2.0,1.0,6.0,6.0,1.0,6.0,5.0,4.0,19.0,0.0,0.0,0.0,18.0,189.0,18.0,6.900726543006321,5,19.0,n5_cost_12_challenge,cost_12_random_reference,14.937198067632849,1.0,0.0,13,6.0,9.172161707815466,13.561260959051394,True,9.314907048638506,13.507811172890852,True,shallow_tree,3.8552188552188675,0.6417149159084703,3.2135039393103972,15.786496060689602,15.786496060689602
,2945248640,12,3.515625,22.0,13.438602609399808,,,True,,,3.515625,13.0,2.78125,4.0,2.5625,3.0,0.0,0.0,1.0,4.0,3.0,4.0,6.0,2.0,3.0,2.0,22.0,0.0,0.0,0.0,17.0,189.0,17.0,8.561397390600193,5,22.0,n5_cost_12_challenge,cost_12_random_reference,18.484375,5.0,0.0,13,9.0,10.79543421250691,14.837928103027371,True,10.898201187040186,14.793225012743326,True,shallow_tree,5.402298850574723,0.6417149159084703,4.760583934666252,17.23941606533375,17.0
,4025724588,12,4.090909090909091,21.0,12.913994358858565,,,True,,,4.090909090909091,12.0,2.75,4.0,3.4,2.4545454545454546,0.0,0.0,2.0,4.0,3.0,4.0,6.0,2.0,2.0,2.0,21.0,0.0,0.0,0.0,16.0,189.0,16.0,8.086005641141437,5,21.0,n5_cost_12_challenge,cost_12_random_reference,16.90909090909091,5.0,0.0,13,8.0,10.330804616685857,14.357680713885037,True,10.38228555962732,14.293657714285027,True,shallow_tree,5.402298850574723,0.6417149159084703,4.760583934666252,16.23941606533375,16.0
,4044877919,12,4.4089068825910935,21.0,12.57484893615617,,,True,,,4.4089068825910935,13.0,2.8125,4.0,3.1538461538461537,2.5789473684210527,1.0,0.0,1.0,1.0,3.0,4.0,6.0,8.0,2.0,2.0,21.0,0.0,0.0,0.0,15.0,189.0,15.0,8.42515106384383,5,21.0,n5_cost_12_challenge,cost_12_random_reference,16.591093117408906,6.0,0.0,13,8.0,9.66404313768312,13.995854344923575,True,9.829371015045814,13.944573029416802,True,shallow_tree,5.402298850574723,0.6417149159084703,4.760583934666252,16.23941606533375,15.0
,3439307333,12,4.4089068825910935,18.0,12.256991191617551,,,True,,,4.4089068825910935,9.0,2.65625,4.0,3.076923076923077,2.3684210526315788,1.0,0.0,3.0,3.0,5.0,3.0,7.0,3.0,5.0,1.0,18.0,0.0,0.0,0.0,14.0,189.0,14.0,5.743008808382449,5,18.0,n5_cost_12_challenge,cost_12_random_reference,13.591093117408906,4.0,0.0,13,5.0,9.726716760678462,13.587378605854264,True,9.787897589568946,13.563094480272396,True,shallow_tree,5.402298850574723,0.6417149159084703,4.760583934666252,13.239416065333748,13.239416065333748
,4260405667,12,4.063492063492063,18.0,12.29458227011367,,,True,,,4.063492063492063,10.0,2.78125,4.0,3.142857142857143,2.5,1.0,0.0,3.0,4.0,5.0,3.0,5.0,2.0,1.0,1.0,18.0,0.0,0.0,0.0,14.0,189.0,14.0,5.70541772988633,5,18.0,n5_cost_12_challenge,cost_12_random_reference,13.936507936507937,4.0,0.0,13,5.0,9.75856576702153,13.732959867253546,True,9.800749749015848,13.714109532756702,True,shallow_tree,5.402298850574723,0.6417149159084703,4.760583934666252,13.239416065333748,13.239416065333748
,2325056159,12,4.515625,18.0,11.547956275879642,,,True,,,4.515625,9.0,2.8125,4.0,2.625,3.0,1.0,0.0,1.0,2.0,4.0,1.0,3.0,4.0,2.0,2.0,18.0,0.0,0.0,0.0,14.0,189.0,14.0,6.452043724120358,5,18.0,n5_cost_12_challenge,cost_12_random_reference,13.484375,4.0,0.0,13,5.0,8.759091217154324,12.862174849817038,False,9.104285834211886,12.825112347825884,False,shallow_tree,5.402298850574723,0.6417149159084703,4.760583934666252,13.239416065333748,13.239416065333748
,3654353167,12,4.587301587301587,23.0,13.809659117917072,,,True,,,4.587301587301587,11.0,2.875,4.0,2.7222222222222223,3.071428571428572,1.0,1.0,1.0,1.0,5.0,1.0,7.0,5.0,3.0,3.0,23.0,0.0,0.0,0.0,15.0,189.0,15.0,9.190340882082928,5,23.0,n5_cost_12_challenge,cost_12_random_reference,18.41269841269841,8.0,0.0,13,10.0,11.0265011467011,15.28023609910561,True,11.200440922184404,15.190857972465166,True,shallow_tree,5.402298850574723,0.6417149159084703,4.760583934666252,18.23941606533375,15.0
,3427585883,12,3.571428571428572,19.0,11.257139859255089,,,True,,,3.571428571428572,11.0,2.59375,5.0,2.571428571428572,2.611111111111111,1.0,0.0,2.0,2.0,5.0,1.0,8.0,4.0,3.0,1.0,19.0,0.0,0.0,0.0,15.0,189.0,15.0,7.742860140744913,5,19.0,n5_cost_12_challenge,cost_12_random_reference,15.428571428571427,4.0,0.0,13,6.0,8.529634653104917,12.672035066097934,False,8.736296297145836,12.62692457271772,False,shallow_tree,5.402298850574723,0.6417149159084703,4.760583934666252,14.239416065333748,14.239416065333748
,1056505544,12,4.266666666666667,20.0,12.539233408501635,,,True,,,4.266666666666667,12.0,3.0625,4.0,3.1666666666666665,3.0,0.0,0.0,0.0,4.0,6.0,6.0,4.0,0.0,0.0,0.0,20.0,0.0,0.0,0.0,15.0,189.0,15.0,7.460766591498363,5,20.0,n5_cost_12_challenge,cost_12_random_reference,15.733333333333334,5.0,0.0,13,7.0,9.85588953534216,13.968637491507964,True,10.00665909268444,13.95596710314454,True,shallow_tree,5.402298850574723,0.6417149159084703,4.760583934666252,15.239416065333748,15.0
,553684228,12,3.571428571428572,20.0,12.098367297658104,,,True,,,3.571428571428572,11.0,2.5625,5.0,2.12,4.142857142857143,0.0,1.0,2.0,2.0,6.0,5.0,5.0,5.0,5.0,4.0,20.0,0.0,0.0,0.0,16.0,189.0,16.0,7.901632702341896,5,20.0,n5_cost_12_challenge,cost_12_random_reference,16.428571428571427,4.0,0.0,13,7.0,9.111292820952295,13.574608254336518,True,9.32327419360577,13.512635974215916,True,shallow_tree,5.402298850574723,0.6417149159084703,4.760583934666252,15.239416065333748,15.239416065333748
,296990015,12,4.063492063492063,22.0,13.605032683878711,,,True,,,4.063492063492063,12.0,2.71875,4.0,3.071428571428572,2.4444444444444446,1.0,0.0,0.0,0.0,3.0,4.0,2.0,5.0,4.0,2.0,22.0,0.0,0.0,0.0,17.0,189.0,17.0,8.394967316121289,5,22.0,n5_cost_12_challenge,cost_12_random_reference,17.936507936507937,5.0,0.0,13,9.0,10.893445194719606,15.045656192659996,True,11.069582233796748,14.972859805879342,True,shallow_tree,5.402298850574723,0.6417149159084703,4.760583934666252,17.23941606533375,17.0
,2135229823,12,4.4089068825910935,22.0,13.20125272120794,,,True,,,4.4089068825910935,13.0,2.78125,4.0,3.076923076923077,2.5789473684210527,1.0,0.0,0.0,1.0,4.0,5.0,4.0,5.0,3.0,4.0,22.0,0.0,0.0,0.0,18.0,189.0,18.0,8.79874727879206,5,22.0,n5_cost_12_challenge,cost_12_random_reference,17.591093117408906,4.0,0.0,13,9.0,10.415876226121425,14.667365055110048,True,10.553213143400228,14.612573610919943,True,shallow_tree,5.402298850574723,0.6417149159084703,4.760583934666252,17.23941606533375,17.23941606533375
,3309633440,12,3.515625,19.0,10.471261854163073,,,True,,,3.515625,11.0,2.75,3.0,3.0,2.5,0.0,0.0,1.0,3.0,2.0,6.0,6.0,5.0,2.0,0.0,19.0,0.0,0.0,0.0,14.0,189.0,14.0,8.528738145836929,5,19.0,n5_cost_12_challenge,cost_12_random_reference,15.484375,5.0,0.0,13,6.0,8.507489182544727,11.835171050615244,False,8.507188687570391,11.811110318120845,False,shallow_tree,4.832772166105498,0.6417149159084703,4.191057250197027,14.808942749802974,14.0
,3490218112,12,3.102564102564102,17.0,11.15899981655116,,,True,,,3.102564102564102,11.0,2.4375,5.0,2.0384615384615383,4.166666666666667,0.0,1.0,0.0,5.0,0.0,2.0,3.0,3.0,2.0,2.0,17.0,0.0,0.0,0.0,15.0,189.0,15.0,5.841000183448839,5,17.0,n5_cost_12_challenge,cost_12_random_reference,13.897435897435898,2.0,0.0,13,4.0,8.483371871665883,12.544032043476427,False,8.679452912835735,12.52352936467112,False,shallow_tree,3.6417149159084703,0.6417149159084703,3.0,14.0,14.0
,4129485840,12,3.571428571428572,17.0,10.472647673130648,,,True,,,3.571428571428572,12.0,2.53125,4.0,2.555555555555556,2.5,0.0,1.0,1.0,3.0,5.0,5.0,7.0,3.0,2.0,2.0,17.0,0.0,0.0,0.0,14.0,189.0,14.0,6.527352326869352,5,17.0,n5_cost_12_challenge,cost_12_random_reference,13.428571428571427,3.0,0.0,13,4.0,8.697882235537033,11.913312745424523,False,8.65755400454501,11.861606547210426,False,shallow_tree,4.425735013363877,0.6417149159084703,3.7840200974554064,13.215979902544593,13.215979902544593
,1617055342,12,4.587301587301587,21.0,12.864572229266932,,,True,,,4.587301587301587,10.0,2.8125,4.0,2.611111111111111,3.071428571428572,0.0,1.0,2.0,2.0,2.0,4.0,4.0,4.0,2.0,2.0,21.0,0.0,0.0,0.0,15.0,189.0,15.0,8.135427770733068,5,21.0,n5_cost_12_challenge,cost_12_random_reference,16.41269841269841,6.0,0.0,13,8.0,10.106828816775463,14.2762807421126,True,10.316097180743697,14.240265276599589,True,shallow_tree,5.402298850574723,0.6417149159084703,4.760583934666252,16.23941606533375,15.0
,4022403033,12,3.0727272727272728,17.0,11.071877159210304,,,True,,,3.0727272727272728,11.0,2.46875,4.0,3.2,2.136363636363636,1.0,0.0,3.0,3.0,6.0,2.0,5.0,3.0,4.0,0.0,17.0,0.0,0.0,0.0,15.0,189.0,15.0,5.928122840789696,5,17.0,n5_cost_12_challenge,cost_12_random_reference,13.927272727272728,2.0,0.0,13,4.0,8.584232476703786,12.442616872509683,False,8.595448162058892,12.416708119362706,False,shallow_tree,3.6417149159084703,0.6417149159084703,3.0,14.0,14.0
,450498650,12,4.4089068825910935,20.0,12.376715848070802,,,True,,,4.4089068825910935,10.0,2.78125,4.0,2.5789473684210527,3.076923076923077,0.0,1.0,2.0,3.0,1.0,6.0,3.0,6.0,4.0,3.0,20.0,0.0,0.0,0.0,14.0,189.0,14.0,7.623284151929198,5,20.0,n5_cost_12_challenge,cost_12_random_reference,15.591093117408906,6.0,0.0,13,7.0,9.773471004553404,13.818803297644898,True,9.743892019483752,13.785665981553343,True,shallow_tree,5.402298850574723,0.6417149159084703,4.760583934666252,15.239416065333748,14.0
,2968979447,12,3.75,18.0,11.003483082655212,,,True,,,3.75,12.0,2.59375,4.0,3.083333333333333,2.3,1.0,0.0,0.0,1.0,3.0,2.0,1.0,5.0,2.0,1.0,18.0,0.0,0.0,0.0,14.0,189.0,14.0,6.996516917344788,5,18.0,n5_cost_12_challenge,cost_12_random_reference,14.25,4.0,0.0,13,5.0,8.319023355344294,12.42235788025932,False,8.508907725693739,12.372342580250187,False,shallow_tree,5.402298850574723,0.6417149159084703,4.760583934666252,13.239416065333748,13.239416065333748
,3437189375,12,3.0727272727272728,20.0,12.062116341783709,,,True,,,3.0727272727272728,11.0,2.5,4.0,3.3,2.136363636363636,1.0,0.0,1.0,1.0,1.0,2.0,5.0,4.0,3.0,2.0,20.0,0.0,0.0,0.0,16.0,189.0,16.0,7.9378836582162915,5,20.0,n5_cost_12_challenge,cost_12_random_reference,16.927272727272726,4.0,0.0,13,7.0,9.315365047902098,13.433014923334468,True,9.526153079865692,13.363517778878927,True,shallow_tree,5.402298850574723,0.6417149159084703,4.760583934666252,15.239416065333748,15.239416065333748
,1482508876,12,4.063492063492063,19.0,12.014202965553146,,,True,,,4.063492063492063,12.0,2.78125,4.0,2.555555555555556,3.071428571428572,0.0,1.0,2.0,2.0,5.0,6.0,6.0,4.0,1.0,1.0,19.0,0.0,0.0,0.0,14.0,189.0,14.0,6.985797034446854,5,19.0,n5_cost_12_challenge,cost_12_random_reference,14.936507936507937,5.0,0.0,13,6.0,9.259919401774724,13.43197693584775,True,9.365303734625355,13.414603902524997,True,shallow_tree,5.402298850574723,0.6417149159084703,4.760583934666252,14.239416065333748,14.0
,1443296772,12,4.4089068825910935,20.0,12.589139653103596,,,True,,,4.4089068825910935,10.0,2.84375,4.0,2.5789473684210527,3.230769230769231,0.0,1.0,1.0,2.0,5.0,9.0,6.0,4.0,4.0,2.0,20.0,0.0,0.0,0.0,14.0,189.0,14.0,7.410860346896404,5,20.0,n5_cost_12_challenge,cost_12_random_reference,15.591093117408906,6.0,0.0,13,7.0,9.7627896354955,14.028767662425984,True,9.92872072191874,13.964930756404508,True,shallow_tree,5.402298850574723,0.6417149159084703,4.760583934666252,15.239416065333748,14.0
,436895246,12,3.571428571428572,20.0,12.383608881818226,,,True,,,3.571428571428572,11.0,2.625,4.0,2.555555555555556,2.7142857142857144,0.0,1.0,2.0,2.0,5.0,7.0,3.0,3.0,4.0,1.0,20.0,0.0,0.0,0.0,14.0,189.0,14.0,7.616391118181774,5,20.0,n5_cost_12_challenge,cost_12_random_reference,16.428571428571427,6.0,0.0,13,7.0,9.659386433884158,13.807679685706072,True,9.852869352690323,13.756340807150218,True,shallow_tree,5.402298850574723,0.6417149159084703,4.760583934666252,15.239416065333748,14.0
,825327025,12,3.515625,22.0,13.365051676715508,,,True,,,3.515625,10.0,2.46875,4.0,2.5625,2.375,1.0,0.0,2.0,2.0,3.0,5.0,1.0,2.0,1.0,2.0,22.0,0.0,0.0,0.0,14.0,189.0,14.0,8.634948323284492,5,22.0,n5_cost_12_challenge,cost_12_random_reference,18.484375,8.0,0.0,13,9.0,10.710169247324584,14.717776269585643,True,10.903110809538052,14.726401630926132,True,shallow_tree,5.402298850574723,0.6417149159084703,4.760583934666252,17.23941606533375,14.0
,3486512188,12,5.303030303030303,20.0,12.506685974508637,,,True,,,5.303030303030303,10.0,2.71875,4.0,3.272727272727273,2.4285714285714284,0.0,0.0,3.0,3.0,1.0,5.0,3.0,6.0,4.0,3.0,20.0,0.0,0.0,0.0,14.0,189.0,14.0,7.493314025491365,5,20.0,n5_cost_12_challenge,cost_12_random_reference,14.696969696969697,6.0,0.0,13,7.0,9.950359466671657,13.942668068466304,True,9.964785772898892,13.912168529828763,True,shallow_tree,5.402298850574723,0.6417149159084703,4.760583934666252,15.239416065333748,14.0
,4102046991,12,4.4089068825910935,23.0,13.531584248804489,,,True,,,4.4089068825910935,13.0,3.03125,4.0,3.0,3.076923076923077,1.0,1.0,2.0,2.0,2.0,2.0,5.0,5.0,5.0,5.0,23.0,0.0,0.0,0.0,17.0,189.0,17.0,9.468415751195511,5,23.0,n5_cost_12_challenge,cost_12_random_reference,18.591093117408906,6.0,0.0,13,10.0,10.784219705459622,14.973208830560312,True,10.927362472547369,14.91484982993279,True,shallow_tree,5.402298850574723,0.6417149159084703,4.760583934666252,18.23941606533375,17.0
,202276872,12,3.0228571428571427,20.0,12.555716553807745,,,True,,,3.0228571428571427,11.0,2.375,5.0,2.04,3.571428571428572,0.0,1.0,0.0,3.0,3.0,6.0,5.0,5.0,2.0,2.0,20.0,0.0,0.0,0.0,15.0,189.0,15.0,7.444283446192257,5,20.0,n5_cost_12_challenge,cost_12_random_reference,16.97714285714286,5.0,0.0,13,7.0,9.752088679902954,13.943182173396398,True,9.727064192288577,13.91617555496648,True,shallow_tree,5.402298850574723,0.6417149159084703,4.760583934666252,15.239416065333748,15.0
,4138925072,12,3.768627450980392,21.0,12.42931304460276,,,True,,,3.768627450980392,11.0,2.78125,4.0,3.066666666666667,2.5294117647058822,0.0,0.0,1.0,4.0,4.0,6.0,3.0,4.0,5.0,4.0,21.0,0.0,0.0,0.0,16.0,189.0,16.0,8.570686955397239,5,21.0,n5_cost_12_challenge,cost_12_random_reference,17.231372549019607,5.0,0.0,13,8.0,9.82593100456858,13.913222320443396,True,9.933379486025258,13.845712892374928,True,shallow_tree,5.402298850574723,0.6417149159084703,4.760583934666252,16.23941606533375,16.0
AND_OR_NOT,3277174,11,3.5217391304347827,20.0,12.171638233205222,10.776071941695918,13.215945655577434,True,1.3955662915093043,1.0443074223722115,3.5217391304347827,11.0,2.5,5.0,2.130434782608696,3.4444444444444446,0.0,1.0,4.0,1.0,4.0,6.0,5.0,7.0,3.0,5.0,20.0,0.0,0.0,0.0,15.0,189.0,15.0,7.828361766794778,5,20.0,n5_sparse_layers,cost_11,16.47826086956522,5.0,0.0,12,8.0,,,,,,,ridge,6.631729103915109,2.095279945138884,4.536449158776225,15.463550841223775,15.0
AND_OR_NOT,5963736,11,4.0,18.0,11.989746433923944,10.59418014241464,13.034053856296156,True,1.3955662915093043,1.0443074223722115,4.0,8.0,2.625,4.0,2.625,2.625,0.0,0.0,2.0,2.0,5.0,6.0,5.0,3.0,2.0,0.0,18.0,0.0,0.0,0.0,14.0,189.0,14.0,6.010253566076056,5,18.0,n5_sparse_layers,cost_11,14.0,4.0,0.0,12,6.0,,,,,,,ridge,4.850315386779868,2.095279945138884,2.7550354416409837,15.244964558359015,14.0
AND_OR_NOT,7667961,11,2.705627705627706,17.0,12.552757360932793,11.157191069423488,13.597064783305004,True,1.3955662915093043,1.0443074223722115,2.705627705627706,9.0,2.0625,4.0,1.5238095238095235,3.090909090909091,1.0,1.0,3.0,1.0,5.0,5.0,4.0,5.0,3.0,1.0,17.0,1.0,0.0,1.0,15.0,13.0,13.0,4.447242639067207,5,17.0,n5_sparse_layers,cost_11,14.294372294372295,2.0,4.0,12,5.0,,,,,,,ridge,5.285338572197121,2.095279945138884,3.190058627058237,13.809941372941763,13.0
AND_OR_NOT,135138059,11,2.618181818181818,19.0,14.49858986935126,13.103023577841956,15.542897291723472,True,1.3955662915093043,1.0443074223722115,2.618181818181818,9.0,2.03125,4.0,1.5454545454545454,3.1,1.0,1.0,3.0,1.0,4.0,2.0,4.0,2.0,2.0,1.0,19.0,1.0,0.0,1.0,15.0,12.0,12.0,4.50141013064874,5,19.0,n5_sparse_layers,cost_11,16.381818181818183,4.0,7.0,12,7.0,,,,,,,ridge,8.040098678195788,2.095279945138884,5.944818733056904,13.055181266943096,12.0
AND_OR_NOT,137560191,11,2.816666666666667,17.0,10.651014400024488,9.255448108515184,11.6953218223967,True,1.3955662915093043,1.0443074223722115,2.816666666666667,10.0,2.34375,5.0,2.25,2.5,1.0,1.0,1.0,0.0,1.0,3.0,2.0,3.0,3.0,2.0,17.0,0.0,0.0,0.0,13.0,189.0,13.0,6.348985599975512,5,17.0,n5_sparse_layers,cost_11,14.183333333333334,4.0,0.0,12,5.0,,,,,,,ridge,5.521783878529618,2.095279945138884,3.426503933390734,13.573496066609266,13.0
AND_OR_NOT,168232959,11,3.515625,19.0,11.432919864759365,10.03735357325006,12.477227287131576,True,1.3955662915093043,1.0443074223722115,3.515625,11.0,2.46875,4.0,2.375,2.5625,1.0,0.0,0.0,0.0,3.0,3.0,3.0,4.0,3.0,2.0,19.0,0.0,0.0,0.0,16.0,189.0,16.0,7.567080135240635,5,19.0,n5_sparse_layers,cost_11,15.484375,3.0,0.0,12,7.0,,,,,,,ridge,5.722059203115457,2.095279945138884,3.6267792579765725,15.373220742023427,15.373220742023427
AND_OR_NOT,184224575,11,3.111111111111111,17.0,11.228713110340614,9.83314681883131,12.273020532712826,True,1.3955662915093043,1.0443074223722115,3.111111111111111,11.0,2.34375,4.0,2.5,2.2222222222222223,1.0,0.0,0.0,1.0,5.0,3.0,4.0,2.0,4.0,3.0,17.0,0.0,0.0,0.0,15.0,189.0,15.0,5.771286889659386,5,17.0,n5_sparse_layers,cost_11,13.88888888888889,2.0,0.0,12,5.0,,,,,,,ridge,4.656993988891715,2.095279945138884,2.561714043752831,14.438285956247169,14.438285956247169
AND_OR_NOT,327037950,11,3.75,19.0,11.825624921269512,10.43005862976021,12.869932343641723,True,1.3955662915093043,1.0443074223722115,3.75,12.0,2.875,4.0,2.6666666666666665,3.0,0.0,0.0,4.0,0.0,5.0,8.0,4.0,5.0,3.0,1.0,19.0,0.0,0.0,0.0,16.0,189.0,16.0,7.174375078730488,5,19.0,n5_sparse_layers,cost_11,15.25,3.0,0.0,12,7.0,,,,,,,ridge,5.040940471390032,2.095279945138884,2.9456605262511477,16.054339473748854,16.0
AND_OR_NOT,729784821,11,4.266666666666667,18.0,12.66250024301146,11.266933951502155,13.706807665383671,True,1.3955662915093043,1.0443074223722115,4.266666666666667,9.0,2.8125,4.0,3.1666666666666665,2.6,1.0,0.0,1.0,1.0,4.0,4.0,4.0,3.0,2.0,2.0,18.0,0.0,0.0,0.0,13.0,189.0,13.0,5.3374997569885405,5,18.0,n5_sparse_layers,cost_11,13.733333333333334,5.0,0.0,12,6.0,,,,,,,ridge,5.33837393989138,2.095279945138884,3.2430939947524955,14.756906005247505,13.0
AND_OR_NOT,758982712,11,4.587301587301587,16.0,11.205329617905946,9.809763326396642,12.249637040278158,True,1.3955662915093043,1.0443074223722115,4.587301587301587,8.0,2.75,3.0,2.555555555555556,3.0,0.0,1.0,2.0,2.0,5.0,4.0,4.0,3.0,1.0,1.0,16.0,0.0,0.0,0.0,13.0,189.0,13.0,4.794670382094054,5,16.0,n5_sparse_layers,cost_11,11.412698412698413,3.0,0.0,12,4.0,,,,,,,ridge,3.826977500248188,2.095279945138884,1.731697555109304,14.268302444890697,13.0
AND_OR_NOT,1087266912,11,4.090909090909091,20.0,12.535896617566204,11.1403303260569,13.580204039938415,True,1.3955662915093043,1.0443074223722115,4.090909090909091,12.0,2.5625,4.0,2.227272727272727,3.3,0.0,1.0,0.0,3.0,4.0,6.0,4.0,3.0,4.0,1.0,20.0,0.0,0.0,0.0,16.0,189.0,16.0,7.464103382433796,5,20.0,n5_sparse_layers,cost_11,15.90909090909091,4.0,0.0,12,8.0,,,,,,,ridge,6.579845453116082,2.095279945138884,4.484565507977198,15.515434492022802,15.515434492022802
AND_OR_NOT,1146941132,11,3.0625,21.0,12.110680309929071,10.715114018419769,13.154987732301285,True,1.3955662915093043,1.0443074223722115,3.0625,10.0,2.65625,4.0,3.0,2.3125,0.0,0.0,1.0,1.0,2.0,7.0,5.0,3.0,2.0,0.0,21.0,0.0,0.0,0.0,14.0,189.0,14.0,8.889319690070929,5,21.0,n5_sparse_layers,cost_11,17.9375,7.0,0.0,12,9.0,,,,,,,ridge,8.24430356097115,2.095279945138884,6.149023615832267,14.850976384167733,14.0
AND_OR_NOT,1275109631,11,3.890688259109312,18.0,12.809534483950824,11.41396819244152,13.853841906323035,True,1.3955662915093043,1.0443074223722115,3.890688259109312,9.0,2.46875,4.0,2.3684210526315788,2.6153846153846154,1.0,1.0,2.0,3.0,1.0,4.0,2.0,2.0,2.0,5.0,18.0,0.0,0.0,0.0,12.0,189.0,12.0,5.190465516049176,5,18.0,n5_sparse_layers,cost_11,14.109311740890687,6.0,0.0,12,6.0,,,,,,,ridge,6.172638495617763,2.095279945138884,4.077358550478879,13.922641449521121,12.0
AND_OR_NOT,1330629827,11,4.063492063492063,18.0,12.881735714460152,11.486169422950848,13.926043136832364,True,1.3955662915093043,1.0443074223722115,4.063492063492063,9.0,2.5625,4.0,2.571428571428572,2.555555555555556,1.0,0.0,3.0,2.0,3.0,5.0,2.0,0.0,1.0,1.0,18.0,0.0,0.0,0.0,13.0,189.0,13.0,5.118264285539848,5,18.0,n5_sparse_layers,cost_11,13.936507936507937,5.0,0.0,12,6.0,,,,,,,ridge,5.164851082402064,2.095279945138884,3.06957113726318,14.93042886273682,13.0
AND_OR_NOT,1610578032,11,3.6406926406926408,19.0,11.773172485677229,10.377606194167925,12.81747990804944,True,1.3955662915093043,1.0443074223722115,3.6406926406926408,10.0,2.59375,4.0,3.363636363636364,2.1904761904761907,0.0,0.0,2.0,2.0,1.0,8.0,2.0,4.0,5.0,4.0,19.0,0.0,0.0,0.0,14.0,189.0,14.0,7.226827514322771,5,19.0,n5_sparse_layers,cost_11,15.359307359307358,5.0,0.0,12,7.0,,,,,,,ridge,6.4703698259062055,2.095279945138884,4.375089880767321,14.624910119232679,14.0
AND_OR_NOT,1626390528,11,3.0,17.0,11.966712069796683,10.57114577828738,13.011019492168897,False,1.3955662915093043,1.0443074223722115,3.0,9.0,1.96875,4.0,1.4583333333333333,3.5,0.0,1.0,0.0,3.0,1.0,3.0,2.0,1.0,1.0,4.0,17.0,1.0,0.0,1.0,13.0,12.0,12.0,5.033287930203317,5,17.0,n5_sparse_layers,cost_11,14.0,4.0,5.0,12,5.0,,,,,,,ridge,7.157200386570386,2.095279945138884,5.061920441431502,11.938079558568498,11.938079558568498
AND_OR_NOT,1711730671,11,3.75,18.0,11.741483572954644,10.34591728144534,12.785790995326856,True,1.3955662915093043,1.0443074223722115,3.75,12.0,2.5625,3.0,3.0,2.3,1.0,0.0,2.0,3.0,5.0,3.0,1.0,1.0,3.0,2.0,18.0,0.0,0.0,0.0,15.0,189.0,15.0,6.258516427045356,5,18.0,n5_sparse_layers,cost_11,14.25,3.0,0.0,12,6.0,,,,,,,ridge,5.288974350089175,2.095279945138884,3.193694404950291,14.806305595049709,14.806305595049709
AND_OR_NOT,2292891712,11,3.0193236714975846,14.0,10.047031436984405,8.6514651454751,11.091338859356616,True,1.3955662915093043,1.0443074223722115,3.0193236714975846,9.0,2.40625,4.0,2.0434782608695654,3.333333333333333,0.0,1.0,0.0,4.0,2.0,5.0,3.0,6.0,4.0,2.0,14.0,0.0,0.0,0.0,12.0,189.0,12.0,3.9529685630155953,5,14.0,n5_sparse_layers,cost_11,10.980676328502415,2.0,0.0,12,2.0,,,,,,,ridge,3.9959847858446906,2.095279945138884,1.9007048407058065,12.099295159294194,12.0
AND_OR_NOT,2382532166,11,3.75,19.0,13.081749582892613,11.686183291383308,14.126057005264824,True,1.3955662915093043,1.0443074223722115,3.75,9.0,2.6875,4.0,2.4,3.1666666666666665,0.0,1.0,2.0,3.0,2.0,4.0,5.0,5.0,2.0,1.0,19.0,0.0,0.0,0.0,14.0,189.0,14.0,5.918250417107387,5,19.0,n5_sparse_layers,cost_11,15.25,5.0,0.0,12,7.0,,,,,,,ridge,6.150890831001732,2.095279945138884,4.055610885862848,14.944389114137152,14.0
AND_OR_NOT,2615057288,11,4.587301587301587,20.0,11.695803141777931,10.300236850268629,12.740110564150145,True,1.3955662915093043,1.0443074223722115,4.587301587301587,11.0,2.8125,4.0,3.071428571428572,2.611111111111111,0.0,0.0,1.0,4.0,5.0,5.0,5.0,4.0,2.0,0.0,20.0,0.0,0.0,0.0,14.0,189.0,14.0,8.304196858222069,5,20.0,n5_sparse_layers,cost_11,15.412698412698413,6.0,0.0,12,8.0,,,,,,,ridge,7.114247872636168,2.095279945138884,5.018967927497284,14.981032072502716,14.0
AND_OR_NOT,2852146376,11,3.5636363636363635,18.0,11.81785375708408,10.422287465574776,12.862161179456292,True,1.3955662915093043,1.0443074223722115,3.5636363636363635,10.0,2.59375,4.0,2.136363636363636,3.6,0.0,1.0,0.0,3.0,3.0,3.0,7.0,3.0,3.0,0.0,18.0,0.0,0.0,0.0,13.0,189.0,13.0,6.18214624291592,5,18.0,n5_sparse_layers,cost_11,14.436363636363637,5.0,0.0,12,6.0,,,,,,,ridge,6.549976185748767,2.095279945138884,4.4546962406098825,13.545303759390118,13.0
AND_OR_NOT,2852397585,11,4.06280193236715,18.0,11.852061251823343,10.45649496031404,12.896368674195555,True,1.3955662915093043,1.0443074223722115,4.06280193236715,10.0,2.5,5.0,2.130434782608696,3.4444444444444446,1.0,1.0,4.0,3.0,4.0,4.0,2.0,5.0,4.0,2.0,18.0,0.0,0.0,0.0,15.0,189.0,15.0,6.1479387481766565,5,18.0,n5_sparse_layers,cost_11,13.937198067632849,3.0,0.0,12,6.0,,,,,,,ridge,4.284658215429673,2.095279945138884,2.1893782702907885,15.810621729709212,15.0
AND_OR_NOT,3091249384,11,3.890688259109312,17.0,10.283947680079232,8.888381388569929,11.328255102451443,True,1.3955662915093043,1.0443074223722115,3.890688259109312,11.0,2.6875,4.0,2.3684210526315788,3.1538461538461537,0.0,1.0,0.0,4.0,4.0,6.0,3.0,6.0,4.0,1.0,17.0,0.0,0.0,0.0,14.0,189.0,14.0,6.7160523199207685,5,17.0,n5_sparse_layers,cost_11,13.109311740890687,3.0,0.0,12,5.0,,,,,,,ridge,5.11037398179342,2.095279945138884,3.015094036654536,13.984905963345465,13.984905963345465
AND_OR_NOT,3096160399,11,4.0,21.0,12.167745653699892,10.772179362190588,13.212053076072104,True,1.3955662915093043,1.0443074223722115,4.0,11.0,2.78125,4.0,3.0,2.5625,1.0,0.0,2.0,2.0,2.0,1.0,7.0,1.0,3.0,3.0,21.0,0.0,0.0,0.0,15.0,189.0,15.0,8.832254346300108,5,21.0,n5_sparse_layers,cost_11,17.0,6.0,0.0,12,9.0,,,,,,,ridge,7.0811145262446065,2.095279945138884,4.985834581105722,16.01416541889428,15.0
AND_OR_NOT,3236990714,11,3.515625,20.0,12.540434291087534,11.14486799957823,13.584741713459746,True,1.3955662915093043,1.0443074223722115,3.515625,10.0,2.5625,4.0,2.5625,2.5625,0.0,0.0,2.0,3.0,4.0,3.0,4.0,6.0,1.0,2.0,20.0,0.0,0.0,0.0,13.0,189.0,13.0,7.459565708912466,5,20.0,n5_sparse_layers,cost_11,16.484375,7.0,0.0,12,8.0,,,,,,,ridge,8.131954012488047,2.095279945138884,6.036674067349162,13.963325932650838,13.0
AND_OR_NOT,3301304007,11,3.768627450980392,18.0,11.342087555293524,9.94652126378422,12.386394977665736,True,1.3955662915093043,1.0443074223722115,3.768627450980392,10.0,2.71875,4.0,3.0,2.4705882352941178,1.0,0.0,2.0,2.0,6.0,3.0,5.0,4.0,3.0,3.0,18.0,0.0,0.0,0.0,14.0,189.0,14.0,6.657912444706476,5,18.0,n5_sparse_layers,cost_11,14.231372549019607,4.0,0.0,12,6.0,,,,,,,ridge,5.084713027739709,2.095279945138884,2.989433082600825,15.010566917399174,14.0
AND_OR_NOT,3422487487,11,3.0727272727272728,21.0,12.07928495957914,10.683718668069837,13.123592381951353,True,1.3955662915093043,1.0443074223722115,3.0727272727272728,10.0,2.46875,4.0,3.2,2.136363636363636,1.0,0.0,0.0,2.0,3.0,1.0,2.0,4.0,3.0,2.0,21.0,0.0,0.0,0.0,14.0,189.0,14.0,8.92071504042086,5,21.0,n5_sparse_layers,cost_11,17.927272727272726,7.0,0.0,12,9.0,,,,,,,ridge,8.605131879043565,2.095279945138884,6.509851933904681,14.490148066095319,14.0
AND_OR_NOT,3423371018,11,3.2980392156862743,16.0,11.0626431294497,9.667076837940394,12.10695055182191,True,1.3955662915093043,1.0443074223722115,3.2980392156862743,10.0,2.59375,4.0,2.235294117647059,3.0,0.0,1.0,2.0,3.0,5.0,6.0,4.0,7.0,4.0,3.0,16.0,0.0,0.0,0.0,14.0,189.0,14.0,4.9373568705503,5,16.0,n5_sparse_layers,cost_11,12.701960784313727,2.0,0.0,12,4.0,,,,,,,ridge,4.041095086567224,2.095279945138884,1.9458151414283398,14.05418485857166,14.0
AND_OR_NOT,3425929442,11,5.142857142857143,19.0,12.284258178640812,10.888691887131507,13.328565601013024,True,1.3955662915093043,1.0443074223722115,5.142857142857143,10.0,2.8125,4.0,2.555555555555556,3.142857142857143,0.0,1.0,2.0,4.0,6.0,4.0,4.0,3.0,1.0,1.0,19.0,0.0,0.0,0.0,14.0,189.0,14.0,6.715741821359188,5,19.0,n5_sparse_layers,cost_11,13.857142857142858,5.0,0.0,12,7.0,,,,,,,ridge,5.568999896940231,2.095279945138884,3.473719951801347,15.526280048198654,14.0
AND_OR_NOT,3435954018,11,4.063492063492063,18.0,12.410074314288629,11.014508022779324,13.45438173666084,True,1.3955662915093043,1.0443074223722115,4.063492063492063,9.0,2.625,4.0,2.7142857142857144,2.555555555555556,0.0,0.0,2.0,2.0,6.0,5.0,6.0,5.0,3.0,1.0,18.0,0.0,0.0,0.0,13.0,189.0,13.0,5.589925685711371,5,18.0,n5_sparse_layers,cost_11,13.936507936507937,5.0,0.0,12,6.0,,,,,,,ridge,5.9854203502000765,2.095279945138884,3.8901404050611923,14.109859594938808,13.0
AND_OR_NOT,3437375538,11,4.4089068825910935,16.0,10.2453993627125,8.849833071203197,11.289706785084713,True,1.3955662915093043,1.0443074223722115,4.4089068825910935,11.0,2.75,3.0,2.5789473684210527,3.0,0.0,1.0,2.0,3.0,5.0,6.0,5.0,6.0,5.0,5.0,16.0,0.0,0.0,0.0,12.0,189.0,12.0,5.754600637287499,5,16.0,n5_sparse_layers,cost_11,11.591093117408906,4.0,0.0,12,4.0,,,,,,,ridge,5.464166378044608,2.095279945138884,3.3688864329057235,12.631113567094276,12.0
AND_OR_NOT,3695466054,11,4.063492063492063,17.0,10.890486863521376,9.494920572012072,11.934794285893588,True,1.3955662915093043,1.0443074223722115,4.063492063492063,10.0,2.8125,4.0,3.0,2.571428571428572,0.0,1.0,2.0,2.0,3.0,2.0,5.0,6.0,3.0,1.0,17.0,0.0,0.0,0.0,13.0,189.0,13.0,6.109513136478624,5,17.0,n5_sparse_layers,cost_11,12.936507936507937,4.0,0.0,12,5.0,,,,,,,ridge,5.40841139532571,2.095279945138884,3.313131450186826,13.686868549813173,13.0
AND_OR_NOT,3741382912,11,2.530364372469636,18.0,11.502691596706578,10.107125305197274,12.54699901907879,True,1.3955662915093043,1.0443074223722115,2.530364372469636,10.0,2.09375,4.0,1.4736842105263157,3.0,0.0,1.0,1.0,4.0,2.0,4.0,4.0,4.0,2.0,4.0,18.0,1.0,0.0,1.0,15.0,12.0,12.0,6.497308403293422,5,18.0,n5_sparse_layers,cost_11,15.469635627530364,3.0,6.0,12,6.0,,,,,,,ridge,7.2854072870048725,2.095279945138884,5.190127341865988,12.809872658134012,12.0
AND_OR_NOT,3757703216,11,2.8588235294117648,16.0,10.753356106960252,9.357789815450948,11.797663529332464,True,1.3955662915093043,1.0443074223722115,2.8588235294117648,10.0,2.59375,4.0,2.235294117647059,3.0,0.0,1.0,1.0,3.0,4.0,5.0,4.0,6.0,2.0,2.0,16.0,0.0,0.0,0.0,13.0,189.0,13.0,5.246643893039748,5,16.0,n5_sparse_layers,cost_11,13.141176470588235,3.0,0.0,12,4.0,,,,,,,ridge,4.781244788442034,2.095279945138884,2.68596484330315,13.31403515669685,13.0
AND_OR_NOT,3986730656,11,3.2980392156862743,19.0,11.732521955509224,10.33695566399992,12.776829377881436,True,1.3955662915093043,1.0443074223722115,3.2980392156862743,11.0,2.4375,4.0,2.3529411764705883,2.533333333333333,0.0,1.0,0.0,5.0,4.0,5.0,5.0,5.0,2.0,2.0,19.0,0.0,0.0,0.0,14.0,189.0,14.0,7.267478044490776,5,19.0,n5_sparse_layers,cost_11,15.701960784313727,5.0,0.0,12,7.0,,,,,,,ridge,7.063345839195257,2.095279945138884,4.968065894056373,14.031934105943627,14.0
AND_OR_NOT,4022838019,11,3.571428571428572,17.0,10.905990081907614,9.51042379039831,11.950297504279826,True,1.3955662915093043,1.0443074223722115,3.571428571428572,12.0,2.78125,4.0,3.071428571428572,2.555555555555556,1.0,0.0,2.0,3.0,2.0,2.0,2.0,1.0,2.0,3.0,17.0,0.0,0.0,0.0,13.0,189.0,13.0,6.094009918092386,5,17.0,n5_sparse_layers,cost_11,13.428571428571427,4.0,0.0,12,5.0,,,,,,,ridge,5.099661104226747,2.095279945138884,3.0043811590878624,13.995618840912137,13.0
AND_OR_NOT,4041080657,11,3.6406926406926408,18.0,12.471286745714211,11.075720454204909,13.515594168086425,True,1.3955662915093043,1.0443074223722115,3.6406926406926408,9.0,2.53125,4.0,3.090909090909091,2.238095238095238,1.0,0.0,2.0,3.0,6.0,3.0,6.0,4.0,4.0,2.0,18.0,0.0,0.0,0.0,13.0,189.0,13.0,5.528713254285789,5,18.0,n5_sparse_layers,cost_11,14.359307359307358,5.0,0.0,12,6.0,,,,,,,ridge,5.903716078326688,2.095279945138884,3.8084361331878043,14.191563866812196,13.0
AND_OR_NOT,4075965518,11,4.270588235294118,20.0,12.195730375603995,10.80016408409469,13.240037797976209,True,1.3955662915093043,1.0443074223722115,4.270588235294118,10.0,2.78125,4.0,3.0,2.588235294117647,0.0,0.0,2.0,4.0,5.0,4.0,3.0,7.0,5.0,4.0,20.0,0.0,0.0,0.0,14.0,189.0,14.0,7.804269624396005,5,20.0,n5_sparse_layers,cost_11,15.729411764705883,6.0,0.0,12,8.0,,,,,,,ridge,7.112963410108536,2.095279945138884,5.017683464969652,14.982316535030348,14.0
AND_OR_NOT,4224773632,11,3.0625,17.0,11.304266178814672,9.908699887305367,12.348573601186883,True,1.3955662915093043,1.0443074223722115,3.0625,11.0,2.40625,4.0,2.3125,2.5,0.0,0.0,0.0,5.0,4.0,5.0,4.0,2.0,3.0,1.0,17.0,0.0,0.0,0.0,14.0,189.0,14.0,5.695733821185328,5,17.0,n5_sparse_layers,cost_11,13.9375,3.0,0.0,12,5.0,,,,,,,ridge,5.269560846171531,2.095279945138884,3.174280901032647,13.825719098967353,13.825719098967353
AND_OR_NOT,4236002556,11,3.404858299595141,20.0,13.371555292708951,11.975989001199649,14.415862715081165,True,1.3955662915093043,1.0443074223722115,3.404858299595141,10.0,2.5625,5.0,2.5384615384615383,2.5789473684210527,0.0,0.0,2.0,3.0,2.0,6.0,3.0,6.0,4.0,3.0,20.0,0.0,0.0,0.0,14.0,189.0,14.0,6.628444707291049,5,20.0,n5_sparse_layers,cost_11,16.59514170040486,6.0,0.0,12,8.0,,,,,,,ridge,7.165568735215247,2.095279945138884,5.070288790076363,14.929711209923637,14.0
,3371665271,12,5.4,31.0,17.729191182301292,,,True,,,5.4,15.0,2.875,4.0,3.5,2.5,1.0,0.0,0.0,0.0,3.0,3.0,1.0,6.0,2.0,3.0,31.0,0.0,0.0,0.0,18.0,189.0,18.0,13.270808817698708,5,31.0,n5_cost_12_challenge,cost_12_upper_tail,25.6,13.0,0.0,13,18.0,14.987394397357898,19.187828306347924,False,15.173087181017776,19.109903127249765,False,ridge,14.901464582364325,2.095279945138884,12.80618463722544,18.193815362774558,18.0
,2846074799,12,4.4089068825910935,28.0,15.44948000492828,,,True,,,4.4089068825910935,12.0,2.6875,5.0,2.769230769230769,2.631578947368421,1.0,0.0,1.0,1.0,2.0,2.0,3.0,6.0,4.0,4.0,28.0,0.0,0.0,0.0,15.0,189.0,15.0,12.55051999507172,5,28.0,n5_cost_12_challenge,cost_12_upper_tail,23.591093117408906,13.0,0.0,13,15.0,12.669999470131096,16.896053405047965,True,12.91394929526782,16.818082593778907,True,ridge,13.574727193298148,2.095279945138884,11.479447248159264,16.520552751840736,15.0
,2415463345,12,5.142857142857143,30.0,18.025957712387218,,,True,,,5.142857142857143,15.0,3.125,4.0,3.2857142857142856,3.0,1.0,0.0,2.0,2.0,4.0,1.0,5.0,1.0,1.0,1.0,30.0,0.0,0.0,0.0,18.0,189.0,18.0,11.974042287612782,5,30.0,n5_cost_12_challenge,cost_12_upper_tail,24.857142857142858,12.0,0.0,13,17.0,15.281945870964584,19.46266767631325,False,15.483731411309709,19.41979276945448,False,ridge,13.015890796731824,2.095279945138884,10.92061085159294,19.07938914840706,18.0
,4205983551,12,4.16017316017316,27.0,15.304062680561024,,,True,,,4.16017316017316,12.0,2.65625,4.0,3.272727272727273,2.333333333333333,1.0,0.0,1.0,3.0,3.0,4.0,3.0,6.0,3.0,3.0,27.0,0.0,0.0,0.0,15.0,189.0,15.0,11.695937319438976,5,27.0,n5_cost_12_challenge,cost_12_upper_tail,22.83982683982684,12.0,0.0,13,14.0,12.735539639841049,16.762601605837727,True,12.818983193022076,16.725042626142315,True,ridge,12.981994389312879,2.095279945138884,10.886714444173995,16.113285555826003,15.0
,3346517708,12,4.266666666666667,25.0,13.34180402889228,,,True,,,4.266666666666667,11.0,2.75,4.0,3.25,2.45,0.0,0.0,2.0,2.0,2.0,5.0,5.0,5.0,4.0,0.0,25.0,0.0,0.0,0.0,14.0,189.0,14.0,11.65819597110772,5,25.0,n5_cost_12_challenge,cost_12_upper_tail,20.733333333333334,11.0,0.0,13,12.0,10.648751129504443,14.729095798832178,True,10.726566291586384,14.702334658343252,True,ridge,11.873216061427264,2.095279945138884,9.77793611628838,15.22206388371162,14.0
,859189964,12,5.368627450980392,27.0,15.34822613288572,,,True,,,5.368627450980392,13.0,2.84375,4.0,2.647058823529412,3.066666666666667,0.0,1.0,1.0,3.0,6.0,7.0,5.0,5.0,4.0,1.0,27.0,0.0,0.0,0.0,14.0,189.0,14.0,11.65177386711428,5,27.0,n5_cost_12_challenge,cost_12_upper_tail,21.63137254901961,13.0,0.0,13,14.0,12.64938770961049,16.774651513497872,True,12.673656715229637,16.737538599541796,True,ridge,13.485399875735846,2.095279945138884,11.390119930596962,15.609880069403038,14.0
,4277242000,12,4.0,28.0,16.382301310790602,,,True,,,4.0,15.0,2.84375,4.0,3.0625,2.625,0.0,0.0,2.0,5.0,7.0,3.0,4.0,1.0,4.0,5.0,28.0,0.0,0.0,0.0,16.0,189.0,16.0,11.617698689209398,5,28.0,n5_cost_12_challenge,cost_12_upper_tail,24.0,12.0,0.0,13,15.0,13.795463874687195,17.895528193940827,False,13.922458372022287,17.777582322706653,False,ridge,13.12203256330305,2.095279945138884,11.026752618164165,16.973247381835833,16.0
,520946967,12,3.571428571428572,27.0,15.54050053228066,,,True,,,3.571428571428572,13.0,2.5,4.0,2.388888888888889,2.642857142857143,1.0,1.0,0.0,1.0,7.0,2.0,3.0,2.0,1.0,3.0,27.0,0.0,0.0,0.0,18.0,189.0,18.0,11.45949946771934,5,27.0,n5_cost_12_challenge,cost_12_upper_tail,23.428571428571427,9.0,0.0,13,14.0,12.664744727385113,17.00625923710996,True,13.056702191896342,16.9505822281871,False,ridge,11.178728907265558,2.095279945138884,9.083448962126674,17.916551037873326,17.916551037873326
,3743342384,12,4.266666666666667,25.0,13.615836784441283,,,True,,,4.266666666666667,11.0,2.71875,4.0,3.333333333333333,2.35,0.0,0.0,2.0,2.0,4.0,6.0,6.0,4.0,3.0,0.0,25.0,0.0,0.0,0.0,14.0,189.0,14.0,11.384163215558717,5,25.0,n5_cost_12_challenge,cost_12_upper_tail,20.733333333333334,11.0,0.0,13,12.0,10.973452754720082,15.02271107258059,True,11.019112477109893,14.99014113768212,True,ridge,11.677318262320657,2.095279945138884,9.582038317181773,15.417961682818227,14.0
,1462766328,12,5.142857142857143,26.0,14.631674365037902,,,True,,,5.142857142857143,12.0,3.125,4.0,3.0,3.2857142857142856,0.0,1.0,1.0,1.0,4.0,6.0,6.0,4.0,3.0,0.0,26.0,0.0,0.0,0.0,16.0,189.0,16.0,11.368325634962098,5,26.0,n5_cost_12_challenge,cost_12_upper_tail,20.857142857142858,10.0,0.0,13,13.0,11.837174490249662,16.049944396238974,True,11.983203589098505,16.001845407770045,True,ridge,10.771676260978158,2.095279945138884,8.676396315839273,17.323603684160727,16.0
,4002019737,12,5.5425101214574894,26.0,14.721612093117672,,,True,,,5.5425101214574894,13.0,2.9375,4.0,3.3846153846153846,2.631578947368421,1.0,0.0,2.0,4.0,2.0,1.0,5.0,4.0,3.0,5.0,26.0,0.0,0.0,0.0,16.0,189.0,16.0,11.278387906882328,5,26.0,n5_cost_12_challenge,cost_12_upper_tail,20.45748987854251,10.0,0.0,13,13.0,12.106912795363169,16.170309057254286,True,12.226833779129525,16.101549182812533,True,ridge,10.822671040544915,2.095279945138884,8.72739109540603,17.27260890459397,16.0
,4048822036,12,4.803921568627451,27.0,15.88912860736088,,,True,,,4.803921568627451,13.0,2.84375,4.0,2.588235294117647,3.1333333333333333,0.0,1.0,3.0,3.0,4.0,6.0,5.0,8.0,5.0,2.0,27.0,0.0,0.0,0.0,18.0,189.0,18.0,11.11087139263912,5,27.0,n5_cost_12_challenge,cost_12_upper_tail,22.19607843137255,9.0,0.0,13,14.0,13.149936781579598,17.320248967187503,False,13.101230255263255,17.2748530578694,False,ridge,11.130075764507684,2.095279945138884,9.0347958193688,17.9652041806312,17.9652041806312
,1381003818,12,4.266666666666667,24.0,12.91045249060575,,,True,,,4.266666666666667,11.0,2.8125,4.0,2.6,3.1666666666666665,0.0,1.0,1.0,2.0,3.0,5.0,6.0,4.0,2.0,0.0,24.0,0.0,0.0,0.0,14.0,189.0,14.0,11.08954750939425,5,24.0,n5_cost_12_challenge,cost_12_upper_tail,19.733333333333334,10.0,0.0,13,11.0,10.100283571719016,14.332917879122274,True,10.317964679846128,14.281664335829468,True,ridge,10.711478476548013,2.095279945138884,8.616198531409129,15.383801468590871,14.0
,4114057898,12,4.587301587301587,26.0,14.924335633966963,,,True,,,4.587301587301587,12.0,2.9375,4.0,2.857142857142857,3.0,0.0,0.0,2.0,2.0,1.0,3.0,4.0,6.0,4.0,0.0,26.0,0.0,0.0,0.0,15.0,189.0,15.0,11.075664366033037,5,26.0,n5_cost_12_challenge,cost_12_upper_tail,21.41269841269841,11.0,0.0,13,13.0,12.161656451565648,16.326697483239784,True,12.299826684276567,16.277550616149053,True,ridge,12.139304045896088,2.095279945138884,10.044024100757204,15.955975899242796,15.0
,2776925678,12,5.368627450980392,27.0,16.006969197630912,,,True,,,5.368627450980392,14.0,3.0625,4.0,3.0588235294117645,3.066666666666667,0.0,1.0,3.0,2.0,4.0,6.0,4.0,8.0,4.0,4.0,27.0,0.0,0.0,0.0,16.0,189.0,16.0,10.993030802369088,5,27.0,n5_cost_12_challenge,cost_12_upper_tail,21.63137254901961,11.0,0.0,13,14.0,13.167592230314108,17.476977660586012,False,13.21081385506954,17.40849289612736,False,ridge,12.175672289518733,2.095279945138884,10.080392344379849,16.91960765562015,16.0
,682114238,12,4.270588235294118,25.0,14.174634092479453,,,True,,,4.270588235294118,12.0,2.75,3.0,2.5294117647058822,3.0,0.0,1.0,3.0,3.0,6.0,4.0,3.0,4.0,4.0,5.0,25.0,0.0,0.0,0.0,18.0,189.0,18.0,10.825365907520547,5,25.0,n5_cost_12_challenge,cost_12_upper_tail,20.729411764705883,7.0,0.0,13,12.0,11.636370289151294,15.672018613608348,True,11.722741056833232,15.59810404440904,True,ridge,9.156388558303187,2.095279945138884,7.061108613164302,17.9388913868357,17.9388913868357
,2306969559,12,4.515625,25.0,14.17722399811945,,,True,,,4.515625,12.0,3.0625,4.0,3.125,3.0,1.0,0.0,0.0,1.0,6.0,1.0,4.0,5.0,2.0,3.0,25.0,0.0,0.0,0.0,16.0,189.0,16.0,10.82277600188055,5,25.0,n5_cost_12_challenge,cost_12_upper_tail,20.484375,9.0,0.0,13,12.0,11.364336397876402,15.646902573257297,True,11.546548916229114,15.55807525846266,True,ridge,9.955938898453805,2.095279945138884,7.860658953314921,17.13934104668508,16.0
,4054947735,12,5.5425101214574894,25.0,14.29363219731035,,,True,,,5.5425101214574894,12.0,2.90625,4.0,3.3846153846153846,2.5789473684210527,1.0,0.0,0.0,2.0,5.0,2.0,2.0,6.0,3.0,4.0,25.0,0.0,0.0,0.0,17.0,189.0,17.0,10.70636780268965,5,25.0,n5_cost_12_challenge,cost_12_upper_tail,19.45748987854251,8.0,0.0,13,12.0,11.506247104091477,15.75788699520498,True,11.76353175557738,15.673257763853474,True,ridge,9.45975832925163,2.095279945138884,7.364478384112745,17.635521615887257,17.0
,3452458272,12,3.890688259109312,24.0,13.306737833897444,,,True,,,3.890688259109312,12.0,3.0625,5.0,3.0,3.1538461538461537,0.0,1.0,1.0,4.0,2.0,4.0,6.0,6.0,2.0,3.0,24.0,0.0,0.0,0.0,17.0,189.0,17.0,10.693262166102556,5,24.0,n5_cost_12_challenge,cost_12_upper_tail,20.10931174089069,7.0,0.0,13,11.0,10.62215386493415,14.766101742818051,True,10.66762579809497,14.73286493516228,True,ridge,8.295047552694772,2.095279945138884,6.199767607555888,17.800232392444112,17.0
,711649472,12,4.4089068825910935,26.0,15.323638091463684,,,True,,,4.4089068825910935,13.0,2.78125,4.0,2.473684210526316,3.230769230769231,0.0,1.0,0.0,5.0,2.0,7.0,2.0,2.0,4.0,3.0,26.0,0.0,0.0,0.0,16.0,189.0,16.0,10.676361908536316,5,26.0,n5_cost_12_challenge,cost_12_upper_tail,21.591093117408906,10.0,0.0,13,13.0,12.660205841828608,16.769209928676098,True,12.760280664328048,16.75202005695955,True,ridge,11.251641310453325,2.095279945138884,9.15636136531444,16.84363863468556,16.0
,1403680672,12,4.515625,23.0,12.39322176912571,,,True,,,4.515625,11.0,2.8125,4.0,2.625,3.0,0.0,0.0,1.0,3.0,2.0,6.0,5.0,4.0,2.0,0.0,23.0,0.0,0.0,0.0,14.0,189.0,14.0,10.60677823087429,5,23.0,n5_cost_12_challenge,cost_12_upper_tail,18.484375,9.0,0.0,13,10.0,9.697609262389305,13.804647353896543,True,9.778188932811924,13.773141590667889,True,ridge,9.757724920969933,2.095279945138884,7.662444975831049,15.337555024168951,14.0
,118977636,12,5.142857142857143,26.0,15.480917011751984,,,True,,,5.142857142857143,12.0,2.90625,4.0,2.611111111111111,3.2857142857142856,0.0,1.0,2.0,0.0,4.0,5.0,4.0,5.0,2.0,1.0,26.0,0.0,0.0,0.0,16.0,189.0,16.0,10.519082988248016,5,26.0,n5_cost_12_challenge,cost_12_upper_tail,20.857142857142858,10.0,0.0,13,13.0,12.74110284359976,16.89822174932044,True,12.823779977885671,16.85558651540211,True,ridge,11.073823374564025,2.095279945138884,8.978543429425141,17.02145657057486,16.0
,2948467246,12,3.571428571428572,25.0,14.510288305045515,,,True,,,3.571428571428572,13.0,2.6875,4.0,3.071428571428572,2.388888888888889,0.0,0.0,2.0,2.0,5.0,3.0,6.0,5.0,2.0,2.0,25.0,0.0,0.0,0.0,16.0,189.0,16.0,10.489711694954485,5,25.0,n5_cost_12_challenge,cost_12_upper_tail,21.428571428571427,9.0,0.0,13,12.0,11.829346197155026,15.935344802715797,True,11.89702929151914,15.887674484088652,True,ridge,11.034626049777104,2.095279945138884,8.93934610463822,16.06065389536178,16.0
,250891980,12,4.0,23.0,12.51678584562583,,,True,,,4.0,12.0,3.03125,4.0,3.0625,3.0,0.0,0.0,1.0,1.0,2.0,7.0,5.0,4.0,2.0,0.0,23.0,0.0,0.0,0.0,15.0,189.0,15.0,10.48321415437417,5,23.0,n5_cost_12_challenge,cost_12_upper_tail,19.0,8.0,0.0,13,10.0,9.706798829614112,13.919929580057504,True,9.861840852701974,13.879928438345058,True,ridge,9.15425847615718,2.095279945138884,7.058978531018296,15.941021468981704,15.0
,3114401205,12,4.266666666666667,25.0,14.569168068183972,,,True,,,4.266666666666667,12.0,2.8125,4.0,3.1666666666666665,2.6,1.0,0.0,1.0,2.0,4.0,2.0,6.0,3.0,1.0,4.0,25.0,0.0,0.0,0.0,14.0,189.0,14.0,10.430831931816028,5,25.0,n5_cost_12_challenge,cost_12_upper_tail,20.733333333333334,11.0,0.0,13,12.0,11.736724521363405,16.051472273460462,True,12.007325808378663,15.969306262696842,True,ridge,11.334192044890742,2.095279945138884,9.238912099751857,15.761087900248143,14.0
,2769627690,12,5.5425101214574894,25.0,14.570031498805436,,,True,,,5.5425101214574894,11.0,2.84375,4.0,2.5789473684210527,3.230769230769231,0.0,1.0,2.0,3.0,0.0,3.0,3.0,8.0,2.0,2.0,25.0,0.0,0.0,0.0,15.0,189.0,15.0,10.429968501194564,5,25.0,n5_cost_12_challenge,cost_12_upper_tail,19.45748987854251,10.0,0.0,13,12.0,11.88411135857548,15.998707847045983,True,11.951180352909269,15.967043458514675,True,ridge,10.960378144588898,2.095279945138884,8.865098199450014,16.134901800549986,15.0
,241043582,12,3.768627450980392,25.0,14.574390559580872,,,True,,,3.768627450980392,12.0,2.78125,4.0,2.5294117647058822,3.066666666666667,0.0,1.0,3.0,3.0,6.0,6.0,5.0,6.0,4.0,4.0,25.0,0.0,0.0,0.0,15.0,189.0,15.0,10.425609440419128,5,25.0,n5_cost_12_challenge,cost_12_upper_tail,21.231372549019607,10.0,0.0,13,12.0,11.890569508061718,16.041466298974075,True,11.810768058793002,15.994842922022526,True,ridge,10.958795595718613,2.095279945138884,8.863515650579728,16.13648434942027,15.0
,3439933187,12,4.587301587301587,25.0,14.595364783558791,,,True,,,4.587301587301587,12.0,2.78125,4.0,2.555555555555556,3.071428571428572,1.0,1.0,2.0,1.0,4.0,1.0,3.0,3.0,1.0,1.0,25.0,0.0,0.0,0.0,18.0,189.0,18.0,10.404635216441209,5,25.0,n5_cost_12_challenge,cost_12_upper_tail,20.41269841269841,7.0,0.0,13,12.0,11.900716207195774,16.02899586570014,True,12.170348746582452,15.991020640299707,True,ridge,8.769630859562138,2.095279945138884,6.674350914423254,18.325649085576746,18.0
,2947583994,12,4.266666666666667,24.0,13.61101941922928,,,True,,,4.266666666666667,12.0,2.8125,4.0,3.1666666666666665,2.6,0.0,0.0,3.0,2.0,3.0,2.0,4.0,5.0,3.0,2.0,24.0,0.0,0.0,0.0,14.0,189.0,14.0,10.38898058077072,5,24.0,n5_cost_12_challenge,cost_12_upper_tail,19.733333333333334,10.0,0.0,13,11.0,10.87063250419095,15.03747778989968,True,11.015993746923172,14.968133539625809,True,ridge,10.997632634201535,2.095279945138884,8.902352689062651,15.097647310937349,14.0
,4091982574,12,4.16017316017316,25.0,14.635012575754002,,,True,,,4.16017316017316,13.0,2.71875,4.0,3.272727272727273,2.4285714285714284,0.0,0.0,2.0,3.0,4.0,5.0,6.0,6.0,3.0,2.0,25.0,0.0,0.0,0.0,14.0,189.0,14.0,10.364987424245998,5,25.0,n5_cost_12_challenge,cost_12_upper_tail,20.83982683982684,11.0,0.0,13,12.0,12.011264921930984,16.05464327926543,True,12.013653965187258,16.017726854492146,True,ridge,12.285382300682143,2.095279945138884,10.190102355543258,14.809897644456742,14.0
,301662226,12,3.155844155844156,25.0,14.680619081456424,,,True,,,3.155844155844156,12.0,2.5,4.0,2.142857142857143,3.1818181818181817,0.0,1.0,3.0,2.0,7.0,6.0,3.0,6.0,3.0,5.0,25.0,0.0,0.0,0.0,17.0,189.0,17.0,10.319380918543576,5,25.0,n5_cost_12_challenge,cost_12_upper_tail,21.844155844155843,8.0,0.0,13,12.0,11.708162915134816,16.105693075058753,True,11.896330185683889,16.028559081744536,True,ridge,10.065725304223305,2.095279945138884,7.970445359084421,17.029554640915578,17.0
,2877403075,12,4.270588235294118,24.0,13.717631346799228,,,True,,,4.270588235294118,13.0,2.8125,4.0,3.066666666666667,2.588235294117647,1.0,0.0,2.0,2.0,2.0,3.0,6.0,5.0,2.0,4.0,24.0,0.0,0.0,0.0,16.0,189.0,16.0,10.282368653200772,5,24.0,n5_cost_12_challenge,cost_12_upper_tail,19.729411764705883,8.0,0.0,13,11.0,10.952209547060171,15.162150716757427,True,11.08852066710214,15.09159205798024,True,ridge,9.581813741030793,2.095279945138884,7.4865337958919085,16.51346620410809,16.0
,3035555052,12,3.890688259109312,23.0,12.738712852214457,,,True,,,3.890688259109312,13.0,2.65625,5.0,3.1538461538461537,2.3157894736842106,0.0,0.0,1.0,4.0,2.0,7.0,6.0,5.0,4.0,2.0,23.0,0.0,0.0,0.0,17.0,189.0,17.0,10.261287147785543,5,23.0,n5_cost_12_challenge,cost_12_upper_tail,19.10931174089069,6.0,0.0,13,10.0,10.14366555254113,14.132404465363033,True,10.088031166369774,14.112074083979676,True,ridge,8.35410664477103,2.095279945138884,6.258826699632145,16.741173300367855,16.741173300367855
,3120721952,12,3.5636363636363635,24.0,13.749247318757616,,,True,,,3.5636363636363635,12.0,2.5,4.0,2.136363636363636,3.3,0.0,1.0,0.0,4.0,3.0,4.0,3.0,4.0,3.0,1.0,24.0,0.0,0.0,0.0,16.0,189.0,16.0,10.250752681242384,5,24.0,n5_cost_12_challenge,cost_12_upper_tail,20.436363636363637,8.0,0.0,13,11.0,10.988720793691842,15.147826167363808,True,11.266979203896812,15.123984664091855,True,ridge,10.264588479490172,2.095279945138884,8.169308534351288,15.830691465648712,15.830691465648712
,3140656922,12,4.063492063492063,26.0,15.753570626776767,,,True,,,4.063492063492063,13.0,3.0625,4.0,3.142857142857143,3.0,0.0,0.0,3.0,2.0,3.0,4.0,5.0,6.0,2.0,2.0,26.0,0.0,0.0,0.0,17.0,189.0,17.0,10.246429373223233,5,26.0,n5_cost_12_challenge,cost_12_upper_tail,21.936507936507937,9.0,0.0,13,13.0,12.928996538888727,17.176093591944998,True,13.0737813168892,17.118312582398314,False,ridge,10.541723117554355,2.095279945138884,8.44644317241547,17.55355682758453,17.0
,4200382076,12,4.714285714285714,25.0,14.790257733767394,,,True,,,4.714285714285714,13.0,2.9375,5.0,3.5454545454545454,2.619047619047619,0.0,0.0,2.0,4.0,2.0,5.0,6.0,8.0,5.0,3.0,25.0,0.0,0.0,0.0,17.0,189.0,17.0,10.209742266232606,5,25.0,n5_cost_12_challenge,cost_12_upper_tail,20.285714285714285,8.0,0.0,13,12.0,12.09586026811085,16.227232056938842,True,12.083637643956308,16.202293187749156,True,ridge,9.794634317305116,2.095279945138884,7.699354372166232,17.300645627833767,17.0
,255483808,12,5.0625,24.0,13.79735577742866,,,True,,,5.0625,11.0,2.875,4.0,3.0,2.75,0.0,0.0,1.0,2.0,3.0,7.0,2.0,3.0,2.0,0.0,24.0,0.0,0.0,0.0,15.0,189.0,15.0,10.20264422257134,5,24.0,n5_cost_12_challenge,cost_12_upper_tail,18.9375,9.0,0.0,13,11.0,10.995544068613494,15.222144487027675,True,11.258724993140362,15.165342633394438,True,ridge,9.645255050951667,2.095279945138884,7.549975105812782,16.450024894187216,15.0
,3235217443,12,4.16017316017316,24.0,13.805013805737415,,,True,,,4.16017316017316,13.0,2.75,4.0,2.4285714285714284,3.363636363636364,1.0,1.0,3.0,3.0,7.0,2.0,8.0,6.0,2.0,2.0,24.0,0.0,0.0,0.0,17.0,189.0,17.0,10.194986194262585,5,24.0,n5_cost_12_challenge,cost_12_upper_tail,19.83982683982684,7.0,0.0,13,11.0,10.99133956465306,15.232384214972852,True,11.126377839898868,15.198853721237509,True,ridge,8.937325473468615,2.095279945138884,6.842045528329731,17.15795447167027,17.0
,3231707583,12,4.266666666666667,24.0,13.822305180376798,,,True,,,4.266666666666667,12.0,2.84375,4.0,3.25,2.6,1.0,0.0,0.0,1.0,4.0,3.0,6.0,5.0,2.0,2.0,24.0,0.0,0.0,0.0,16.0,189.0,16.0,10.177694819623202,5,24.0,n5_cost_12_challenge,cost_12_upper_tail,19.733333333333334,8.0,0.0,13,11.0,11.000781823658286,15.253433553022848,True,11.176055262166289,15.19761662659231,True,ridge,9.573922718226674,2.095279945138884,7.47864277308779,16.521357226912208,16.0
,4067881548,12,4.587301587301587,24.0,13.83316207938072,,,True,,,4.587301587301587,12.0,2.875,4.0,3.2142857142857144,2.611111111111111,0.0,0.0,1.0,3.0,5.0,5.0,7.0,4.0,2.0,0.0,24.0,0.0,0.0,0.0,14.0,189.0,14.0,10.16683792061928,5,24.0,n5_cost_12_challenge,cost_12_upper_tail,19.41269841269841,10.0,0.0,13,11.0,11.134199893920089,15.260982261618144,True,11.286349445139598,15.2230208019582,True,ridge,10.77057030372255,2.095279945138884,8.675290358583666,15.324709641416334,14.0
,4283888718,12,4.714285714285714,24.0,13.8422283087316,,,True,,,4.714285714285714,13.0,2.78125,4.0,3.636363636363636,2.333333333333333,0.0,0.0,2.0,4.0,6.0,7.0,6.0,7.0,3.0,2.0,24.0,0.0,0.0,0.0,17.0,189.0,17.0,10.1577716912684,5,24.0,n5_cost_12_challenge,cost_12_upper_tail,19.285714285714285,7.0,0.0,13,11.0,11.213905549494822,15.251207011267796,True,11.10272597760212,15.234556985508505,True,ridge,9.188187169428003,2.095279945138884,7.092907224289119,16.90709277571088,16.90709277571088
,3174898965,12,3.571428571428572,23.0,12.866112082448922,,,True,,,3.571428571428572,11.0,2.65625,4.0,3.0,2.388888888888889,1.0,0.0,1.0,2.0,1.0,1.0,4.0,3.0,2.0,2.0,23.0,0.0,0.0,0.0,15.0,189.0,15.0,10.133887917551078,5,23.0,n5_cost_12_challenge,cost_12_upper_tail,19.428571428571427,8.0,0.0,13,10.0,10.11790511841276,14.26925483321892,True,10.361087656455016,14.215571276469374,True,ridge,9.341803288999307,2.095279945138884,7.246523343860423,15.753476656139577,15.0
,50275564,12,3.515625,24.0,13.883774963914982,,,True,,,3.515625,12.0,2.71875,4.0,3.0,2.4375,0.0,0.0,2.0,3.0,3.0,7.0,5.0,4.0,4.0,1.0,24.0,0.0,0.0,0.0,17.0,189.0,17.0,10.116225036085018,5,24.0,n5_cost_12_challenge,cost_12_upper_tail,20.484375,7.0,0.0,13,11.0,11.347119804721345,15.255181351380106,True,11.309962868980652,15.208051657426754,True,ridge,9.102264355621186,2.095279945138884,7.006984410482302,16.993015589517697,16.993015589517697
,2860522042,12,4.266666666666667,25.0,14.914410397927108,,,True,,,4.266666666666667,11.0,2.71875,4.0,2.35,3.333333333333333,0.0,1.0,2.0,2.0,4.0,3.0,4.0,4.0,3.0,2.0,25.0,0.0,0.0,0.0,14.0,189.0,14.0,10.085589602072892,5,25.0,n5_cost_12_challenge,cost_12_upper_tail,20.733333333333334,11.0,0.0,13,12.0,12.007855681259596,16.350251214925155,True,12.30206561724922,16.288924325212047,True,ridge,11.598581238665167,2.095279945138884,9.503301293526283,15.496698706473717,14.0
,3221684327,12,4.090909090909091,23.0,12.92802919145088,,,True,,,4.090909090909091,12.0,2.6875,4.0,2.363636363636364,3.4,1.0,1.0,2.0,0.0,4.0,1.0,6.0,5.0,2.0,1.0,23.0,0.0,0.0,0.0,14.0,189.0,14.0,10.07197080854912,5,23.0,n5_cost_12_challenge,cost_12_upper_tail,18.90909090909091,9.0,0.0,13,10.0,10.01198136593784,14.346480385810173,True,10.250744155008096,14.30568033681515,True,ridge,10.25726727523074,2.095279945138884,8.161987330091856,14.838012669908144,14.0
,483924730,12,4.515625,26.0,15.93308299741769,,,True,,,4.515625,12.0,3.03125,4.0,3.0,3.0625,0.0,0.0,2.0,3.0,2.0,6.0,4.0,3.0,4.0,2.0,26.0,0.0,0.0,0.0,16.0,189.0,16.0,10.06691700258231,5,26.0,n5_cost_12_challenge,cost_12_upper_tail,21.484375,10.0,0.0,13,13.0,13.300925277483998,17.33258100365045,False,13.355501197493558,17.30852023849542,False,ridge,10.72925605861542,2.095279945138884,8.633976113476535,17.366023886523465,16.0
,1600843434,12,4.266666666666667,24.0,13.937900262789846,,,True,,,4.266666666666667,12.0,2.75,4.0,3.25,2.45,0.0,0.0,1.0,3.0,2.0,7.0,4.0,0.0,3.0,2.0,24.0,0.0,0.0,0.0,14.0,189.0,14.0,10.062099737210154,5,24.0,n5_cost_12_challenge,cost_12_upper_tail,19.733333333333334,10.0,0.0,13,11.0,11.283694784840574,15.343584445047254,True,11.423146450547414,15.312984828187686,True,ridge,10.587134979987248,2.095279945138884,8.491855034848363,15.508144965151637,14.0
,33426154,12,3.768627450980392,25.0,14.94785081442333,,,True,,,3.768627450980392,13.0,2.59375,5.0,2.588235294117647,2.6,0.0,1.0,1.0,3.0,4.0,8.0,5.0,6.0,4.0,1.0,25.0,0.0,0.0,0.0,16.0,189.0,16.0,10.05214918557667,5,25.0,n5_cost_12_challenge,cost_12_upper_tail,21.231372549019607,9.0,0.0,13,12.0,12.223099618042744,16.37400074862041,True,12.254060529403464,16.333074911438043,True,ridge,10.84924225309276,2.095279945138884,8.753962307953875,16.246037692046123,16.0
,231854591,12,4.959514170040486,24.0,13.97923742760928,,,True,,,4.959514170040486,13.0,2.9375,4.0,3.3076923076923075,2.6842105263157894,1.0,0.0,0.0,2.0,4.0,4.0,6.0,6.0,3.0,4.0,24.0,0.0,0.0,0.0,18.0,189.0,18.0,10.02076257239072,5,24.0,n5_cost_12_challenge,cost_12_upper_tail,19.040485829959515,6.0,0.0,13,11.0,11.146958899543613,15.447906496960488,True,11.348409771035794,15.387468402959122,True,ridge,8.21412357762744,2.095279945138884,6.118843632488556,17.881156367511444,17.881156367511444
,2375008050,12,4.4089068825910935,25.0,15.030797101309505,,,True,,,4.4089068825910935,13.0,3.0625,4.0,3.1538461538461537,3.0,0.0,0.0,4.0,2.0,7.0,6.0,7.0,7.0,1.0,5.0,25.0,0.0,0.0,0.0,17.0,189.0,17.0,9.969202898690495,5,25.0,n5_cost_12_challenge,cost_12_upper_tail,20.591093117408906,8.0,0.0,13,12.0,12.17255108682109,16.486427269901135,True,12.221275326539716,16.463583885309113,True,ridge,9.21194803424468,2.095279945138884,7.116668089105795,17.883331910894206,17.0
,4010026820,12,3.571428571428572,24.0,14.04097764293926,,,True,,,3.571428571428572,12.0,2.6875,4.0,2.388888888888889,3.071428571428572,0.0,1.0,2.0,3.0,3.0,3.0,2.0,5.0,2.0,2.0,24.0,0.0,0.0,0.0,14.0,189.0,14.0,9.95902235706074,5,24.0,n5_cost_12_challenge,cost_12_upper_tail,20.428571428571427,10.0,0.0,13,11.0,11.288930134881412,15.464032009158164,True,11.423297523134174,15.426876215124429,True,ridge,11.143895592977916,2.095279945138884,9.048615647839032,14.951384352160968,14.0
,3758289183,12,4.587301587301587,24.0,14.085286856140796,,,True,,,4.587301587301587,11.0,3.03125,4.0,3.0,3.071428571428572,1.0,1.0,1.0,2.0,5.0,0.0,5.0,4.0,1.0,2.0,24.0,0.0,0.0,0.0,18.0,189.0,18.0,9.914713143859204,5,24.0,n5_cost_12_challenge,cost_12_upper_tail,19.41269841269841,6.0,0.0,13,11.0,11.269576897378167,15.516202897246789,True,11.514214674382892,15.48354108843536,True,ridge,7.3863082107529365,2.095279945138884,5.291028265614052,18.708971734385948,18.0
,475983598,12,4.266666666666667,24.0,14.095590001726134,,,True,,,4.266666666666667,11.0,2.625,4.0,3.1666666666666665,2.3,0.0,0.0,2.0,2.0,2.0,7.0,2.0,4.0,4.0,1.0,24.0,0.0,0.0,0.0,15.0,189.0,15.0,9.904409998273866,5,24.0,n5_cost_12_challenge,cost_12_upper_tail,19.733333333333334,9.0,0.0,13,11.0,11.457056703430792,15.481714050612704,True,11.60462246528483,15.455785484039842,True,ridge,10.291894936338695,2.095279945138884,8.19661499119981,15.80338500880019,15.0
,3960341708,12,3.890688259109312,23.0,13.113402036439066,,,True,,,3.890688259109312,13.0,2.6875,4.0,2.3684210526315788,3.1538461538461537,0.0,1.0,1.0,3.0,1.0,6.0,6.0,5.0,3.0,2.0,23.0,0.0,0.0,0.0,16.0,189.0,16.0,9.886597963560934,5,23.0,n5_cost_12_challenge,cost_12_upper_tail,19.10931174089069,7.0,0.0,13,10.0,10.240757626068952,14.513194578975464,True,10.31041168286114,14.484157588004582,True,ridge,9.322310895316997,2.095279945138884,7.227030950178113,15.772969049821887,15.772969049821887
,3620389058,12,4.270588235294118,24.0,14.13963643527731,,,True,,,4.270588235294118,13.0,2.90625,4.0,3.0588235294117645,2.7333333333333334,0.0,1.0,1.0,5.0,5.0,7.0,4.0,4.0,5.0,2.0,24.0,0.0,0.0,0.0,17.0,189.0,17.0,9.86036356472269,5,24.0,n5_cost_12_challenge,cost_12_upper_tail,19.729411764705883,7.0,0.0,13,11.0,11.465055802011896,15.578690306920404,True,11.56672848971976,15.529155118050612,True,ridge,8.851326900223215,2.095279945138884,6.756046955084331,17.24395304491567,17.0
,4293387682,12,4.090909090909091,25.0,15.140749450601673,,,True,,,4.090909090909091,13.0,2.75,4.0,3.6,2.363636363636364,0.0,0.0,3.0,4.0,5.0,4.0,5.0,2.0,2.0,4.0,25.0,0.0,0.0,0.0,16.0,189.0,16.0,9.859250549398327,5,25.0,n5_cost_12_challenge,cost_12_upper_tail,20.90909090909091,9.0,0.0,13,12.0,12.607035383777788,16.628982924387525,True,12.636189682636772,16.565542540069213,True,ridge,10.268762479473082,2.095279945138884,8.173482534334198,16.826517465665802,16.0
,4220035020,12,3.890688259109312,23.0,13.168375630558163,,,True,,,3.890688259109312,12.0,2.625,5.0,2.6923076923076925,2.5789473684210527,0.0,0.0,2.0,3.0,2.0,5.0,3.0,7.0,2.0,3.0,23.0,0.0,0.0,0.0,16.0,189.0,16.0,9.831624369441837,5,23.0,n5_cost_12_challenge,cost_12_upper_tail,19.10931174089069,7.0,0.0,13,10.0,10.477815842380316,14.613232990562524,True,10.510223949144336,14.585697200076122,True,ridge,8.79547972332624,2.095279945138884,6.700199778187356,16.299800221812646,16.0
,2290299767,12,4.803921568627451,24.0,14.188422577865882,,,True,,,4.803921568627451,11.0,2.875,4.0,3.0588235294117645,2.6666666666666665,1.0,1.0,0.0,1.0,5.0,1.0,4.0,7.0,3.0,4.0,24.0,0.0,0.0,0.0,15.0,189.0,15.0,9.811577422134118,5,24.0,n5_cost_12_challenge,cost_12_upper_tail,19.19607843137255,9.0,0.0,13,11.0,11.336822368777598,15.654136903192196,True,11.504083984405137,15.567565839836604,True,ridge,9.984622123985057,2.095279945138884,7.889342178846173,16.11065782115383,15.0
,100564940,12,4.816666666666666,25.0,15.206328420456884,,,True,,,4.816666666666666,12.0,2.8125,4.0,3.1666666666666665,2.6,0.0,0.0,2.0,1.0,3.0,7.0,3.0,3.0,4.0,1.0,25.0,0.0,0.0,0.0,14.0,189.0,14.0,9.793671579543116,5,25.0,n5_cost_12_challenge,cost_12_upper_tail,20.183333333333334,11.0,0.0,13,12.0,12.47485528134928,16.629992375069158,True,12.675178841436477,16.571046028500337,True,ridge,11.606392549412341,2.095279945138884,9.511112604273457,15.488887395726543,14.0
,150879982,12,3.890688259109312,23.0,13.206790000727306,,,True,,,3.890688259109312,13.0,2.6875,4.0,3.076923076923077,2.421052631578948,0.0,0.0,2.0,2.0,3.0,8.0,5.0,6.0,4.0,2.0,23.0,0.0,0.0,0.0,16.0,189.0,16.0,9.793209999272694,5,23.0,n5_cost_12_challenge,cost_12_upper_tail,19.10931174089069,7.0,0.0,13,10.0,10.48266251889822,14.625328772762876,True,10.495524946737966,14.569635694245976,True,ridge,9.323167493390617,2.095279945138884,7.227887548251733,15.772112451748267,15.772112451748267
,4040291711,12,3.6406926406926408,22.0,12.21108090906782,,,True,,,3.6406926406926408,12.0,2.59375,5.0,3.272727272727273,2.238095238095238,1.0,0.0,0.0,1.0,4.0,0.0,6.0,4.0,6.0,3.0,22.0,0.0,0.0,0.0,17.0,189.0,17.0,9.78891909093218,5,22.0,n5_cost_12_challenge,cost_12_upper_tail,18.35930735930736,5.0,0.0,13,9.0,9.492266331959703,13.702884777256,True,9.714076877936328,13.589839123010794,True,ridge,7.587722741409573,2.095279945138884,5.492442796270689,16.507557203729313,16.507557203729313
,16519848,12,4.16017316017316,23.0,13.235222491977517,,,True,,,4.16017316017316,13.0,2.75,5.0,2.4285714285714284,3.363636363636364,0.0,1.0,0.0,4.0,6.0,7.0,8.0,5.0,4.0,1.0,23.0,0.0,0.0,0.0,14.0,189.0,14.0,9.764777508022483,5,23.0,n5_cost_12_challenge,cost_12_upper_tail,18.83982683982684,9.0,0.0,13,10.0,10.432458184216998,14.652344269508024,True,10.46339889160868,14.622050744960749,True,ridge,10.107419674567423,2.095279945138884,8.012139729428538,14.987860270571462,14.0
,3723746866,12,4.714285714285714,26.0,16.245338566043664,,,True,,,4.714285714285714,11.0,2.9375,4.0,3.4545454545454546,2.6666666666666665,0.0,0.0,3.0,3.0,7.0,5.0,5.0,5.0,6.0,2.0,26.0,0.0,0.0,0.0,14.0,189.0,14.0,9.754661433956336,5,26.0,n5_cost_12_challenge,cost_12_upper_tail,21.285714285714285,12.0,0.0,13,13.0,13.6107665212501,17.679890206488913,False,13.62549479257855,17.63447976799942,False,ridge,12.054425320343805,2.095279945138884,9.95914537520492,16.04085462479508,14.0
,3381643274,12,4.063492063492063,25.0,15.24799051791558,,,True,,,4.063492063492063,12.0,2.8125,4.0,2.611111111111111,3.071428571428572,0.0,1.0,2.0,3.0,4.0,5.0,5.0,5.0,4.0,2.0,25.0,0.0,0.0,0.0,15.0,189.0,15.0,9.75200948208442,5,25.0,n5_cost_12_challenge,cost_12_upper_tail,20.936507936507937,10.0,0.0,13,12.0,12.619066258539355,16.687762654507367,True,12.6211466386028,16.633903154902608,True,ridge,11.099343622390869,2.095279945138884,9.004063677251985,15.995936322748015,15.0
,1954298104,12,4.270588235294118,24.0,14.251402041403889,,,True,,,4.270588235294118,10.0,2.75,4.0,2.8,2.7058823529411766,0.0,0.0,1.0,3.0,2.0,8.0,4.0,4.0,3.0,2.0,24.0,0.0,0.0,0.0,15.0,189.0,15.0,9.748597958596111,5,24.0,n5_cost_12_challenge,cost_12_upper_tail,19.729411764705883,9.0,0.0,13,11.0,11.561322069543774,15.658677296328737,True,11.682520301764022,15.624880864871283,True,ridge,9.691550743247161,2.095279945138884,7.596270798108277,16.40372920189172,15.0
,3365601288,12,3.5217391304347827,24.0,14.265524835348565,,,True,,,3.5217391304347827,13.0,2.5625,4.0,2.1739130434782608,3.555555555555556,0.0,1.0,1.0,3.0,3.0,3.0,4.0,7.0,5.0,4.0,24.0,0.0,0.0,0.0,15.0,189.0,15.0,9.734475164651435,5,24.0,n5_cost_12_challenge,cost_12_upper_tail,20.47826086956522,9.0,0.0,13,11.0,11.344879483319977,15.746288617900325,True,11.514371148662065,15.653065415258771,True,ridge,11.347928760420787,2.095279945138884,9.252648815281903,14.747351184718097,14.747351184718097
,3249529615,12,5.142857142857143,23.0,13.277841825329354,,,True,,,5.142857142857143,10.0,2.84375,4.0,3.142857142857143,2.611111111111111,1.0,0.0,1.0,1.0,1.0,2.0,3.0,4.0,3.0,2.0,23.0,0.0,0.0,0.0,16.0,189.0,16.0,9.722158174670646,5,23.0,n5_cost_12_challenge,cost_12_upper_tail,17.857142857142858,7.0,0.0,13,10.0,10.506588327408338,14.685711602113734,True,10.846416532249073,14.629491853852418,True,ridge,8.050518741712915,2.095279945138884,5.955238796574031,17.04476120342597,16.0
,3552792706,12,4.959514170040486,23.0,13.279219417630731,,,True,,,4.959514170040486,13.0,2.8125,4.0,2.5789473684210527,3.1538461538461537,0.0,1.0,2.0,3.0,7.0,6.0,4.0,6.0,4.0,3.0,23.0,0.0,0.0,0.0,17.0,189.0,17.0,9.720780582369269,5,23.0,n5_cost_12_challenge,cost_12_upper_tail,18.040485829959515,6.0,0.0,13,10.0,10.62451623022811,14.75435812418664,True,10.581460889272,14.70040083490551,True,ridge,8.092377097763704,2.095279945138884,5.99709715262482,17.002902847375182,17.0
,4242560098,12,4.270588235294118,24.0,14.296233529628903,,,True,,,4.270588235294118,13.0,3.0625,4.0,3.0,3.1333333333333333,0.0,1.0,1.0,4.0,6.0,5.0,5.0,4.0,1.0,4.0,24.0,0.0,0.0,0.0,16.0,189.0,16.0,9.703766470371097,5,24.0,n5_cost_12_challenge,cost_12_upper_tail,19.729411764705883,8.0,0.0,13,11.0,11.614725944985317,15.768258456492674,True,11.72157837922186,15.74283895865273,True,ridge,9.02708833600656,2.095279945138884,6.931808390867676,17.068191609132324,16.0
,3098654739,12,4.270588235294118,23.0,13.328700203859444,,,True,,,4.270588235294118,11.0,2.84375,4.0,2.647058823529412,3.066666666666667,1.0,1.0,2.0,4.0,4.0,2.0,6.0,4.0,4.0,5.0,23.0,0.0,0.0,0.0,15.0,189.0,15.0,9.671299796140556,5,23.0,n5_cost_12_challenge,cost_12_upper_tail,18.729411764705883,8.0,0.0,13,10.0,10.747883448966247,14.82757804958206,True,10.828782848856742,14.722480210291364,True,ridge,8.607726245186253,2.095279945138884,6.512446300047369,16.48755369995263,15.0
,4243834175,12,5.890909090909091,24.0,14.33375584942802,,,True,,,5.890909090909091,12.0,2.875,4.0,4.0,2.363636363636364,1.0,0.0,0.0,2.0,5.0,1.0,2.0,2.0,1.0,2.0,24.0,0.0,0.0,0.0,18.0,189.0,18.0,9.66624415057198,5,24.0,n5_cost_12_challenge,cost_12_upper_tail,18.10909090909091,6.0,0.0,13,11.0,11.62922788660616,15.772618836799785,True,11.922516986066311,15.737156954163863,True,ridge,7.682050106979837,2.095279945138884,5.586770161840953,18.413229838159047,18.0
,36887824,12,4.16017316017316,24.0,14.340975729427164,,,True,,,4.16017316017316,11.0,2.78125,4.0,2.4285714285714284,3.4545454545454546,0.0,1.0,2.0,2.0,6.0,7.0,6.0,6.0,4.0,4.0,24.0,0.0,0.0,0.0,16.0,189.0,16.0,9.659024270572836,5,24.0,n5_cost_12_challenge,cost_12_upper_tail,19.83982683982684,8.0,0.0,13,11.0,11.373563011375971,15.806073400833125,True,11.510925552743268,15.745750686093531,True,ridge,9.253347773599458,2.095279945138884,7.158067828460574,16.841932171539426,16.0
,389431082,12,4.270588235294118,24.0,14.3556894130545,,,True,,,4.270588235294118,14.0,2.875,4.0,2.6,3.117647058823529,0.0,0.0,2.0,2.0,3.0,9.0,5.0,8.0,4.0,1.0,24.0,0.0,0.0,0.0,17.0,189.0,17.0,9.6443105869455,5,24.0,n5_cost_12_challenge,cost_12_upper_tail,19.729411764705883,7.0,0.0,13,11.0,11.50415803760503,15.767814579055026,True,11.547650933503162,15.72201395477688,True,ridge,9.56183788687627,2.095279945138884,7.466557941737387,16.533442058262615,16.533442058262615
,4037151246,12,4.266666666666667,24.0,14.367368977569589,,,True,,,4.266666666666667,11.0,2.8125,4.0,2.6,3.1666666666666665,0.0,1.0,2.0,2.0,5.0,4.0,8.0,6.0,2.0,2.0,24.0,0.0,0.0,0.0,14.0,189.0,14.0,9.632631022430411,5,24.0,n5_cost_12_challenge,cost_12_upper_tail,19.733333333333334,10.0,0.0,13,11.0,11.548589203146696,15.797807558524305,True,11.683816291651569,15.741242505128056,True,ridge,10.695010529133384,2.095279945138884,8.5997305839945,15.4002694160055,14.0
,2362278020,12,3.155844155844156,25.0,15.376308846777045,,,True,,,3.155844155844156,13.0,2.59375,4.0,2.2857142857142856,3.1818181818181817,0.0,1.0,2.0,3.0,7.0,4.0,5.0,5.0,5.0,4.0,25.0,0.0,0.0,0.0,15.0,189.0,15.0,9.623691153222955,5,25.0,n5_cost_12_challenge,cost_12_upper_tail,21.844155844155843,10.0,0.0,13,12.0,12.56861177773848,16.846992904770577,True,12.68626746138401,16.75724501646238,True,ridge,11.731600580955458,2.095279945138884,9.636320635816574,15.363679364183426,15.0
,3390229226,12,4.270588235294118,22.0,12.414278605916971,,,True,,,4.270588235294118,13.0,2.84375,5.0,2.588235294117647,3.1333333333333333,0.0,1.0,1.0,4.0,2.0,6.0,4.0,7.0,4.0,2.0,22.0,0.0,0.0,0.0,16.0,189.0,16.0,9.585721394083029,5,22.0,n5_cost_12_challenge,cost_12_upper_tail,17.729411764705883,6.0,0.0,13,9.0,9.67745727259852,13.808207316795963,True,9.628111902990124,13.79140598390156,True,ridge,7.941224515472108,2.095279945138884,5.845944570333224,16.154055429666776,16.0
,4009332125,12,5.303030303030303,24.0,14.419822770548008,,,True,,,5.303030303030303,14.0,3.0,5.0,3.727272727272727,2.619047619047619,1.0,0.0,1.0,3.0,5.0,3.0,6.0,5.0,4.0,5.0,24.0,0.0,0.0,0.0,16.0,189.0,16.0,9.580177229451992,5,24.0,n5_cost_12_challenge,cost_12_upper_tail,18.696969696969695,8.0,0.0,13,11.0,11.72878121346833,15.91289081911216,True,11.848632006562005,15.820817802472986,True,ridge,9.095856808855856,2.095279945138884,7.000576863716972,16.999423136283028,16.0
,284164238,12,3.5217391304347827,22.0,12.427796358027305,,,True,,,3.5217391304347827,12.0,2.5625,4.0,2.1739130434782608,3.555555555555556,0.0,1.0,2.0,4.0,8.0,7.0,8.0,5.0,2.0,5.0,22.0,0.0,0.0,0.0,15.0,189.0,15.0,9.572203641972695,5,22.0,n5_cost_12_challenge,cost_12_upper_tail,18.47826086956522,7.0,0.0,13,9.0,9.56833825266576,13.870638835186904,True,9.610682651996497,13.83300098796768,True,ridge,8.499144550103061,2.095279945138884,6.403864604964177,15.596135395035823,15.0
,1415999078,12,5.0625,24.0,14.442282944608817,,,True,,,5.0625,11.0,2.8125,4.0,3.0,2.625,0.0,0.0,2.0,1.0,0.0,6.0,3.0,3.0,3.0,1.0,24.0,0.0,0.0,0.0,14.0,189.0,14.0,9.557717055391183,5,24.0,n5_cost_12_challenge,cost_12_upper_tail,18.9375,10.0,0.0,13,11.0,11.724875620184388,15.845654820145857,True,11.917751963190934,15.797690715438488,True,ridge,10.531598047838472,2.095279945138884,8.436318102699587,15.563681897300413,14.0
,3231696063,12,4.063492063492063,23.0,13.452682519713568,,,True,,,4.063492063492063,11.0,2.625,4.0,2.642857142857143,2.611111111111111,1.0,0.0,1.0,1.0,2.0,1.0,5.0,6.0,4.0,1.0,23.0,0.0,0.0,0.0,15.0,189.0,15.0,9.547317480286432,5,23.0,n5_cost_12_challenge,cost_12_upper_tail,18.936507936507937,8.0,0.0,13,10.0,10.634782115142482,14.85800431515364,True,10.839290383966464,14.81284440118475,True,ridge,9.777208840090786,2.095279945138884,7.681928894951902,15.318071105048098,15.0
,4121884580,12,4.16017316017316,19.0,11.630062835339809,,,True,,,4.16017316017316,10.0,2.65625,4.0,3.4545454545454546,2.238095238095238,0.0,0.0,2.0,5.0,5.0,6.0,4.0,6.0,2.0,3.0,19.0,0.0,0.0,0.0,14.0,189.0,14.0,7.369937164660193,5,19.0,n5_cost_12_challenge,cost_12_random_reference,14.83982683982684,5.0,0.0,13,6.0,9.065589386082852,13.087371699236629,True,8.962213512282123,13.055416972006372,True,ridge,6.186649228322423,2.095279945138884,4.091369283183539,14.908630716816461,14.0
,1415063592,12,5.254545454545455,24.0,14.678096002584809,,,True,,,5.254545454545455,12.0,2.75,4.0,2.363636363636364,3.6,0.0,1.0,0.0,3.0,3.0,4.0,1.0,2.0,2.0,2.0,24.0,0.0,0.0,0.0,15.0,189.0,15.0,9.321903997415191,5,24.0,n5_cost_12_challenge,cost_12_random_reference,18.745454545454546,9.0,0.0,13,11.0,11.858812405039508,16.120322068367955,True,12.154991643287277,16.06553491000652,True,ridge,10.022624878294232,2.095279945138884,7.927344933155348,16.072655066844654,15.0
,4284284173,12,3.0727272727272728,17.0,12.017506554021224,,,True,,,3.0727272727272728,9.0,2.46875,4.0,3.2,2.136363636363636,1.0,0.0,3.0,3.0,6.0,2.0,4.0,3.0,3.0,0.0,17.0,0.0,0.0,0.0,13.0,189.0,13.0,4.982493445978776,5,17.0,n5_cost_12_challenge,cost_12_random_reference,13.927272727272728,4.0,0.0,13,4.0,9.523954788520776,13.226313211708222,True,9.589228055149096,13.26590897008922,True,ridge,5.127662977299361,2.095279945138884,3.032383032160477,13.967616967839522,13.0
,85057467,12,3.2980392156862743,16.0,10.847785514059648,,,True,,,3.2980392156862743,10.0,2.78125,4.0,2.533333333333333,3.0,1.0,0.0,1.0,1.0,3.0,6.0,3.0,5.0,2.0,3.0,16.0,0.0,0.0,0.0,16.0,189.0,16.0,5.152214485940352,5,16.0,n5_cost_12_challenge,cost_12_random_reference,12.701960784313727,0.0,0.0,13,3.0,8.06706194357156,12.266853213997436,False,8.157988326522815,12.212285276581625,False,ridge,2.1085318109169613,2.095279945138884,0.013251865778077132,15.986748134221923,15.986748134221923
,1082179498,12,3.404858299595141,20.0,12.538196662834494,,,True,,,3.404858299595141,11.0,2.34375,5.0,2.1578947368421053,2.6153846153846154,0.0,1.0,2.0,4.0,3.0,5.0,2.0,5.0,3.0,4.0,20.0,0.0,0.0,0.0,15.0,189.0,15.0,7.461803337165506,5,20.0,n5_cost_12_challenge,cost_12_random_reference,16.59514170040486,5.0,0.0,13,7.0,9.778095573267604,13.946209055766012,True,9.869736482209944,13.914547956156213,True,ridge,6.839191654926287,2.095279945138884,4.743911709787403,15.256088290212597,15.0
,2855525072,12,4.515625,21.0,13.582553675258868,,,True,,,4.515625,10.0,3.0625,4.0,3.125,3.0,0.0,0.0,2.0,3.0,5.0,5.0,4.0,5.0,2.0,1.0,21.0,0.0,0.0,0.0,15.0,189.0,15.0,7.417446324741132,5,21.0,n5_cost_12_challenge,cost_12_random_reference,16.484375,6.0,0.0,13,8.0,10.960023226027456,14.999355125778065,True,10.96919284471464,14.971910380209492,True,ridge,6.623087332750515,2.095279945138884,4.527807387611631,16.47219261238837,15.0
,3495255120,12,3.404858299595141,18.0,11.307565949406612,,,True,,,3.404858299595141,11.0,2.46875,4.0,2.3684210526315788,2.6153846153846154,0.0,1.0,2.0,4.0,5.0,5.0,5.0,7.0,3.0,2.0,18.0,0.0,0.0,0.0,15.0,189.0,15.0,6.692434050593388,5,18.0,n5_cost_12_challenge,cost_12_random_reference,14.59514170040486,3.0,0.0,13,5.0,8.403932206257442,12.656051929892506,False,8.45628196804877,12.655435214437064,False,ridge,5.555542805447388,2.095279945138884,3.4602628603085037,14.539737139691496,14.539737139691496
,2866258165,12,4.063492063492063,20.0,13.119005593992313,,,True,,,4.063492063492063,9.0,2.625,5.0,2.642857142857143,2.611111111111111,1.0,0.0,2.0,3.0,3.0,1.0,1.0,3.0,2.0,2.0,20.0,0.0,0.0,0.0,14.0,189.0,14.0,6.880994406007687,5,20.0,n5_cost_12_challenge,cost_12_random_reference,15.936507936507937,6.0,0.0,13,7.0,10.496955500309216,14.425498316895167,True,10.71230813776868,14.405229408640857,True,ridge,6.258986985015683,2.095279945138884,4.163707039876799,15.8362929601232,14.0
,4243423103,12,3.692307692307693,22.0,13.49610692712907,,,True,,,3.692307692307693,11.0,2.53125,5.0,4.166666666666667,2.1538461538461537,1.0,0.0,0.0,1.0,3.0,2.0,5.0,3.0,2.0,3.0,22.0,0.0,0.0,0.0,15.0,189.0,15.0,8.50389307287093,5,22.0,n5_cost_12_challenge,cost_12_random_reference,18.307692307692307,7.0,0.0,13,9.0,10.747543665356734,14.937835031618713,True,10.970837028973062,14.87030123813083,True,ridge,8.459971681500143,2.095279945138884,6.364691736361259,15.635308263638741,15.0
,1156369868,12,2.640625,21.0,13.949900553944802,,,True,,,2.640625,11.0,2.625,4.0,3.0,2.25,0.0,0.0,2.0,1.0,4.0,6.0,7.0,1.0,3.0,3.0,21.0,0.0,0.0,0.0,14.0,189.0,14.0,7.050099446055198,5,21.0,n5_cost_12_challenge,cost_12_random_reference,18.359375,7.0,0.0,13,8.0,11.364100510867768,15.37969617923143,True,11.308290809691002,15.30883134090072,True,ridge,8.227881536893745,2.095279945138884,6.132601591754861,14.867398408245139,14.0
,3981812145,12,4.803921568627451,23.0,14.479268708240587,,,True,,,4.803921568627451,11.0,3.0625,4.0,3.1333333333333333,3.0,1.0,0.0,2.0,3.0,4.0,3.0,4.0,5.0,4.0,3.0,23.0,0.0,0.0,0.0,15.0,189.0,15.0,8.520731291759411,5,23.0,n5_cost_12_challenge,cost_12_random_reference,18.19607843137255,8.0,0.0,13,10.0,11.865866276349273,15.9681775281639,True,11.908732667611844,15.87549818451566,True,ridge,8.401547513309378,2.095279945138884,6.306267568170494,16.693732431829506,15.0
,89195456,12,4.06280193236715,19.0,12.09927345699368,,,True,,,4.06280193236715,12.0,2.84375,4.0,2.391304347826087,4.0,0.0,1.0,2.0,1.0,6.0,6.0,1.0,6.0,5.0,4.0,19.0,0.0,0.0,0.0,18.0,189.0,18.0,6.900726543006321,5,19.0,n5_cost_12_challenge,cost_12_random_reference,14.937198067632849,1.0,0.0,13,6.0,9.172161707815466,13.561260959051394,True,9.314907048638506,13.507811172890852,True,ridge,3.954072965310309,2.095279945138884,1.858793020171425,17.141206979828574,17.141206979828574
,2945248640,12,3.515625,22.0,13.438602609399808,,,True,,,3.515625,13.0,2.78125,4.0,2.5625,3.0,0.0,0.0,1.0,4.0,3.0,4.0,6.0,2.0,3.0,2.0,22.0,0.0,0.0,0.0,17.0,189.0,17.0,8.561397390600193,5,22.0,n5_cost_12_challenge,cost_12_random_reference,18.484375,5.0,0.0,13,9.0,10.79543421250691,14.837928103027371,True,10.898201187040186,14.793225012743326,True,ridge,7.413750891001582,2.095279945138884,5.318470945862698,16.6815290541373,16.6815290541373
,4025724588,12,4.090909090909091,21.0,12.913994358858565,,,True,,,4.090909090909091,12.0,2.75,4.0,3.4,2.4545454545454546,0.0,0.0,2.0,4.0,3.0,4.0,6.0,2.0,2.0,2.0,21.0,0.0,0.0,0.0,16.0,189.0,16.0,8.086005641141437,5,21.0,n5_cost_12_challenge,cost_12_random_reference,16.90909090909091,5.0,0.0,13,8.0,10.330804616685857,14.357680713885037,True,10.38228555962732,14.293657714285027,True,ridge,6.858184254627892,2.095279945138884,4.762904309489008,16.23709569051099,16.0
,4044877919,12,4.4089068825910935,21.0,12.57484893615617,,,True,,,4.4089068825910935,13.0,2.8125,4.0,3.1538461538461537,2.5789473684210527,1.0,0.0,1.0,1.0,3.0,4.0,6.0,8.0,2.0,2.0,21.0,0.0,0.0,0.0,15.0,189.0,15.0,8.42515106384383,5,21.0,n5_cost_12_challenge,cost_12_random_reference,16.591093117408906,6.0,0.0,13,8.0,9.66404313768312,13.995854344923575,True,9.829371015045814,13.944573029416802,True,ridge,8.12935378935757,2.095279945138884,6.034073844218685,14.965926155781315,14.965926155781315
,3439307333,12,4.4089068825910935,18.0,12.256991191617551,,,True,,,4.4089068825910935,9.0,2.65625,4.0,3.076923076923077,2.3684210526315788,1.0,0.0,3.0,3.0,5.0,3.0,7.0,3.0,5.0,1.0,18.0,0.0,0.0,0.0,14.0,189.0,14.0,5.743008808382449,5,18.0,n5_cost_12_challenge,cost_12_random_reference,13.591093117408906,4.0,0.0,13,5.0,9.726716760678462,13.587378605854264,True,9.787897589568946,13.563094480272396,True,ridge,4.888126260047001,2.095279945138884,2.7928463149081164,15.207153685091884,14.0
,4260405667,12,4.063492063492063,18.0,12.29458227011367,,,True,,,4.063492063492063,10.0,2.78125,4.0,3.142857142857143,2.5,1.0,0.0,3.0,4.0,5.0,3.0,5.0,2.0,1.0,1.0,18.0,0.0,0.0,0.0,14.0,189.0,14.0,5.70541772988633,5,18.0,n5_cost_12_challenge,cost_12_random_reference,13.936507936507937,4.0,0.0,13,5.0,9.75856576702153,13.732959867253546,True,9.800749749015848,13.714109532756702,True,ridge,4.586059809892267,2.095279945138884,2.4907798647533825,15.509220135246618,14.0
,2325056159,12,4.515625,18.0,11.547956275879642,,,True,,,4.515625,9.0,2.8125,4.0,2.625,3.0,1.0,0.0,1.0,2.0,4.0,1.0,3.0,4.0,2.0,2.0,18.0,0.0,0.0,0.0,14.0,189.0,14.0,6.452043724120358,5,18.0,n5_cost_12_challenge,cost_12_random_reference,13.484375,4.0,0.0,13,5.0,8.759091217154324,12.862174849817038,False,9.104285834211886,12.825112347825884,False,ridge,4.766595548678113,2.095279945138884,2.671315603539229,15.32868439646077,14.0
,3654353167,12,4.587301587301587,23.0,13.809659117917072,,,True,,,4.587301587301587,11.0,2.875,4.0,2.7222222222222223,3.071428571428572,1.0,1.0,1.0,1.0,5.0,1.0,7.0,5.0,3.0,3.0,23.0,0.0,0.0,0.0,15.0,189.0,15.0,9.190340882082928,5,23.0,n5_cost_12_challenge,cost_12_random_reference,18.41269841269841,8.0,0.0,13,10.0,11.0265011467011,15.28023609910561,True,11.200440922184404,15.190857972465166,True,ridge,8.939094113311896,2.095279945138884,6.843814168173012,16.15618583182699,15.0
,3427585883,12,3.571428571428572,19.0,11.257139859255089,,,True,,,3.571428571428572,11.0,2.59375,5.0,2.571428571428572,2.611111111111111,1.0,0.0,2.0,2.0,5.0,1.0,8.0,4.0,3.0,1.0,19.0,0.0,0.0,0.0,15.0,189.0,15.0,7.742860140744913,5,19.0,n5_cost_12_challenge,cost_12_random_reference,15.428571428571427,4.0,0.0,13,6.0,8.529634653104917,12.672035066097934,False,8.736296297145836,12.62692457271772,False,ridge,5.648838423950705,2.095279945138884,3.553558478811821,15.446441521188179,15.0
,1056505544,12,4.266666666666667,20.0,12.539233408501635,,,True,,,4.266666666666667,12.0,3.0625,4.0,3.1666666666666665,3.0,0.0,0.0,0.0,4.0,6.0,6.0,4.0,0.0,0.0,0.0,20.0,0.0,0.0,0.0,15.0,189.0,15.0,7.460766591498363,5,20.0,n5_cost_12_challenge,cost_12_random_reference,15.733333333333334,5.0,0.0,13,7.0,9.85588953534216,13.968637491507964,True,10.00665909268444,13.95596710314454,True,ridge,5.85840520337532,2.095279945138884,3.7631252582364354,16.236874741763565,15.0
,553684228,12,3.571428571428572,20.0,12.098367297658104,,,True,,,3.571428571428572,11.0,2.5625,5.0,2.12,4.142857142857143,0.0,1.0,2.0,2.0,6.0,5.0,5.0,5.0,5.0,4.0,20.0,0.0,0.0,0.0,16.0,189.0,16.0,7.901632702341896,5,20.0,n5_cost_12_challenge,cost_12_random_reference,16.428571428571427,4.0,0.0,13,7.0,9.111292820952295,13.574608254336518,True,9.32327419360577,13.512635974215916,True,ridge,5.988162143442386,2.095279945138884,3.892882198303502,16.107117801696496,16.0
,296990015,12,4.063492063492063,22.0,13.605032683878711,,,True,,,4.063492063492063,12.0,2.71875,4.0,3.071428571428572,2.4444444444444446,1.0,0.0,0.0,0.0,3.0,4.0,2.0,5.0,4.0,2.0,22.0,0.0,0.0,0.0,17.0,189.0,17.0,8.394967316121289,5,22.0,n5_cost_12_challenge,cost_12_random_reference,17.936507936507937,5.0,0.0,13,9.0,10.893445194719606,15.045656192659996,True,11.069582233796748,14.972859805879342,True,ridge,7.540973587265377,2.095279945138884,5.445693642126493,16.554306357873507,16.554306357873507
,2135229823,12,4.4089068825910935,22.0,13.20125272120794,,,True,,,4.4089068825910935,13.0,2.78125,4.0,3.076923076923077,2.5789473684210527,1.0,0.0,0.0,1.0,4.0,5.0,4.0,5.0,3.0,4.0,22.0,0.0,0.0,0.0,18.0,189.0,18.0,8.79874727879206,5,22.0,n5_cost_12_challenge,cost_12_random_reference,17.591093117408906,4.0,0.0,13,9.0,10.415876226121425,14.667365055110048,True,10.553213143400228,14.612573610919943,True,ridge,6.715979966913226,2.095279945138884,4.620700021774342,17.37929997822566,17.37929997822566
,3309633440,12,3.515625,19.0,10.471261854163073,,,True,,,3.515625,11.0,2.75,3.0,3.0,2.5,0.0,0.0,1.0,3.0,2.0,6.0,6.0,5.0,2.0,0.0,19.0,0.0,0.0,0.0,14.0,189.0,14.0,8.528738145836929,5,19.0,n5_cost_12_challenge,cost_12_random_reference,15.484375,5.0,0.0,13,6.0,8.507489182544727,11.835171050615244,False,8.507188687570391,11.811110318120845,False,ridge,7.080271866590442,2.095279945138884,4.984991921451558,14.015008078548442,14.0
,3490218112,12,3.102564102564102,17.0,11.15899981655116,,,True,,,3.102564102564102,11.0,2.4375,5.0,2.0384615384615383,4.166666666666667,0.0,1.0,0.0,5.0,0.0,2.0,3.0,3.0,2.0,2.0,17.0,0.0,0.0,0.0,15.0,189.0,15.0,5.841000183448839,5,17.0,n5_cost_12_challenge,cost_12_random_reference,13.897435897435898,2.0,0.0,13,4.0,8.483371871665883,12.544032043476427,False,8.679452912835735,12.52352936467112,False,ridge,4.470151990893019,2.095279945138884,2.3748720457541346,14.625127954245865,14.625127954245865
,4129485840,12,3.571428571428572,17.0,10.472647673130648,,,True,,,3.571428571428572,12.0,2.53125,4.0,2.555555555555556,2.5,0.0,1.0,1.0,3.0,5.0,5.0,7.0,3.0,2.0,2.0,17.0,0.0,0.0,0.0,14.0,189.0,14.0,6.527352326869352,5,17.0,n5_cost_12_challenge,cost_12_random_reference,13.428571428571427,3.0,0.0,13,4.0,8.697882235537033,11.913312745424523,False,8.65755400454501,11.861606547210426,False,ridge,5.24448197893683,2.095279945138884,3.1492020337979456,13.850797966202055,13.850797966202055
,1617055342,12,4.587301587301587,21.0,12.864572229266932,,,True,,,4.587301587301587,10.0,2.8125,4.0,2.611111111111111,3.071428571428572,0.0,1.0,2.0,2.0,2.0,4.0,4.0,4.0,2.0,2.0,21.0,0.0,0.0,0.0,15.0,189.0,15.0,8.135427770733068,5,21.0,n5_cost_12_challenge,cost_12_random_reference,16.41269841269841,6.0,0.0,13,8.0,10.106828816775463,14.2762807421126,True,10.316097180743697,14.240265276599589,True,ridge,7.039618803645972,2.095279945138884,4.944338858507088,16.055661141492912,15.0
,4022403033,12,3.0727272727272728,17.0,11.071877159210304,,,True,,,3.0727272727272728,11.0,2.46875,4.0,3.2,2.136363636363636,1.0,0.0,3.0,3.0,6.0,2.0,5.0,3.0,4.0,0.0,17.0,0.0,0.0,0.0,15.0,189.0,15.0,5.928122840789696,5,17.0,n5_cost_12_challenge,cost_12_random_reference,13.927272727272728,2.0,0.0,13,4.0,8.584232476703786,12.442616872509683,False,8.595448162058892,12.416708119362706,False,ridge,4.40091808414245,2.095279945138884,2.305638139003566,14.694361860996434,14.694361860996434
,450498650,12,4.4089068825910935,20.0,12.376715848070802,,,True,,,4.4089068825910935,10.0,2.78125,4.0,2.5789473684210527,3.076923076923077,0.0,1.0,2.0,3.0,1.0,6.0,3.0,6.0,4.0,3.0,20.0,0.0,0.0,0.0,14.0,189.0,14.0,7.623284151929198,5,20.0,n5_cost_12_challenge,cost_12_random_reference,15.591093117408906,6.0,0.0,13,7.0,9.773471004553404,13.818803297644898,True,9.743892019483752,13.785665981553343,True,ridge,7.050711552323412,2.095279945138884,4.9554316071845275,15.044568392815473,14.0
,2968979447,12,3.75,18.0,11.003483082655212,,,True,,,3.75,12.0,2.59375,4.0,3.083333333333333,2.3,1.0,0.0,0.0,1.0,3.0,2.0,1.0,5.0,2.0,1.0,18.0,0.0,0.0,0.0,14.0,189.0,14.0,6.996516917344788,5,18.0,n5_cost_12_challenge,cost_12_random_reference,14.25,4.0,0.0,13,5.0,8.319023355344294,12.42235788025932,False,8.508907725693739,12.372342580250187,False,ridge,6.329251734066142,2.095279945138884,4.233971788927258,13.766028211072742,13.766028211072742
,3437189375,12,3.0727272727272728,20.0,12.062116341783709,,,True,,,3.0727272727272728,11.0,2.5,4.0,3.3,2.136363636363636,1.0,0.0,1.0,1.0,1.0,2.0,5.0,4.0,3.0,2.0,20.0,0.0,0.0,0.0,16.0,189.0,16.0,7.9378836582162915,5,20.0,n5_cost_12_challenge,cost_12_random_reference,16.927272727272726,4.0,0.0,13,7.0,9.315365047902098,13.433014923334468,True,9.526153079865692,13.363517778878927,True,ridge,6.663274976021828,2.095279945138884,4.567995030882944,15.432004969117056,15.432004969117056
,1482508876,12,4.063492063492063,19.0,12.014202965553146,,,True,,,4.063492063492063,12.0,2.78125,4.0,2.555555555555556,3.071428571428572,0.0,1.0,2.0,2.0,5.0,6.0,6.0,4.0,1.0,1.0,19.0,0.0,0.0,0.0,14.0,189.0,14.0,6.985797034446854,5,19.0,n5_cost_12_challenge,cost_12_random_reference,14.936507936507937,5.0,0.0,13,6.0,9.259919401774724,13.43197693584775,True,9.365303734625355,13.414603902524997,True,ridge,6.453326746849735,2.095279945138884,4.3580468017108505,14.64195319828915,14.0
,1443296772,12,4.4089068825910935,20.0,12.589139653103596,,,True,,,4.4089068825910935,10.0,2.84375,4.0,2.5789473684210527,3.230769230769231,0.0,1.0,1.0,2.0,5.0,9.0,6.0,4.0,4.0,2.0,20.0,0.0,0.0,0.0,14.0,189.0,14.0,7.410860346896404,5,20.0,n5_cost_12_challenge,cost_12_random_reference,15.591093117408906,6.0,0.0,13,7.0,9.7627896354955,14.028767662425984,True,9.92872072191874,13.964930756404508,True,ridge,6.717489912549498,2.095279945138884,4.622209967410614,15.377790032589386,14.0
,436895246,12,3.571428571428572,20.0,12.383608881818226,,,True,,,3.571428571428572,11.0,2.625,4.0,2.555555555555556,2.7142857142857144,0.0,1.0,2.0,2.0,5.0,7.0,3.0,3.0,4.0,1.0,20.0,0.0,0.0,0.0,14.0,189.0,14.0,7.616391118181774,5,20.0,n5_cost_12_challenge,cost_12_random_reference,16.428571428571427,6.0,0.0,13,7.0,9.659386433884158,13.807679685706072,True,9.852869352690323,13.756340807150218,True,ridge,7.374286091098453,2.095279945138884,5.279006145959569,14.720993854040431,14.0
,825327025,12,3.515625,22.0,13.365051676715508,,,True,,,3.515625,10.0,2.46875,4.0,2.5625,2.375,1.0,0.0,2.0,2.0,3.0,5.0,1.0,2.0,1.0,2.0,22.0,0.0,0.0,0.0,14.0,189.0,14.0,8.634948323284492,5,22.0,n5_cost_12_challenge,cost_12_random_reference,18.484375,8.0,0.0,13,9.0,10.710169247324584,14.717776269585643,True,10.903110809538052,14.726401630926132,True,ridge,8.633275251803603,2.095279945138884,6.537995306664719,15.462004693335281,14.0
,3486512188,12,5.303030303030303,20.0,12.506685974508637,,,True,,,5.303030303030303,10.0,2.71875,4.0,3.272727272727273,2.4285714285714284,0.0,0.0,3.0,3.0,1.0,5.0,3.0,6.0,4.0,3.0,20.0,0.0,0.0,0.0,14.0,189.0,14.0,7.493314025491365,5,20.0,n5_cost_12_challenge,cost_12_random_reference,14.696969696969697,6.0,0.0,13,7.0,9.950359466671657,13.942668068466304,True,9.964785772898892,13.912168529828763,True,ridge,7.0584720653364705,2.095279945138884,4.963192120197586,15.036807879802414,14.0
,4102046991,12,4.4089068825910935,23.0,13.531584248804489,,,True,,,4.4089068825910935,13.0,3.03125,4.0,3.0,3.076923076923077,1.0,1.0,2.0,2.0,2.0,2.0,5.0,5.0,5.0,5.0,23.0,0.0,0.0,0.0,17.0,189.0,17.0,9.468415751195511,5,23.0,n5_cost_12_challenge,cost_12_random_reference,18.591093117408906,6.0,0.0,13,10.0,10.784219705459622,14.973208830560312,True,10.927362472547369,14.91484982993279,True,ridge,7.819760465218673,2.095279945138884,5.724480520079789,17.275519479920213,17.0
,202276872,12,3.0228571428571427,20.0,12.555716553807745,,,True,,,3.0228571428571427,11.0,2.375,5.0,2.04,3.571428571428572,0.0,1.0,0.0,3.0,3.0,6.0,5.0,5.0,2.0,2.0,20.0,0.0,0.0,0.0,15.0,189.0,15.0,7.444283446192257,5,20.0,n5_cost_12_challenge,cost_12_random_reference,16.97714285714286,5.0,0.0,13,7.0,9.752088679902954,13.943182173396398,True,9.727064192288577,13.91617555496648,True,ridge,7.149674558922628,2.095279945138884,5.054394613783744,14.945605386216256,14.945605386216256
,4138925072,12,3.768627450980392,21.0,12.42931304460276,,,True,,,3.768627450980392,11.0,2.78125,4.0,3.066666666666667,2.5294117647058822,0.0,0.0,1.0,4.0,4.0,6.0,3.0,4.0,5.0,4.0,21.0,0.0,0.0,0.0,16.0,189.0,16.0,8.570686955397239,5,21.0,n5_cost_12_challenge,cost_12_random_reference,17.231372549019607,5.0,0.0,13,8.0,9.82593100456858,13.913222320443396,True,9.933379486025258,13.845712892374928,True,ridge,6.740618673209699,2.095279945138884,4.645338728070815,16.354661271929185,16.0
