truth_table,cohort,targeted,score,headroom,policy,predicted_correction,reduction,violation,covered
4275842720,targeted,True,4.802264353102509,3.0,frozen_baseline,2.360705869541365,2.441558483561144,0.0,True
5135968,targeted,True,4.227925791074014,4.0,frozen_baseline,2.3607058695413654,1.8672199215326488,0.0,True
1339916149,targeted,True,4.125232816117496,3.0,frozen_baseline,2.3607058695413654,1.7645269465761304,0.0,True
2417095479,targeted,True,4.110141035524125,3.0,frozen_baseline,2.3607058695413654,1.7494351659827592,0.0,True
1983016946,targeted,True,4.021774243198326,5.0,frozen_baseline,2.3607058695413654,1.6610683736569607,0.0,True
3247388543,targeted,True,3.959793002290428,4.0,frozen_baseline,2.360705869541366,1.5990871327490623,0.0,True
2830311799,targeted,True,3.94326092736708,3.0,frozen_baseline,2.360705869541365,1.582555057825715,0.0,True
4222645502,targeted,True,3.8549742704075673,3.0,frozen_baseline,2.3607058695413663,1.494268400866201,0.0,True
1733638135,targeted,True,3.842517841868652,3.0,frozen_baseline,2.360705869541366,1.4818119723272862,0.0,True
2962328575,targeted,True,3.839288343974249,3.0,frozen_baseline,2.360705869541366,1.478582474432883,0.0,True
4115926696,targeted,True,3.812096685115832,4.0,frozen_baseline,2.3607058695413654,1.4513908155744666,0.0,True
486554346,targeted,True,3.806000380909504,3.0,frozen_baseline,2.360705869541365,1.445294511368139,0.0,True
188356860,targeted,True,3.7681643028061647,3.0,frozen_baseline,2.3607058695413654,1.4074584332647992,0.0,True
1484130926,targeted,True,3.7613614199427152,1.0,frozen_baseline,2.3607058695413654,1.4006555504013498,0.4006555504013498,False
4276934835,targeted,True,3.754296410233628,3.0,frozen_baseline,2.360705869541366,1.3935905406922622,0.0,True
2928664023,targeted,True,3.7471783689324942,4.0,frozen_baseline,2.3607058695413654,1.3864724993911288,0.0,True
3808338922,targeted,True,3.710807712419238,3.0,frozen_baseline,2.3607058695413654,1.3501018428778724,0.0,True
3360935391,targeted,True,3.68045562156476,2.0,frozen_baseline,2.360705869541365,1.319749752023395,0.0,True
3753636287,targeted,True,3.67976784919439,2.0,frozen_baseline,2.3607058695413654,1.3190619796530243,0.0,True
2994144095,targeted,True,3.655971018474163,4.0,frozen_baseline,2.3607058695413654,1.2952651489327978,0.0,True
2568161599,targeted,True,3.639828630671403,3.0,frozen_baseline,2.3607058695413654,1.2791227611300378,0.0,True
1970763703,targeted,True,3.6371177065544695,2.0,frozen_baseline,2.3607058695413654,1.276411837013104,0.0,True
1996910946,targeted,True,3.6346150075067016,5.0,frozen_baseline,2.3607058695413654,1.2739091379653362,0.0,True
2963990720,targeted,True,3.6240175489805866,1.0,frozen_baseline,2.3607058695413654,1.2633116794392212,0.2633116794392212,False
1409372535,targeted,True,3.604116048568965,3.0,frozen_baseline,2.3607058695413654,1.2434101790275998,0.0,True
1146073983,targeted,True,3.603999482313003,2.0,frozen_baseline,2.3607058695413654,1.2432936127716374,0.0,True
4049338536,targeted,True,3.588340845894905,1.0,frozen_baseline,2.3607058695413654,1.2276349763535397,0.2276349763535385,False
98829032,targeted,True,3.5861568164526694,1.0,frozen_baseline,2.3607058695413654,1.225450946911304,0.2254509469113035,False
2716181879,targeted,True,3.5834399365360694,3.0,frozen_baseline,2.3607058695413654,1.222734066994704,0.0,True
98377354,targeted,True,3.542068126188895,3.0,frozen_baseline,2.3607058695413654,1.1813622566475297,0.0,True
169289527,targeted,True,3.5270651577057786,1.0,frozen_baseline,2.3607058695413654,1.1663592881644131,0.1663592881644131,False
3586719116,targeted,True,3.52522874737916,3.0,frozen_baseline,2.3607058695413654,1.1645228778377947,0.0,True
3436561757,targeted,True,3.5249847741011653,3.0,frozen_baseline,2.3607058695413654,1.1642789045598,0.0,True
4105718972,targeted,True,3.5118289960812774,2.0,frozen_baseline,2.3607058695413654,1.151123126539912,0.0,True
583471943,targeted,True,3.5100195193739343,4.0,frozen_baseline,2.3607058695413654,1.149313649832569,0.0,True
3070606223,targeted,True,3.4993958910969583,4.0,frozen_baseline,2.3607058695413654,1.1386900215555928,0.0,True
151693544,targeted,True,3.49663861466618,3.0,frozen_baseline,2.360705869541366,1.1359327451248142,0.0,True
2340952736,targeted,True,3.493843531356559,3.0,frozen_baseline,2.3607058695413654,1.1331376618151934,0.0,True
3513834528,targeted,True,3.4875300039250874,3.0,frozen_baseline,2.3607058695413654,1.126824134383722,0.0,True
2309209015,targeted,True,3.4843779750602244,2.0,frozen_baseline,2.3607058695413654,1.123672105518859,0.0,True
251004228,targeted,True,3.4788516473117936,4.0,frozen_baseline,2.3607058695413654,1.1181457777704282,0.0,True
1557724668,targeted,True,3.4679217947530283,2.0,frozen_baseline,2.3607058695413654,1.107215925211663,0.0,True
2281755208,targeted,True,3.4521937654485364,3.0,frozen_baseline,2.3607058695413654,1.091487895907171,0.0,True
2660682944,targeted,True,3.446296045799949,3.0,frozen_baseline,2.3607058695413654,1.0855901762585836,0.0,True
2332555223,targeted,True,3.4462406782311503,3.0,frozen_baseline,2.3607058695413654,1.085534808689785,0.0,True
2827939848,targeted,True,3.4385182911360657,4.0,frozen_baseline,2.3607058695413654,1.0778124215947005,0.0,True
3867091839,targeted,True,3.431743367396121,2.0,frozen_baseline,2.360705869541365,1.071037497854756,0.0,True
2133065488,targeted,True,3.4289796537079025,2.0,frozen_baseline,2.3607058695413654,1.068273784166537,0.0,True
2297702640,targeted,True,3.4271595248485967,2.0,frozen_baseline,2.3607058695413654,1.0664536553072312,0.0,True
1361031728,targeted,True,3.4194202616090887,4.0,frozen_baseline,2.3607058695413654,1.058714392067723,0.0,True
3233505314,targeted,True,3.39659789133324,3.0,frozen_baseline,2.3607058695413654,1.0358920217918746,0.0,True
4290833908,targeted,True,3.388398785890786,2.0,frozen_baseline,2.3607058695413654,1.0276929163494204,0.0,True
1733255135,targeted,True,3.384955237417643,2.0,frozen_baseline,2.3607058695413654,1.0242493678762776,0.0,True
3453249396,targeted,True,3.380323285952578,1.0,frozen_baseline,2.3607058695413654,1.0196174164112124,0.0196174164112115,False
357551498,targeted,True,3.376058082670128,5.0,frozen_baseline,2.360705869541366,1.0153522131287622,0.0,True
3959414047,targeted,True,3.362205253879342,2.0,frozen_baseline,2.3607058695413654,1.0014993843379765,0.0,True
1882714111,targeted,True,3.359182432984711,2.0,frozen_baseline,2.3607058695413654,0.9984765634433456,0.0,True
4091695570,targeted,True,3.357140616866129,3.0,frozen_baseline,2.360705869541365,0.996434747324764,0.0,True
353255167,targeted,True,3.3275466395586277,3.0,frozen_baseline,2.360705869541366,0.966840770017262,0.0,True
2744057678,targeted,True,3.3263814910983247,3.0,frozen_baseline,2.3607058695413654,0.9656756215569592,0.0,True
1987505192,targeted,True,3.323835169040698,1.0,frozen_baseline,2.360705869541365,0.9631292994993332,0.0,True
4172943618,targeted,True,3.3209750663219566,1.0,frozen_baseline,2.3607058695413654,0.9602691967805912,0.0,True
802044876,targeted,True,3.307526516796145,2.0,frozen_baseline,2.3607058695413654,0.9468206472547798,0.0,True
4272503603,targeted,True,3.30259845055152,5.0,frozen_baseline,2.360705869541365,0.9418925810101548,0.0,True
587091935,targeted,True,3.298930253931898,2.0,frozen_baseline,2.3607058695413654,0.9382243843905328,0.0,True
1464120040,targeted,True,3.287916859647796,3.0,frozen_baseline,2.360705869541366,0.9272109901064304,0.0,True
4083677170,targeted,True,3.2863190932697464,4.0,frozen_baseline,2.3607058695413654,0.925613223728381,0.0,True
251513557,targeted,True,3.283693241225383,3.0,frozen_baseline,2.3607058695413654,0.9229873716840178,0.0,True
4220172850,targeted,True,3.2808755662218214,1.0,frozen_baseline,2.3607058695413654,0.920169696680456,0.0,True
2669615999,targeted,True,3.268205894565161,3.0,frozen_baseline,2.3607058695413654,0.9075000250237956,0.0,True
3971270660,targeted,True,3.2663456675434164,2.0,frozen_baseline,2.3607058695413654,0.905639798002051,0.0,True
3344944589,targeted,True,3.26585586256984,2.0,frozen_baseline,2.3607058695413654,0.9051499930284748,0.0,True
3252149757,targeted,True,3.258972735541703,3.0,frozen_baseline,2.3607058695413654,0.8982668660003377,0.0,True
34343454,targeted,True,3.2586021335191946,2.0,frozen_baseline,2.3607058695413654,0.8978962639778292,0.0,True
3807565763,targeted,True,3.2553136770107702,3.0,frozen_baseline,2.3607058695413654,0.8946078074694048,0.0,True
2901520880,targeted,True,3.2507935855997028,3.0,frozen_baseline,2.3607058695413654,0.8900877160583374,0.0,True
1124783498,targeted,True,3.250702020897476,5.0,frozen_baseline,2.3607058695413654,0.8899961513561108,0.0,True
3347730688,targeted,True,3.2489837796556924,3.0,frozen_baseline,2.3607058695413654,0.888277910114327,0.0,True
556081425,targeted,True,2.9983522053835645,1.0,frozen_baseline,2.112947127922334,0.8854050774612303,0.0,True
1326077774,targeted,True,2.996493526622257,2.0,frozen_baseline,2.1129471279223337,0.8835463986999232,0.0,True
585932991,random_reference,False,1.7605168774788014,1.0,frozen_baseline,1.7605168774788014,0.0,0.0,True
2559215658,random_reference,False,3.1110393032122583,1.0,frozen_baseline,2.3607058695413654,0.7503334336708929,0.0,True
1550995707,random_reference,False,2.1516817609440637,3.0,frozen_baseline,2.1516817609440637,0.0,0.0,True
2695591794,random_reference,False,2.5302839423112604,1.0,frozen_baseline,2.112947127922334,0.4173368143889262,0.0,True
100604108,random_reference,False,2.7912781130718525,1.0,frozen_baseline,2.112947127922334,0.6783309851495183,0.0,True
1069492760,random_reference,False,2.336268387937532,3.0,frozen_baseline,2.336268387937532,0.0,0.0,True
1433406024,random_reference,False,2.89032526465322,2.0,frozen_baseline,2.1129471279223346,0.7773781367308854,0.0,True
992701,random_reference,False,2.1018029773294624,2.0,frozen_baseline,2.1018029773294624,0.0,0.0,True
1044171988,random_reference,False,2.298139027129993,3.0,frozen_baseline,2.298139027129993,0.0,0.0,True
1554544624,random_reference,False,1.5648838664219813,2.0,frozen_baseline,1.5648838664219813,0.0,0.0,True
3930242820,random_reference,False,3.0791433571301967,2.0,frozen_baseline,2.3607058695413654,0.7184374875888313,0.0,True
3366476219,random_reference,False,1.983177943622392,3.0,frozen_baseline,1.5668159310938339,0.4163620125285581,0.0,True
3487542976,random_reference,False,2.760525472690191,1.0,frozen_baseline,2.112947127922334,0.6475783447678567,0.0,True
4553587,random_reference,False,2.3290290427560034,2.0,frozen_baseline,2.3290290427560034,0.0,0.0,True
576870176,random_reference,False,2.30787140890963,3.0,frozen_baseline,2.30787140890963,0.0,0.0,True
1440494000,random_reference,False,2.8472313746492044,1.0,frozen_baseline,2.112947127922334,0.7342842467268702,0.0,True
2566964462,random_reference,False,2.150188623423239,1.0,frozen_baseline,2.150188623423239,0.0,0.0,True
1257266032,random_reference,False,2.351355901712766,2.0,frozen_baseline,2.351355901712766,0.0,0.0,True
3756134895,random_reference,False,1.213260867524974,3.0,frozen_baseline,1.213260867524974,0.0,0.0,True
2687247144,random_reference,False,2.5414925388005054,1.0,frozen_baseline,2.112947127922334,0.4285454108781712,0.0,True
1571782156,random_reference,False,2.995676740244467,3.0,frozen_baseline,2.112947127922334,0.8827296123221329,0.0,True
1014838312,random_reference,False,2.718205839799817,5.0,frozen_baseline,2.1129471279223346,0.6052587118774824,0.0,True
756038972,random_reference,False,2.534645648466842,3.0,frozen_baseline,2.112947127922334,0.4216985205445076,0.0,True
53085728,random_reference,False,2.8492487433723115,2.0,frozen_baseline,2.112947127922334,0.7363016154499773,0.0,True
4195152948,random_reference,False,2.285477970478881,1.0,frozen_baseline,2.285477970478881,0.0,0.0,True
4108776311,random_reference,False,2.4326320894746307,3.0,frozen_baseline,2.112947127922334,0.3196849615522965,0.0,True
474788076,random_reference,False,1.3816238940855,1.0,frozen_baseline,1.3816238940855,0.0,0.0,True
271089152,random_reference,False,2.5568058640374662,3.0,frozen_baseline,2.112947127922334,0.443858736115132,0.0,True
7921496,random_reference,False,2.1573853468976485,3.0,frozen_baseline,2.1573853468976485,0.0,0.0,True
776007234,random_reference,False,2.052026864941882,1.0,frozen_baseline,2.052026864941882,0.0,0.0,True
1364527855,random_reference,False,2.5261671248383024,1.0,frozen_baseline,2.112947127922334,0.4132199969159682,0.0,True
1090128395,random_reference,False,1.556162429914875,1.0,frozen_baseline,1.556162429914875,0.0,0.0,True
2946827830,random_reference,False,1.5051395331479571,3.0,frozen_baseline,1.5051395331479571,0.0,0.0,True
257322832,random_reference,False,1.6593474900705136,4.0,frozen_baseline,1.6593474900705136,0.0,0.0,True
3632156766,random_reference,False,2.2797428669366195,1.0,frozen_baseline,2.2797428669366195,0.0,0.0,True
4134793271,random_reference,False,2.805251451993365,3.0,frozen_baseline,2.112947127922334,0.6923043240710309,0.0,True
3700790175,random_reference,False,2.935506338442606,4.0,frozen_baseline,2.112947127922334,0.8225592105202719,0.0,True
3021337716,random_reference,False,2.2788651435006204,2.0,frozen_baseline,2.2788651435006204,0.0,0.0,True
138020960,random_reference,False,3.0348616709849146,2.0,frozen_baseline,2.3607058695413654,0.6741558014435491,0.0,True
458559150,random_reference,False,2.304827933400734,2.0,frozen_baseline,2.304827933400734,0.0,0.0,True
4275842720,targeted,True,4.802264353102509,3.0,frozen_unit_reduction_cap,3.802264353102509,1.0,0.0,True
5135968,targeted,True,4.227925791074014,4.0,frozen_unit_reduction_cap,3.2279257910740142,1.0,0.0,True
1339916149,targeted,True,4.125232816117496,3.0,frozen_unit_reduction_cap,3.125232816117496,1.0,0.0,True
2417095479,targeted,True,4.110141035524125,3.0,frozen_unit_reduction_cap,3.1101410355241246,1.0,0.0,True
1983016946,targeted,True,4.021774243198326,5.0,frozen_unit_reduction_cap,3.021774243198326,1.0,0.0,True
3247388543,targeted,True,3.959793002290428,4.0,frozen_unit_reduction_cap,2.959793002290428,1.0,0.0,True
2830311799,targeted,True,3.94326092736708,3.0,frozen_unit_reduction_cap,2.94326092736708,1.0,0.0,True
4222645502,targeted,True,3.8549742704075673,3.0,frozen_unit_reduction_cap,2.8549742704075673,1.0,0.0,True
1733638135,targeted,True,3.842517841868652,3.0,frozen_unit_reduction_cap,2.842517841868652,1.0,0.0,True
2962328575,targeted,True,3.839288343974249,3.0,frozen_unit_reduction_cap,2.839288343974249,1.0,0.0,True
4115926696,targeted,True,3.812096685115832,4.0,frozen_unit_reduction_cap,2.812096685115832,1.0,0.0,True
486554346,targeted,True,3.806000380909504,3.0,frozen_unit_reduction_cap,2.806000380909504,1.0,0.0,True
188356860,targeted,True,3.7681643028061647,3.0,frozen_unit_reduction_cap,2.7681643028061647,1.0,0.0,True
1484130926,targeted,True,3.7613614199427152,1.0,frozen_unit_reduction_cap,2.7613614199427152,1.0,0.0,True
4276934835,targeted,True,3.754296410233628,3.0,frozen_unit_reduction_cap,2.754296410233628,1.0,0.0,True
2928664023,targeted,True,3.7471783689324942,4.0,frozen_unit_reduction_cap,2.7471783689324942,1.0,0.0,True
3808338922,targeted,True,3.710807712419238,3.0,frozen_unit_reduction_cap,2.710807712419238,1.0,0.0,True
3360935391,targeted,True,3.68045562156476,2.0,frozen_unit_reduction_cap,2.68045562156476,1.0,0.0,True
3753636287,targeted,True,3.67976784919439,2.0,frozen_unit_reduction_cap,2.67976784919439,1.0,0.0,True
2994144095,targeted,True,3.655971018474163,4.0,frozen_unit_reduction_cap,2.655971018474163,1.0,0.0,True
2568161599,targeted,True,3.639828630671403,3.0,frozen_unit_reduction_cap,2.639828630671403,1.0,0.0,True
1970763703,targeted,True,3.6371177065544695,2.0,frozen_unit_reduction_cap,2.6371177065544695,1.0,0.0,True
1996910946,targeted,True,3.6346150075067016,5.0,frozen_unit_reduction_cap,2.6346150075067016,1.0,0.0,True
2963990720,targeted,True,3.6240175489805866,1.0,frozen_unit_reduction_cap,2.6240175489805866,1.0,0.0,True
1409372535,targeted,True,3.604116048568965,3.0,frozen_unit_reduction_cap,2.604116048568965,1.0,0.0,True
1146073983,targeted,True,3.603999482313003,2.0,frozen_unit_reduction_cap,2.603999482313003,1.0,0.0,True
4049338536,targeted,True,3.588340845894905,1.0,frozen_unit_reduction_cap,2.588340845894905,1.0,0.0,True
98829032,targeted,True,3.5861568164526694,1.0,frozen_unit_reduction_cap,2.5861568164526694,1.0,0.0,True
2716181879,targeted,True,3.5834399365360694,3.0,frozen_unit_reduction_cap,2.5834399365360694,1.0,0.0,True
98377354,targeted,True,3.542068126188895,3.0,frozen_unit_reduction_cap,2.542068126188895,1.0,0.0,True
169289527,targeted,True,3.5270651577057786,1.0,frozen_unit_reduction_cap,2.5270651577057786,1.0,0.0,True
3586719116,targeted,True,3.52522874737916,3.0,frozen_unit_reduction_cap,2.52522874737916,1.0,0.0,True
3436561757,targeted,True,3.5249847741011653,3.0,frozen_unit_reduction_cap,2.5249847741011653,1.0,0.0,True
4105718972,targeted,True,3.5118289960812774,2.0,frozen_unit_reduction_cap,2.5118289960812774,1.0,0.0,True
583471943,targeted,True,3.5100195193739343,4.0,frozen_unit_reduction_cap,2.5100195193739343,1.0,0.0,True
3070606223,targeted,True,3.4993958910969583,4.0,frozen_unit_reduction_cap,2.4993958910969583,1.0,0.0,True
151693544,targeted,True,3.49663861466618,3.0,frozen_unit_reduction_cap,2.49663861466618,1.0,0.0,True
2340952736,targeted,True,3.493843531356559,3.0,frozen_unit_reduction_cap,2.493843531356559,1.0,0.0,True
3513834528,targeted,True,3.4875300039250874,3.0,frozen_unit_reduction_cap,2.4875300039250874,1.0,0.0,True
2309209015,targeted,True,3.4843779750602244,2.0,frozen_unit_reduction_cap,2.4843779750602244,1.0,0.0,True
251004228,targeted,True,3.4788516473117936,4.0,frozen_unit_reduction_cap,2.4788516473117936,1.0,0.0,True
1557724668,targeted,True,3.4679217947530283,2.0,frozen_unit_reduction_cap,2.4679217947530283,1.0,0.0,True
2281755208,targeted,True,3.4521937654485364,3.0,frozen_unit_reduction_cap,2.4521937654485364,1.0,0.0,True
2660682944,targeted,True,3.446296045799949,3.0,frozen_unit_reduction_cap,2.446296045799949,1.0,0.0,True
2332555223,targeted,True,3.4462406782311503,3.0,frozen_unit_reduction_cap,2.4462406782311503,1.0,0.0,True
2827939848,targeted,True,3.4385182911360657,4.0,frozen_unit_reduction_cap,2.4385182911360657,1.0,0.0,True
3867091839,targeted,True,3.431743367396121,2.0,frozen_unit_reduction_cap,2.431743367396121,1.0,0.0,True
2133065488,targeted,True,3.4289796537079025,2.0,frozen_unit_reduction_cap,2.4289796537079025,1.0,0.0,True
2297702640,targeted,True,3.4271595248485967,2.0,frozen_unit_reduction_cap,2.4271595248485967,1.0,0.0,True
1361031728,targeted,True,3.4194202616090887,4.0,frozen_unit_reduction_cap,2.4194202616090887,1.0,0.0,True
3233505314,targeted,True,3.39659789133324,3.0,frozen_unit_reduction_cap,2.39659789133324,1.0,0.0,True
4290833908,targeted,True,3.388398785890786,2.0,frozen_unit_reduction_cap,2.388398785890786,1.0,0.0,True
1733255135,targeted,True,3.384955237417643,2.0,frozen_unit_reduction_cap,2.384955237417643,1.0,0.0,True
3453249396,targeted,True,3.380323285952578,1.0,frozen_unit_reduction_cap,2.380323285952578,1.0,0.0,True
357551498,targeted,True,3.376058082670128,5.0,frozen_unit_reduction_cap,2.376058082670128,1.0,0.0,True
3959414047,targeted,True,3.362205253879342,2.0,frozen_unit_reduction_cap,2.362205253879342,1.0,0.0,True
1882714111,targeted,True,3.359182432984711,2.0,frozen_unit_reduction_cap,2.3607058695413654,0.9984765634433456,0.0,True
4091695570,targeted,True,3.357140616866129,3.0,frozen_unit_reduction_cap,2.360705869541365,0.996434747324764,0.0,True
353255167,targeted,True,3.3275466395586277,3.0,frozen_unit_reduction_cap,2.360705869541366,0.966840770017262,0.0,True
2744057678,targeted,True,3.3263814910983247,3.0,frozen_unit_reduction_cap,2.3607058695413654,0.9656756215569592,0.0,True
1987505192,targeted,True,3.323835169040698,1.0,frozen_unit_reduction_cap,2.360705869541365,0.9631292994993332,0.0,True
4172943618,targeted,True,3.3209750663219566,1.0,frozen_unit_reduction_cap,2.3607058695413654,0.9602691967805912,0.0,True
802044876,targeted,True,3.307526516796145,2.0,frozen_unit_reduction_cap,2.3607058695413654,0.9468206472547798,0.0,True
4272503603,targeted,True,3.30259845055152,5.0,frozen_unit_reduction_cap,2.360705869541365,0.9418925810101548,0.0,True
587091935,targeted,True,3.298930253931898,2.0,frozen_unit_reduction_cap,2.3607058695413654,0.9382243843905328,0.0,True
1464120040,targeted,True,3.287916859647796,3.0,frozen_unit_reduction_cap,2.360705869541366,0.9272109901064304,0.0,True
4083677170,targeted,True,3.2863190932697464,4.0,frozen_unit_reduction_cap,2.3607058695413654,0.925613223728381,0.0,True
251513557,targeted,True,3.283693241225383,3.0,frozen_unit_reduction_cap,2.3607058695413654,0.9229873716840178,0.0,True
4220172850,targeted,True,3.2808755662218214,1.0,frozen_unit_reduction_cap,2.3607058695413654,0.920169696680456,0.0,True
2669615999,targeted,True,3.268205894565161,3.0,frozen_unit_reduction_cap,2.3607058695413654,0.9075000250237956,0.0,True
3971270660,targeted,True,3.2663456675434164,2.0,frozen_unit_reduction_cap,2.3607058695413654,0.905639798002051,0.0,True
3344944589,targeted,True,3.26585586256984,2.0,frozen_unit_reduction_cap,2.3607058695413654,0.9051499930284748,0.0,True
3252149757,targeted,True,3.258972735541703,3.0,frozen_unit_reduction_cap,2.3607058695413654,0.8982668660003377,0.0,True
34343454,targeted,True,3.2586021335191946,2.0,frozen_unit_reduction_cap,2.3607058695413654,0.8978962639778292,0.0,True
3807565763,targeted,True,3.2553136770107702,3.0,frozen_unit_reduction_cap,2.3607058695413654,0.8946078074694048,0.0,True
2901520880,targeted,True,3.2507935855997028,3.0,frozen_unit_reduction_cap,2.3607058695413654,0.8900877160583374,0.0,True
1124783498,targeted,True,3.250702020897476,5.0,frozen_unit_reduction_cap,2.3607058695413654,0.8899961513561108,0.0,True
3347730688,targeted,True,3.2489837796556924,3.0,frozen_unit_reduction_cap,2.3607058695413654,0.888277910114327,0.0,True
556081425,targeted,True,2.9983522053835645,1.0,frozen_unit_reduction_cap,2.112947127922334,0.8854050774612303,0.0,True
1326077774,targeted,True,2.996493526622257,2.0,frozen_unit_reduction_cap,2.1129471279223337,0.8835463986999232,0.0,True
585932991,random_reference,False,1.7605168774788014,1.0,frozen_unit_reduction_cap,1.7605168774788014,0.0,0.0,True
2559215658,random_reference,False,3.1110393032122583,1.0,frozen_unit_reduction_cap,2.3607058695413654,0.7503334336708929,0.0,True
1550995707,random_reference,False,2.1516817609440637,3.0,frozen_unit_reduction_cap,2.1516817609440637,0.0,0.0,True
2695591794,random_reference,False,2.5302839423112604,1.0,frozen_unit_reduction_cap,2.112947127922334,0.4173368143889262,0.0,True
100604108,random_reference,False,2.7912781130718525,1.0,frozen_unit_reduction_cap,2.112947127922334,0.6783309851495183,0.0,True
1069492760,random_reference,False,2.336268387937532,3.0,frozen_unit_reduction_cap,2.336268387937532,0.0,0.0,True
1433406024,random_reference,False,2.89032526465322,2.0,frozen_unit_reduction_cap,2.1129471279223346,0.7773781367308854,0.0,True
992701,random_reference,False,2.1018029773294624,2.0,frozen_unit_reduction_cap,2.1018029773294624,0.0,0.0,True
1044171988,random_reference,False,2.298139027129993,3.0,frozen_unit_reduction_cap,2.298139027129993,0.0,0.0,True
1554544624,random_reference,False,1.5648838664219813,2.0,frozen_unit_reduction_cap,1.5648838664219813,0.0,0.0,True
3930242820,random_reference,False,3.0791433571301967,2.0,frozen_unit_reduction_cap,2.3607058695413654,0.7184374875888313,0.0,True
3366476219,random_reference,False,1.983177943622392,3.0,frozen_unit_reduction_cap,1.5668159310938339,0.4163620125285581,0.0,True
3487542976,random_reference,False,2.760525472690191,1.0,frozen_unit_reduction_cap,2.112947127922334,0.6475783447678567,0.0,True
4553587,random_reference,False,2.3290290427560034,2.0,frozen_unit_reduction_cap,2.3290290427560034,0.0,0.0,True
576870176,random_reference,False,2.30787140890963,3.0,frozen_unit_reduction_cap,2.30787140890963,0.0,0.0,True
1440494000,random_reference,False,2.8472313746492044,1.0,frozen_unit_reduction_cap,2.112947127922334,0.7342842467268702,0.0,True
2566964462,random_reference,False,2.150188623423239,1.0,frozen_unit_reduction_cap,2.150188623423239,0.0,0.0,True
1257266032,random_reference,False,2.351355901712766,2.0,frozen_unit_reduction_cap,2.351355901712766,0.0,0.0,True
3756134895,random_reference,False,1.213260867524974,3.0,frozen_unit_reduction_cap,1.213260867524974,0.0,0.0,True
2687247144,random_reference,False,2.5414925388005054,1.0,frozen_unit_reduction_cap,2.112947127922334,0.4285454108781712,0.0,True
1571782156,random_reference,False,2.995676740244467,3.0,frozen_unit_reduction_cap,2.112947127922334,0.8827296123221329,0.0,True
1014838312,random_reference,False,2.718205839799817,5.0,frozen_unit_reduction_cap,2.1129471279223346,0.6052587118774824,0.0,True
756038972,random_reference,False,2.534645648466842,3.0,frozen_unit_reduction_cap,2.112947127922334,0.4216985205445076,0.0,True
53085728,random_reference,False,2.8492487433723115,2.0,frozen_unit_reduction_cap,2.112947127922334,0.7363016154499773,0.0,True
4195152948,random_reference,False,2.285477970478881,1.0,frozen_unit_reduction_cap,2.285477970478881,0.0,0.0,True
4108776311,random_reference,False,2.4326320894746307,3.0,frozen_unit_reduction_cap,2.112947127922334,0.3196849615522965,0.0,True
474788076,random_reference,False,1.3816238940855,1.0,frozen_unit_reduction_cap,1.3816238940855,0.0,0.0,True
271089152,random_reference,False,2.5568058640374662,3.0,frozen_unit_reduction_cap,2.112947127922334,0.443858736115132,0.0,True
7921496,random_reference,False,2.1573853468976485,3.0,frozen_unit_reduction_cap,2.1573853468976485,0.0,0.0,True
776007234,random_reference,False,2.052026864941882,1.0,frozen_unit_reduction_cap,2.052026864941882,0.0,0.0,True
1364527855,random_reference,False,2.5261671248383024,1.0,frozen_unit_reduction_cap,2.112947127922334,0.4132199969159682,0.0,True
1090128395,random_reference,False,1.556162429914875,1.0,frozen_unit_reduction_cap,1.556162429914875,0.0,0.0,True
2946827830,random_reference,False,1.5051395331479571,3.0,frozen_unit_reduction_cap,1.5051395331479571,0.0,0.0,True
257322832,random_reference,False,1.6593474900705136,4.0,frozen_unit_reduction_cap,1.6593474900705136,0.0,0.0,True
3632156766,random_reference,False,2.2797428669366195,1.0,frozen_unit_reduction_cap,2.2797428669366195,0.0,0.0,True
4134793271,random_reference,False,2.805251451993365,3.0,frozen_unit_reduction_cap,2.112947127922334,0.6923043240710309,0.0,True
3700790175,random_reference,False,2.935506338442606,4.0,frozen_unit_reduction_cap,2.112947127922334,0.8225592105202719,0.0,True
3021337716,random_reference,False,2.2788651435006204,2.0,frozen_unit_reduction_cap,2.2788651435006204,0.0,0.0,True
138020960,random_reference,False,3.0348616709849146,2.0,frozen_unit_reduction_cap,2.3607058695413654,0.6741558014435491,0.0,True
458559150,random_reference,False,2.304827933400734,2.0,frozen_unit_reduction_cap,2.304827933400734,0.0,0.0,True
4275842720,targeted,True,4.802264353102509,3.0,frozen_abstain_endpoint_16,2.360705869541365,2.441558483561144,0.0,True
5135968,targeted,True,4.227925791074014,4.0,frozen_abstain_endpoint_16,2.3607058695413654,1.8672199215326488,0.0,True
1339916149,targeted,True,4.125232816117496,3.0,frozen_abstain_endpoint_16,2.3607058695413654,1.7645269465761304,0.0,True
2417095479,targeted,True,4.110141035524125,3.0,frozen_abstain_endpoint_16,2.3607058695413654,1.7494351659827592,0.0,True
1983016946,targeted,True,4.021774243198326,5.0,frozen_abstain_endpoint_16,2.3607058695413654,1.6610683736569607,0.0,True
3247388543,targeted,True,3.959793002290428,4.0,frozen_abstain_endpoint_16,2.360705869541366,1.5990871327490623,0.0,True
2830311799,targeted,True,3.94326092736708,3.0,frozen_abstain_endpoint_16,2.360705869541365,1.582555057825715,0.0,True
4222645502,targeted,True,3.8549742704075673,3.0,frozen_abstain_endpoint_16,2.3607058695413663,1.494268400866201,0.0,True
1733638135,targeted,True,3.842517841868652,3.0,frozen_abstain_endpoint_16,2.360705869541366,1.4818119723272862,0.0,True
2962328575,targeted,True,3.839288343974249,3.0,frozen_abstain_endpoint_16,2.360705869541366,1.478582474432883,0.0,True
4115926696,targeted,True,3.812096685115832,4.0,frozen_abstain_endpoint_16,2.3607058695413654,1.4513908155744666,0.0,True
486554346,targeted,True,3.806000380909504,3.0,frozen_abstain_endpoint_16,2.360705869541365,1.445294511368139,0.0,True
188356860,targeted,True,3.7681643028061647,3.0,frozen_abstain_endpoint_16,2.3607058695413654,1.4074584332647992,0.0,True
1484130926,targeted,True,3.7613614199427152,1.0,frozen_abstain_endpoint_16,3.7613614199427152,0.0,0.0,True
4276934835,targeted,True,3.754296410233628,3.0,frozen_abstain_endpoint_16,2.360705869541366,1.3935905406922622,0.0,True
2928664023,targeted,True,3.7471783689324942,4.0,frozen_abstain_endpoint_16,2.3607058695413654,1.3864724993911288,0.0,True
3808338922,targeted,True,3.710807712419238,3.0,frozen_abstain_endpoint_16,2.3607058695413654,1.3501018428778724,0.0,True
3360935391,targeted,True,3.68045562156476,2.0,frozen_abstain_endpoint_16,2.360705869541365,1.319749752023395,0.0,True
3753636287,targeted,True,3.67976784919439,2.0,frozen_abstain_endpoint_16,2.3607058695413654,1.3190619796530243,0.0,True
2994144095,targeted,True,3.655971018474163,4.0,frozen_abstain_endpoint_16,2.3607058695413654,1.2952651489327978,0.0,True
2568161599,targeted,True,3.639828630671403,3.0,frozen_abstain_endpoint_16,2.3607058695413654,1.2791227611300378,0.0,True
1970763703,targeted,True,3.6371177065544695,2.0,frozen_abstain_endpoint_16,2.3607058695413654,1.276411837013104,0.0,True
1996910946,targeted,True,3.6346150075067016,5.0,frozen_abstain_endpoint_16,2.3607058695413654,1.2739091379653362,0.0,True
2963990720,targeted,True,3.6240175489805866,1.0,frozen_abstain_endpoint_16,3.6240175489805866,0.0,0.0,True
1409372535,targeted,True,3.604116048568965,3.0,frozen_abstain_endpoint_16,2.3607058695413654,1.2434101790275998,0.0,True
1146073983,targeted,True,3.603999482313003,2.0,frozen_abstain_endpoint_16,2.3607058695413654,1.2432936127716374,0.0,True
4049338536,targeted,True,3.588340845894905,1.0,frozen_abstain_endpoint_16,3.588340845894905,0.0,0.0,True
98829032,targeted,True,3.5861568164526694,1.0,frozen_abstain_endpoint_16,3.5861568164526694,0.0,0.0,True
2716181879,targeted,True,3.5834399365360694,3.0,frozen_abstain_endpoint_16,2.3607058695413654,1.222734066994704,0.0,True
98377354,targeted,True,3.542068126188895,3.0,frozen_abstain_endpoint_16,2.3607058695413654,1.1813622566475297,0.0,True
169289527,targeted,True,3.5270651577057786,1.0,frozen_abstain_endpoint_16,3.5270651577057786,0.0,0.0,True
3586719116,targeted,True,3.52522874737916,3.0,frozen_abstain_endpoint_16,2.3607058695413654,1.1645228778377947,0.0,True
3436561757,targeted,True,3.5249847741011653,3.0,frozen_abstain_endpoint_16,2.3607058695413654,1.1642789045598,0.0,True
4105718972,targeted,True,3.5118289960812774,2.0,frozen_abstain_endpoint_16,2.3607058695413654,1.151123126539912,0.0,True
583471943,targeted,True,3.5100195193739343,4.0,frozen_abstain_endpoint_16,2.3607058695413654,1.149313649832569,0.0,True
3070606223,targeted,True,3.4993958910969583,4.0,frozen_abstain_endpoint_16,2.3607058695413654,1.1386900215555928,0.0,True
151693544,targeted,True,3.49663861466618,3.0,frozen_abstain_endpoint_16,2.360705869541366,1.1359327451248142,0.0,True
2340952736,targeted,True,3.493843531356559,3.0,frozen_abstain_endpoint_16,2.3607058695413654,1.1331376618151934,0.0,True
3513834528,targeted,True,3.4875300039250874,3.0,frozen_abstain_endpoint_16,2.3607058695413654,1.126824134383722,0.0,True
2309209015,targeted,True,3.4843779750602244,2.0,frozen_abstain_endpoint_16,2.3607058695413654,1.123672105518859,0.0,True
251004228,targeted,True,3.4788516473117936,4.0,frozen_abstain_endpoint_16,2.3607058695413654,1.1181457777704282,0.0,True
1557724668,targeted,True,3.4679217947530283,2.0,frozen_abstain_endpoint_16,2.3607058695413654,1.107215925211663,0.0,True
2281755208,targeted,True,3.4521937654485364,3.0,frozen_abstain_endpoint_16,2.3607058695413654,1.091487895907171,0.0,True
2660682944,targeted,True,3.446296045799949,3.0,frozen_abstain_endpoint_16,2.3607058695413654,1.0855901762585836,0.0,True
2332555223,targeted,True,3.4462406782311503,3.0,frozen_abstain_endpoint_16,2.3607058695413654,1.085534808689785,0.0,True
2827939848,targeted,True,3.4385182911360657,4.0,frozen_abstain_endpoint_16,2.3607058695413654,1.0778124215947005,0.0,True
3867091839,targeted,True,3.431743367396121,2.0,frozen_abstain_endpoint_16,2.360705869541365,1.071037497854756,0.0,True
2133065488,targeted,True,3.4289796537079025,2.0,frozen_abstain_endpoint_16,2.3607058695413654,1.068273784166537,0.0,True
2297702640,targeted,True,3.4271595248485967,2.0,frozen_abstain_endpoint_16,2.3607058695413654,1.0664536553072312,0.0,True
1361031728,targeted,True,3.4194202616090887,4.0,frozen_abstain_endpoint_16,2.3607058695413654,1.058714392067723,0.0,True
3233505314,targeted,True,3.39659789133324,3.0,frozen_abstain_endpoint_16,2.3607058695413654,1.0358920217918746,0.0,True
4290833908,targeted,True,3.388398785890786,2.0,frozen_abstain_endpoint_16,2.3607058695413654,1.0276929163494204,0.0,True
1733255135,targeted,True,3.384955237417643,2.0,frozen_abstain_endpoint_16,2.3607058695413654,1.0242493678762776,0.0,True
3453249396,targeted,True,3.380323285952578,1.0,frozen_abstain_endpoint_16,3.380323285952578,0.0,0.0,True
357551498,targeted,True,3.376058082670128,5.0,frozen_abstain_endpoint_16,2.360705869541366,1.0153522131287622,0.0,True
3959414047,targeted,True,3.362205253879342,2.0,frozen_abstain_endpoint_16,2.3607058695413654,1.0014993843379765,0.0,True
1882714111,targeted,True,3.359182432984711,2.0,frozen_abstain_endpoint_16,2.3607058695413654,0.9984765634433456,0.0,True
4091695570,targeted,True,3.357140616866129,3.0,frozen_abstain_endpoint_16,2.360705869541365,0.996434747324764,0.0,True
353255167,targeted,True,3.3275466395586277,3.0,frozen_abstain_endpoint_16,2.360705869541366,0.966840770017262,0.0,True
2744057678,targeted,True,3.3263814910983247,3.0,frozen_abstain_endpoint_16,2.3607058695413654,0.9656756215569592,0.0,True
1987505192,targeted,True,3.323835169040698,1.0,frozen_abstain_endpoint_16,3.323835169040698,0.0,0.0,True
4172943618,targeted,True,3.3209750663219566,1.0,frozen_abstain_endpoint_16,3.3209750663219566,0.0,0.0,True
802044876,targeted,True,3.307526516796145,2.0,frozen_abstain_endpoint_16,2.3607058695413654,0.9468206472547798,0.0,True
4272503603,targeted,True,3.30259845055152,5.0,frozen_abstain_endpoint_16,2.360705869541365,0.9418925810101548,0.0,True
587091935,targeted,True,3.298930253931898,2.0,frozen_abstain_endpoint_16,2.3607058695413654,0.9382243843905328,0.0,True
1464120040,targeted,True,3.287916859647796,3.0,frozen_abstain_endpoint_16,2.360705869541366,0.9272109901064304,0.0,True
4083677170,targeted,True,3.2863190932697464,4.0,frozen_abstain_endpoint_16,2.3607058695413654,0.925613223728381,0.0,True
251513557,targeted,True,3.283693241225383,3.0,frozen_abstain_endpoint_16,2.3607058695413654,0.9229873716840178,0.0,True
4220172850,targeted,True,3.2808755662218214,1.0,frozen_abstain_endpoint_16,3.2808755662218214,0.0,0.0,True
2669615999,targeted,True,3.268205894565161,3.0,frozen_abstain_endpoint_16,2.3607058695413654,0.9075000250237956,0.0,True
3971270660,targeted,True,3.2663456675434164,2.0,frozen_abstain_endpoint_16,2.3607058695413654,0.905639798002051,0.0,True
3344944589,targeted,True,3.26585586256984,2.0,frozen_abstain_endpoint_16,2.3607058695413654,0.9051499930284748,0.0,True
3252149757,targeted,True,3.258972735541703,3.0,frozen_abstain_endpoint_16,2.3607058695413654,0.8982668660003377,0.0,True
34343454,targeted,True,3.2586021335191946,2.0,frozen_abstain_endpoint_16,2.3607058695413654,0.8978962639778292,0.0,True
3807565763,targeted,True,3.2553136770107702,3.0,frozen_abstain_endpoint_16,2.3607058695413654,0.8946078074694048,0.0,True
2901520880,targeted,True,3.2507935855997028,3.0,frozen_abstain_endpoint_16,2.3607058695413654,0.8900877160583374,0.0,True
1124783498,targeted,True,3.250702020897476,5.0,frozen_abstain_endpoint_16,2.3607058695413654,0.8899961513561108,0.0,True
3347730688,targeted,True,3.2489837796556924,3.0,frozen_abstain_endpoint_16,2.3607058695413654,0.888277910114327,0.0,True
556081425,targeted,True,2.9983522053835645,1.0,frozen_abstain_endpoint_16,2.9983522053835645,0.0,0.0,True
1326077774,targeted,True,2.996493526622257,2.0,frozen_abstain_endpoint_16,2.1129471279223337,0.8835463986999232,0.0,True
585932991,random_reference,False,1.7605168774788014,1.0,frozen_abstain_endpoint_16,1.7605168774788014,0.0,0.0,True
2559215658,random_reference,False,3.1110393032122583,1.0,frozen_abstain_endpoint_16,3.1110393032122583,0.0,0.0,True
1550995707,random_reference,False,2.1516817609440637,3.0,frozen_abstain_endpoint_16,2.1516817609440637,0.0,0.0,True
2695591794,random_reference,False,2.5302839423112604,1.0,frozen_abstain_endpoint_16,2.5302839423112604,0.0,0.0,True
100604108,random_reference,False,2.7912781130718525,1.0,frozen_abstain_endpoint_16,2.7912781130718525,0.0,0.0,True
1069492760,random_reference,False,2.336268387937532,3.0,frozen_abstain_endpoint_16,2.336268387937532,0.0,0.0,True
1433406024,random_reference,False,2.89032526465322,2.0,frozen_abstain_endpoint_16,2.1129471279223346,0.7773781367308854,0.0,True
992701,random_reference,False,2.1018029773294624,2.0,frozen_abstain_endpoint_16,2.1018029773294624,0.0,0.0,True
1044171988,random_reference,False,2.298139027129993,3.0,frozen_abstain_endpoint_16,2.298139027129993,0.0,0.0,True
1554544624,random_reference,False,1.5648838664219813,2.0,frozen_abstain_endpoint_16,1.5648838664219813,0.0,0.0,True
3930242820,random_reference,False,3.0791433571301967,2.0,frozen_abstain_endpoint_16,2.3607058695413654,0.7184374875888313,0.0,True
3366476219,random_reference,False,1.983177943622392,3.0,frozen_abstain_endpoint_16,1.5668159310938339,0.4163620125285581,0.0,True
3487542976,random_reference,False,2.760525472690191,1.0,frozen_abstain_endpoint_16,2.760525472690191,0.0,0.0,True
4553587,random_reference,False,2.3290290427560034,2.0,frozen_abstain_endpoint_16,2.3290290427560034,0.0,0.0,True
576870176,random_reference,False,2.30787140890963,3.0,frozen_abstain_endpoint_16,2.30787140890963,0.0,0.0,True
1440494000,random_reference,False,2.8472313746492044,1.0,frozen_abstain_endpoint_16,2.8472313746492044,0.0,0.0,True
2566964462,random_reference,False,2.150188623423239,1.0,frozen_abstain_endpoint_16,2.150188623423239,0.0,0.0,True
1257266032,random_reference,False,2.351355901712766,2.0,frozen_abstain_endpoint_16,2.351355901712766,0.0,0.0,True
3756134895,random_reference,False,1.213260867524974,3.0,frozen_abstain_endpoint_16,1.213260867524974,0.0,0.0,True
2687247144,random_reference,False,2.5414925388005054,1.0,frozen_abstain_endpoint_16,2.5414925388005054,0.0,0.0,True
1571782156,random_reference,False,2.995676740244467,3.0,frozen_abstain_endpoint_16,2.112947127922334,0.8827296123221329,0.0,True
1014838312,random_reference,False,2.718205839799817,5.0,frozen_abstain_endpoint_16,2.1129471279223346,0.6052587118774824,0.0,True
756038972,random_reference,False,2.534645648466842,3.0,frozen_abstain_endpoint_16,2.112947127922334,0.4216985205445076,0.0,True
53085728,random_reference,False,2.8492487433723115,2.0,frozen_abstain_endpoint_16,2.112947127922334,0.7363016154499773,0.0,True
4195152948,random_reference,False,2.285477970478881,1.0,frozen_abstain_endpoint_16,2.285477970478881,0.0,0.0,True
4108776311,random_reference,False,2.4326320894746307,3.0,frozen_abstain_endpoint_16,2.112947127922334,0.3196849615522965,0.0,True
474788076,random_reference,False,1.3816238940855,1.0,frozen_abstain_endpoint_16,1.3816238940855,0.0,0.0,True
271089152,random_reference,False,2.5568058640374662,3.0,frozen_abstain_endpoint_16,2.112947127922334,0.443858736115132,0.0,True
7921496,random_reference,False,2.1573853468976485,3.0,frozen_abstain_endpoint_16,2.1573853468976485,0.0,0.0,True
776007234,random_reference,False,2.052026864941882,1.0,frozen_abstain_endpoint_16,2.052026864941882,0.0,0.0,True
1364527855,random_reference,False,2.5261671248383024,1.0,frozen_abstain_endpoint_16,2.5261671248383024,0.0,0.0,True
1090128395,random_reference,False,1.556162429914875,1.0,frozen_abstain_endpoint_16,1.556162429914875,0.0,0.0,True
2946827830,random_reference,False,1.5051395331479571,3.0,frozen_abstain_endpoint_16,1.5051395331479571,0.0,0.0,True
257322832,random_reference,False,1.6593474900705136,4.0,frozen_abstain_endpoint_16,1.6593474900705136,0.0,0.0,True
3632156766,random_reference,False,2.2797428669366195,1.0,frozen_abstain_endpoint_16,2.2797428669366195,0.0,0.0,True
4134793271,random_reference,False,2.805251451993365,3.0,frozen_abstain_endpoint_16,2.112947127922334,0.6923043240710309,0.0,True
3700790175,random_reference,False,2.935506338442606,4.0,frozen_abstain_endpoint_16,2.112947127922334,0.8225592105202719,0.0,True
3021337716,random_reference,False,2.2788651435006204,2.0,frozen_abstain_endpoint_16,2.2788651435006204,0.0,0.0,True
138020960,random_reference,False,3.0348616709849146,2.0,frozen_abstain_endpoint_16,2.3607058695413654,0.6741558014435491,0.0,True
458559150,random_reference,False,2.304827933400734,2.0,frozen_abstain_endpoint_16,2.304827933400734,0.0,0.0,True
4275842720,targeted,True,4.802264353102509,3.0,score_only_all,2.029293138205551,2.772971214896958,0.0,True
5135968,targeted,True,4.227925791074014,4.0,score_only_all,2.029293138205551,2.198632652868463,0.0,True
1339916149,targeted,True,4.125232816117496,3.0,score_only_all,2.029293138205551,2.095939677911945,0.0,True
2417095479,targeted,True,4.110141035524125,3.0,score_only_all,2.029293138205551,2.0808478973185736,0.0,True
1983016946,targeted,True,4.021774243198326,5.0,score_only_all,2.029293138205551,1.992481104992775,0.0,True
3247388543,targeted,True,3.959793002290428,4.0,score_only_all,2.029293138205551,1.9304998640848772,0.0,True
2830311799,targeted,True,3.94326092736708,3.0,score_only_all,2.029293138205551,1.913967789161529,0.0,True
4222645502,targeted,True,3.8549742704075673,3.0,score_only_all,2.029293138205551,1.8256811322020163,0.0,True
1733638135,targeted,True,3.842517841868652,3.0,score_only_all,2.029293138205551,1.813224703663101,0.0,True
2962328575,targeted,True,3.839288343974249,3.0,score_only_all,2.029293138205551,1.8099952057686979,0.0,True
4115926696,targeted,True,3.812096685115832,4.0,score_only_all,2.029293138205551,1.782803546910281,0.0,True
486554346,targeted,True,3.806000380909504,3.0,score_only_all,2.029293138205551,1.776707242703953,0.0,True
188356860,targeted,True,3.7681643028061647,3.0,score_only_all,2.029293138205551,1.7388711646006136,0.0,True
1484130926,targeted,True,3.7613614199427152,1.0,score_only_all,2.029293138205551,1.7320682817371642,0.7320682817371642,False
4276934835,targeted,True,3.754296410233628,3.0,score_only_all,2.029293138205551,1.725003272028077,0.0,True
2928664023,targeted,True,3.7471783689324942,4.0,score_only_all,2.029293138205551,1.7178852307269432,0.0,True
3808338922,targeted,True,3.710807712419238,3.0,score_only_all,2.029293138205551,1.6815145742136868,0.0,True
3360935391,targeted,True,3.68045562156476,2.0,score_only_all,2.029293138205551,1.651162483359209,0.0,True
3753636287,targeted,True,3.67976784919439,2.0,score_only_all,2.029293138205551,1.650474710988839,0.0,True
2994144095,targeted,True,3.655971018474163,4.0,score_only_all,2.029293138205551,1.6266778802686122,0.0,True
2568161599,targeted,True,3.639828630671403,3.0,score_only_all,2.029293138205551,1.6105354924658521,0.0,True
1970763703,targeted,True,3.6371177065544695,2.0,score_only_all,2.029293138205551,1.6078245683489185,0.0,True
1996910946,targeted,True,3.6346150075067016,5.0,score_only_all,2.029293138205551,1.6053218693011506,0.0,True
2963990720,targeted,True,3.6240175489805866,1.0,score_only_all,2.029293138205551,1.5947244107750356,0.5947244107750356,False
1409372535,targeted,True,3.604116048568965,3.0,score_only_all,2.029293138205551,1.5748229103634142,0.0,True
1146073983,targeted,True,3.603999482313003,2.0,score_only_all,2.029293138205551,1.5747063441074518,0.0,True
4049338536,targeted,True,3.588340845894905,1.0,score_only_all,2.029293138205551,1.5590477076893539,0.5590477076893539,False
98829032,targeted,True,3.5861568164526694,1.0,score_only_all,2.029293138205551,1.5568636782471184,0.5568636782471184,False
2716181879,targeted,True,3.5834399365360694,3.0,score_only_all,2.029293138205551,1.5541467983305184,0.0,True
98377354,targeted,True,3.542068126188895,3.0,score_only_all,2.029293138205551,1.5127749879833439,0.0,True
169289527,targeted,True,3.5270651577057786,1.0,score_only_all,2.029293138205551,1.4977720195002275,0.49777201950022754,False
3586719116,targeted,True,3.52522874737916,3.0,score_only_all,2.029293138205551,1.4959356091736091,0.0,True
3436561757,targeted,True,3.5249847741011653,3.0,score_only_all,2.029293138205551,1.4956916358956143,0.0,True
4105718972,targeted,True,3.5118289960812774,2.0,score_only_all,2.029293138205551,1.4825358578757264,0.0,True
583471943,targeted,True,3.5100195193739343,4.0,score_only_all,2.029293138205551,1.4807263811683833,0.0,True
3070606223,targeted,True,3.4993958910969583,4.0,score_only_all,2.029293138205551,1.4701027528914072,0.0,True
151693544,targeted,True,3.49663861466618,3.0,score_only_all,2.029293138205551,1.467345476460629,0.0,True
2340952736,targeted,True,3.493843531356559,3.0,score_only_all,2.029293138205551,1.4645503931510078,0.0,True
3513834528,targeted,True,3.4875300039250874,3.0,score_only_all,2.029293138205551,1.4582368657195364,0.0,True
2309209015,targeted,True,3.4843779750602244,2.0,score_only_all,2.029293138205551,1.4550848368546734,0.0,True
251004228,targeted,True,3.4788516473117936,4.0,score_only_all,2.029293138205551,1.4495585091062426,0.0,True
1557724668,targeted,True,3.4679217947530283,2.0,score_only_all,2.029293138205551,1.4386286565474773,0.0,True
2281755208,targeted,True,3.4521937654485364,3.0,score_only_all,2.029293138205551,1.4229006272429854,0.0,True
2660682944,targeted,True,3.446296045799949,3.0,score_only_all,2.029293138205551,1.417002907594398,0.0,True
2332555223,targeted,True,3.4462406782311503,3.0,score_only_all,2.029293138205551,1.4169475400255993,0.0,True
2827939848,targeted,True,3.4385182911360657,4.0,score_only_all,2.029293138205551,1.4092251529305146,0.0,True
3867091839,targeted,True,3.431743367396121,2.0,score_only_all,2.029293138205551,1.40245022919057,0.0,True
2133065488,targeted,True,3.4289796537079025,2.0,score_only_all,2.029293138205551,1.3996865155023515,0.0,True
2297702640,targeted,True,3.4271595248485967,2.0,score_only_all,2.029293138205551,1.3978663866430456,0.0,True
1361031728,targeted,True,3.4194202616090887,4.0,score_only_all,2.0584317315100744,1.3609885300990143,0.0,True
3233505314,targeted,True,3.39659789133324,3.0,score_only_all,2.0584317315100744,1.3381661598231656,0.0,True
4290833908,targeted,True,3.388398785890786,2.0,score_only_all,2.0584317315100744,1.3299670543807114,0.0,True
1733255135,targeted,True,3.384955237417643,2.0,score_only_all,2.0584317315100744,1.3265235059075686,0.0,True
3453249396,targeted,True,3.380323285952578,1.0,score_only_all,2.0584317315100744,1.3218915544425034,0.3218915544425034,False
357551498,targeted,True,3.376058082670128,5.0,score_only_all,2.0584317315100744,1.3176263511600537,0.0,True
3959414047,targeted,True,3.362205253879342,2.0,score_only_all,2.0584317315100744,1.3037735223692675,0.0,True
1882714111,targeted,True,3.359182432984711,2.0,score_only_all,2.0584317315100744,1.3007507014746365,0.0,True
4091695570,targeted,True,3.357140616866129,3.0,score_only_all,2.0584317315100744,1.2987088853560547,0.0,True
353255167,targeted,True,3.3275466395586277,3.0,score_only_all,2.0584317315100744,1.2691149080485533,0.0,True
2744057678,targeted,True,3.3263814910983247,3.0,score_only_all,2.0584317315100744,1.2679497595882503,0.0,True
1987505192,targeted,True,3.323835169040698,1.0,score_only_all,2.0584317315100744,1.2654034375306238,0.2654034375306238,False
4172943618,targeted,True,3.3209750663219566,1.0,score_only_all,2.0584317315100744,1.2625433348118822,0.2625433348118822,False
802044876,targeted,True,3.307526516796145,2.0,score_only_all,2.0584317315100744,1.2490947852860708,0.0,True
4272503603,targeted,True,3.30259845055152,5.0,score_only_all,2.0584317315100744,1.2441667190414454,0.0,True
587091935,targeted,True,3.298930253931898,2.0,score_only_all,2.0584317315100744,1.2404985224218237,0.0,True
1464120040,targeted,True,3.287916859647796,3.0,score_only_all,2.0584317315100744,1.2294851281377217,0.0,True
4083677170,targeted,True,3.2863190932697464,4.0,score_only_all,2.0584317315100744,1.227887361759672,0.0,True
251513557,targeted,True,3.283693241225383,3.0,score_only_all,2.0584317315100744,1.2252615097153088,0.0,True
4220172850,targeted,True,3.2808755662218214,1.0,score_only_all,2.0584317315100744,1.222443834711747,0.222443834711747,False
2669615999,targeted,True,3.268205894565161,3.0,score_only_all,2.0584317315100744,1.2097741630550867,0.0,True
3971270660,targeted,True,3.2663456675434164,2.0,score_only_all,2.0584317315100744,1.207913936033342,0.0,True
3344944589,targeted,True,3.26585586256984,2.0,score_only_all,2.0584317315100744,1.2074241310597658,0.0,True
3252149757,targeted,True,3.258972735541703,3.0,score_only_all,2.0584317315100744,1.2005410040316287,0.0,True
34343454,targeted,True,3.2586021335191946,2.0,score_only_all,2.0584317315100744,1.2001704020091202,0.0,True
3807565763,targeted,True,3.2553136770107702,3.0,score_only_all,2.0584317315100744,1.1968819455006958,0.0,True
2901520880,targeted,True,3.2507935855997028,3.0,score_only_all,2.0584317315100744,1.1923618540896284,0.0,True
1124783498,targeted,True,3.250702020897476,5.0,score_only_all,2.0584317315100744,1.1922702893874018,0.0,True
3347730688,targeted,True,3.2489837796556924,3.0,score_only_all,2.0584317315100744,1.190552048145618,0.0,True
556081425,targeted,True,2.9983522053835645,1.0,score_only_all,2.680731062268787,0.3176211431147773,0.0,True
1326077774,targeted,True,2.996493526622257,2.0,score_only_all,2.680731062268787,0.3157624643534698,0.0,True
585932991,random_reference,False,1.7605168774788014,1.0,score_only_all,2.465677123752672,0.0,0.0,True
2559215658,random_reference,False,3.1110393032122583,1.0,score_only_all,2.686144628525163,0.4248946746870952,0.0,True
1550995707,random_reference,False,2.1516817609440637,3.0,score_only_all,2.768804046887862,0.0,0.0,True
2695591794,random_reference,False,2.5302839423112604,1.0,score_only_all,2.134924791160244,0.3953591511510166,0.0,True
100604108,random_reference,False,2.7912781130718525,1.0,score_only_all,2.1895995948063884,0.601678518265464,0.0,True
1069492760,random_reference,False,2.336268387937532,3.0,score_only_all,2.781788750908998,0.0,0.0,True
1433406024,random_reference,False,2.89032526465322,2.0,score_only_all,3.5077997333918765,0.0,0.0,True
992701,random_reference,False,2.1018029773294624,2.0,score_only_all,2.6737802726603768,0.0,0.0,True
1044171988,random_reference,False,2.298139027129993,3.0,score_only_all,2.9279480594730685,0.0,0.0,True
1554544624,random_reference,False,1.5648838664219813,2.0,score_only_all,2.2265039287411885,0.0,0.0,True
3930242820,random_reference,False,3.0791433571301967,2.0,score_only_all,2.686144628525163,0.3929987286050336,0.0,True
3366476219,random_reference,False,1.983177943622392,3.0,score_only_all,2.581750822549014,0.0,0.0,True
3487542976,random_reference,False,2.760525472690191,1.0,score_only_all,2.1895995948063884,0.5709258778838024,0.0,True
4553587,random_reference,False,2.3290290427560034,2.0,score_only_all,2.781788750908998,0.0,0.0,True
576870176,random_reference,False,2.30787140890963,3.0,score_only_all,2.9279480594730685,0.0,0.0,True
1440494000,random_reference,False,2.8472313746492044,1.0,score_only_all,3.445621114487351,0.0,0.0,True
2566964462,random_reference,False,2.150188623423239,1.0,score_only_all,2.768804046887862,0.0,0.0,True
1257266032,random_reference,False,2.351355901712766,2.0,score_only_all,2.781788750908998,0.0,0.0,True
3756134895,random_reference,False,1.213260867524974,3.0,score_only_all,2.2265039287411885,0.0,0.0,True
2687247144,random_reference,False,2.5414925388005054,1.0,score_only_all,2.134924791160244,0.4065677476402616,0.0,True
1571782156,random_reference,False,2.995676740244467,3.0,score_only_all,2.680731062268787,0.31494567797567985,0.0,True
1014838312,random_reference,False,2.718205839799817,5.0,score_only_all,2.1895995948063884,0.5286062449934286,0.0,True
756038972,random_reference,False,2.534645648466842,3.0,score_only_all,2.134924791160244,0.399720857306598,0.0,True
53085728,random_reference,False,2.8492487433723115,2.0,score_only_all,3.445621114487351,0.0,0.0,True
4195152948,random_reference,False,2.285477970478881,1.0,score_only_all,2.9279480594730685,0.0,0.0,True
4108776311,random_reference,False,2.4326320894746307,3.0,score_only_all,3.0365988227875857,0.0,0.0,True
474788076,random_reference,False,1.3816238940855,1.0,score_only_all,2.2265039287411885,0.0,0.0,True
271089152,random_reference,False,2.5568058640374662,3.0,score_only_all,2.134924791160244,0.42188107287722243,0.0,True
7921496,random_reference,False,2.1573853468976485,3.0,score_only_all,2.768804046887862,0.0,0.0,True
776007234,random_reference,False,2.052026864941882,1.0,score_only_all,2.6737802726603768,0.0,0.0,True
1364527855,random_reference,False,2.5261671248383024,1.0,score_only_all,2.134924791160244,0.3912423336780586,0.0,True
1090128395,random_reference,False,1.556162429914875,1.0,score_only_all,2.2265039287411885,0.0,0.0,True
2946827830,random_reference,False,1.5051395331479571,3.0,score_only_all,2.2265039287411885,0.0,0.0,True
257322832,random_reference,False,1.6593474900705136,4.0,score_only_all,2.465677123752672,0.0,0.0,True
3632156766,random_reference,False,2.2797428669366195,1.0,score_only_all,2.589045897414473,0.0,0.0,True
4134793271,random_reference,False,2.805251451993365,3.0,score_only_all,2.1973195712330327,0.6079318807603324,0.0,True
3700790175,random_reference,False,2.935506338442606,4.0,score_only_all,2.675097300650736,0.2604090377918702,0.0,True
3021337716,random_reference,False,2.2788651435006204,2.0,score_only_all,2.589045897414473,0.0,0.0,True
138020960,random_reference,False,3.0348616709849146,2.0,score_only_all,2.6900932041476366,0.3447684668372779,0.0,True
458559150,random_reference,False,2.304827933400734,2.0,score_only_all,2.9279480594730685,0.0,0.0,True
4275842720,targeted,True,4.802264353102509,3.0,score_only_selected,2.029293138205551,2.772971214896958,0.0,True
5135968,targeted,True,4.227925791074014,4.0,score_only_selected,2.029293138205551,2.198632652868463,0.0,True
1339916149,targeted,True,4.125232816117496,3.0,score_only_selected,2.029293138205551,2.095939677911945,0.0,True
2417095479,targeted,True,4.110141035524125,3.0,score_only_selected,2.029293138205551,2.0808478973185736,0.0,True
1983016946,targeted,True,4.021774243198326,5.0,score_only_selected,2.029293138205551,1.992481104992775,0.0,True
3247388543,targeted,True,3.959793002290428,4.0,score_only_selected,2.029293138205551,1.9304998640848772,0.0,True
2830311799,targeted,True,3.94326092736708,3.0,score_only_selected,2.029293138205551,1.913967789161529,0.0,True
4222645502,targeted,True,3.8549742704075673,3.0,score_only_selected,2.029293138205551,1.8256811322020163,0.0,True
1733638135,targeted,True,3.842517841868652,3.0,score_only_selected,2.029293138205551,1.813224703663101,0.0,True
2962328575,targeted,True,3.839288343974249,3.0,score_only_selected,2.029293138205551,1.8099952057686979,0.0,True
4115926696,targeted,True,3.812096685115832,4.0,score_only_selected,2.029293138205551,1.782803546910281,0.0,True
486554346,targeted,True,3.806000380909504,3.0,score_only_selected,2.029293138205551,1.776707242703953,0.0,True
188356860,targeted,True,3.7681643028061647,3.0,score_only_selected,2.029293138205551,1.7388711646006136,0.0,True
1484130926,targeted,True,3.7613614199427152,1.0,score_only_selected,2.029293138205551,1.7320682817371642,0.7320682817371642,False
4276934835,targeted,True,3.754296410233628,3.0,score_only_selected,2.029293138205551,1.725003272028077,0.0,True
2928664023,targeted,True,3.7471783689324942,4.0,score_only_selected,2.029293138205551,1.7178852307269432,0.0,True
3808338922,targeted,True,3.710807712419238,3.0,score_only_selected,2.029293138205551,1.6815145742136868,0.0,True
3360935391,targeted,True,3.68045562156476,2.0,score_only_selected,2.029293138205551,1.651162483359209,0.0,True
3753636287,targeted,True,3.67976784919439,2.0,score_only_selected,2.029293138205551,1.650474710988839,0.0,True
2994144095,targeted,True,3.655971018474163,4.0,score_only_selected,2.029293138205551,1.6266778802686122,0.0,True
2568161599,targeted,True,3.639828630671403,3.0,score_only_selected,2.029293138205551,1.6105354924658521,0.0,True
1970763703,targeted,True,3.6371177065544695,2.0,score_only_selected,2.029293138205551,1.6078245683489185,0.0,True
1996910946,targeted,True,3.6346150075067016,5.0,score_only_selected,2.029293138205551,1.6053218693011506,0.0,True
2963990720,targeted,True,3.6240175489805866,1.0,score_only_selected,2.029293138205551,1.5947244107750356,0.5947244107750356,False
1409372535,targeted,True,3.604116048568965,3.0,score_only_selected,2.029293138205551,1.5748229103634142,0.0,True
1146073983,targeted,True,3.603999482313003,2.0,score_only_selected,2.029293138205551,1.5747063441074518,0.0,True
4049338536,targeted,True,3.588340845894905,1.0,score_only_selected,2.029293138205551,1.5590477076893539,0.5590477076893539,False
98829032,targeted,True,3.5861568164526694,1.0,score_only_selected,2.029293138205551,1.5568636782471184,0.5568636782471184,False
2716181879,targeted,True,3.5834399365360694,3.0,score_only_selected,2.029293138205551,1.5541467983305184,0.0,True
98377354,targeted,True,3.542068126188895,3.0,score_only_selected,2.029293138205551,1.5127749879833439,0.0,True
169289527,targeted,True,3.5270651577057786,1.0,score_only_selected,2.029293138205551,1.4977720195002275,0.49777201950022754,False
3586719116,targeted,True,3.52522874737916,3.0,score_only_selected,2.029293138205551,1.4959356091736091,0.0,True
3436561757,targeted,True,3.5249847741011653,3.0,score_only_selected,2.029293138205551,1.4956916358956143,0.0,True
4105718972,targeted,True,3.5118289960812774,2.0,score_only_selected,2.029293138205551,1.4825358578757264,0.0,True
583471943,targeted,True,3.5100195193739343,4.0,score_only_selected,2.029293138205551,1.4807263811683833,0.0,True
3070606223,targeted,True,3.4993958910969583,4.0,score_only_selected,2.029293138205551,1.4701027528914072,0.0,True
151693544,targeted,True,3.49663861466618,3.0,score_only_selected,2.029293138205551,1.467345476460629,0.0,True
2340952736,targeted,True,3.493843531356559,3.0,score_only_selected,2.029293138205551,1.4645503931510078,0.0,True
3513834528,targeted,True,3.4875300039250874,3.0,score_only_selected,2.029293138205551,1.4582368657195364,0.0,True
2309209015,targeted,True,3.4843779750602244,2.0,score_only_selected,2.029293138205551,1.4550848368546734,0.0,True
251004228,targeted,True,3.4788516473117936,4.0,score_only_selected,2.029293138205551,1.4495585091062426,0.0,True
1557724668,targeted,True,3.4679217947530283,2.0,score_only_selected,2.029293138205551,1.4386286565474773,0.0,True
2281755208,targeted,True,3.4521937654485364,3.0,score_only_selected,2.029293138205551,1.4229006272429854,0.0,True
2660682944,targeted,True,3.446296045799949,3.0,score_only_selected,2.029293138205551,1.417002907594398,0.0,True
2332555223,targeted,True,3.4462406782311503,3.0,score_only_selected,2.029293138205551,1.4169475400255993,0.0,True
2827939848,targeted,True,3.4385182911360657,4.0,score_only_selected,2.029293138205551,1.4092251529305146,0.0,True
3867091839,targeted,True,3.431743367396121,2.0,score_only_selected,2.029293138205551,1.40245022919057,0.0,True
2133065488,targeted,True,3.4289796537079025,2.0,score_only_selected,2.029293138205551,1.3996865155023515,0.0,True
2297702640,targeted,True,3.4271595248485967,2.0,score_only_selected,2.029293138205551,1.3978663866430456,0.0,True
1361031728,targeted,True,3.4194202616090887,4.0,score_only_selected,2.0584317315100744,1.3609885300990143,0.0,True
3233505314,targeted,True,3.39659789133324,3.0,score_only_selected,2.0584317315100744,1.3381661598231656,0.0,True
4290833908,targeted,True,3.388398785890786,2.0,score_only_selected,2.0584317315100744,1.3299670543807114,0.0,True
1733255135,targeted,True,3.384955237417643,2.0,score_only_selected,2.0584317315100744,1.3265235059075686,0.0,True
3453249396,targeted,True,3.380323285952578,1.0,score_only_selected,2.0584317315100744,1.3218915544425034,0.3218915544425034,False
357551498,targeted,True,3.376058082670128,5.0,score_only_selected,2.0584317315100744,1.3176263511600537,0.0,True
3959414047,targeted,True,3.362205253879342,2.0,score_only_selected,2.0584317315100744,1.3037735223692675,0.0,True
1882714111,targeted,True,3.359182432984711,2.0,score_only_selected,2.0584317315100744,1.3007507014746365,0.0,True
4091695570,targeted,True,3.357140616866129,3.0,score_only_selected,2.0584317315100744,1.2987088853560547,0.0,True
353255167,targeted,True,3.3275466395586277,3.0,score_only_selected,2.0584317315100744,1.2691149080485533,0.0,True
2744057678,targeted,True,3.3263814910983247,3.0,score_only_selected,2.0584317315100744,1.2679497595882503,0.0,True
1987505192,targeted,True,3.323835169040698,1.0,score_only_selected,2.0584317315100744,1.2654034375306238,0.2654034375306238,False
4172943618,targeted,True,3.3209750663219566,1.0,score_only_selected,2.0584317315100744,1.2625433348118822,0.2625433348118822,False
802044876,targeted,True,3.307526516796145,2.0,score_only_selected,2.0584317315100744,1.2490947852860708,0.0,True
4272503603,targeted,True,3.30259845055152,5.0,score_only_selected,2.0584317315100744,1.2441667190414454,0.0,True
587091935,targeted,True,3.298930253931898,2.0,score_only_selected,2.0584317315100744,1.2404985224218237,0.0,True
1464120040,targeted,True,3.287916859647796,3.0,score_only_selected,2.0584317315100744,1.2294851281377217,0.0,True
4083677170,targeted,True,3.2863190932697464,4.0,score_only_selected,2.0584317315100744,1.227887361759672,0.0,True
251513557,targeted,True,3.283693241225383,3.0,score_only_selected,2.0584317315100744,1.2252615097153088,0.0,True
4220172850,targeted,True,3.2808755662218214,1.0,score_only_selected,2.0584317315100744,1.222443834711747,0.222443834711747,False
2669615999,targeted,True,3.268205894565161,3.0,score_only_selected,2.0584317315100744,1.2097741630550867,0.0,True
3971270660,targeted,True,3.2663456675434164,2.0,score_only_selected,2.0584317315100744,1.207913936033342,0.0,True
3344944589,targeted,True,3.26585586256984,2.0,score_only_selected,2.0584317315100744,1.2074241310597658,0.0,True
3252149757,targeted,True,3.258972735541703,3.0,score_only_selected,2.0584317315100744,1.2005410040316287,0.0,True
34343454,targeted,True,3.2586021335191946,2.0,score_only_selected,2.0584317315100744,1.2001704020091202,0.0,True
3807565763,targeted,True,3.2553136770107702,3.0,score_only_selected,2.0584317315100744,1.1968819455006958,0.0,True
2901520880,targeted,True,3.2507935855997028,3.0,score_only_selected,2.0584317315100744,1.1923618540896284,0.0,True
1124783498,targeted,True,3.250702020897476,5.0,score_only_selected,2.0584317315100744,1.1922702893874018,0.0,True
3347730688,targeted,True,3.2489837796556924,3.0,score_only_selected,2.0584317315100744,1.190552048145618,0.0,True
556081425,targeted,True,2.9983522053835645,1.0,score_only_selected,2.680731062268787,0.3176211431147773,0.0,True
1326077774,targeted,True,2.996493526622257,2.0,score_only_selected,2.680731062268787,0.3157624643534698,0.0,True
585932991,random_reference,False,1.7605168774788014,1.0,score_only_selected,2.465677123752672,0.0,0.0,True
2559215658,random_reference,False,3.1110393032122583,1.0,score_only_selected,2.686144628525163,0.4248946746870952,0.0,True
1550995707,random_reference,False,2.1516817609440637,3.0,score_only_selected,2.768804046887862,0.0,0.0,True
2695591794,random_reference,False,2.5302839423112604,1.0,score_only_selected,2.134924791160244,0.3953591511510166,0.0,True
100604108,random_reference,False,2.7912781130718525,1.0,score_only_selected,2.1895995948063884,0.601678518265464,0.0,True
1069492760,random_reference,False,2.336268387937532,3.0,score_only_selected,2.781788750908998,0.0,0.0,True
1433406024,random_reference,False,2.89032526465322,2.0,score_only_selected,3.5077997333918765,0.0,0.0,True
992701,random_reference,False,2.1018029773294624,2.0,score_only_selected,2.6737802726603768,0.0,0.0,True
1044171988,random_reference,False,2.298139027129993,3.0,score_only_selected,2.9279480594730685,0.0,0.0,True
1554544624,random_reference,False,1.5648838664219813,2.0,score_only_selected,2.2265039287411885,0.0,0.0,True
3930242820,random_reference,False,3.0791433571301967,2.0,score_only_selected,2.686144628525163,0.3929987286050336,0.0,True
3366476219,random_reference,False,1.983177943622392,3.0,score_only_selected,2.581750822549014,0.0,0.0,True
3487542976,random_reference,False,2.760525472690191,1.0,score_only_selected,2.1895995948063884,0.5709258778838024,0.0,True
4553587,random_reference,False,2.3290290427560034,2.0,score_only_selected,2.781788750908998,0.0,0.0,True
576870176,random_reference,False,2.30787140890963,3.0,score_only_selected,2.9279480594730685,0.0,0.0,True
1440494000,random_reference,False,2.8472313746492044,1.0,score_only_selected,3.445621114487351,0.0,0.0,True
2566964462,random_reference,False,2.150188623423239,1.0,score_only_selected,2.768804046887862,0.0,0.0,True
1257266032,random_reference,False,2.351355901712766,2.0,score_only_selected,2.781788750908998,0.0,0.0,True
3756134895,random_reference,False,1.213260867524974,3.0,score_only_selected,2.2265039287411885,0.0,0.0,True
2687247144,random_reference,False,2.5414925388005054,1.0,score_only_selected,2.134924791160244,0.4065677476402616,0.0,True
1571782156,random_reference,False,2.995676740244467,3.0,score_only_selected,2.680731062268787,0.31494567797567985,0.0,True
1014838312,random_reference,False,2.718205839799817,5.0,score_only_selected,2.1895995948063884,0.5286062449934286,0.0,True
756038972,random_reference,False,2.534645648466842,3.0,score_only_selected,2.134924791160244,0.399720857306598,0.0,True
53085728,random_reference,False,2.8492487433723115,2.0,score_only_selected,3.445621114487351,0.0,0.0,True
4195152948,random_reference,False,2.285477970478881,1.0,score_only_selected,2.9279480594730685,0.0,0.0,True
4108776311,random_reference,False,2.4326320894746307,3.0,score_only_selected,3.0365988227875857,0.0,0.0,True
474788076,random_reference,False,1.3816238940855,1.0,score_only_selected,2.2265039287411885,0.0,0.0,True
271089152,random_reference,False,2.5568058640374662,3.0,score_only_selected,2.134924791160244,0.42188107287722243,0.0,True
7921496,random_reference,False,2.1573853468976485,3.0,score_only_selected,2.768804046887862,0.0,0.0,True
776007234,random_reference,False,2.052026864941882,1.0,score_only_selected,2.6737802726603768,0.0,0.0,True
1364527855,random_reference,False,2.5261671248383024,1.0,score_only_selected,2.134924791160244,0.3912423336780586,0.0,True
1090128395,random_reference,False,1.556162429914875,1.0,score_only_selected,2.2265039287411885,0.0,0.0,True
2946827830,random_reference,False,1.5051395331479571,3.0,score_only_selected,2.2265039287411885,0.0,0.0,True
257322832,random_reference,False,1.6593474900705136,4.0,score_only_selected,2.465677123752672,0.0,0.0,True
3632156766,random_reference,False,2.2797428669366195,1.0,score_only_selected,2.589045897414473,0.0,0.0,True
4134793271,random_reference,False,2.805251451993365,3.0,score_only_selected,2.1973195712330327,0.6079318807603324,0.0,True
3700790175,random_reference,False,2.935506338442606,4.0,score_only_selected,2.675097300650736,0.2604090377918702,0.0,True
3021337716,random_reference,False,2.2788651435006204,2.0,score_only_selected,2.589045897414473,0.0,0.0,True
138020960,random_reference,False,3.0348616709849146,2.0,score_only_selected,2.6900932041476366,0.3447684668372779,0.0,True
458559150,random_reference,False,2.304827933400734,2.0,score_only_selected,2.9279480594730685,0.0,0.0,True
4275842720,targeted,True,4.802264353102509,3.0,construction_aware_all,1.8160335227253264,2.986230830377183,0.0,True
5135968,targeted,True,4.227925791074014,4.0,construction_aware_all,0.9840965954442047,3.2438291956298095,0.0,True
1339916149,targeted,True,4.125232816117496,3.0,construction_aware_all,1.8205816347718262,2.30465118134567,0.0,True
2417095479,targeted,True,4.110141035524125,3.0,construction_aware_all,1.0646980427738044,3.04544299275032,0.045442992750320155,False
1983016946,targeted,True,4.021774243198326,5.0,construction_aware_all,1.6277970623354296,2.3939771808628967,0.0,True
3247388543,targeted,True,3.959793002290428,4.0,construction_aware_all,0.9983318225398288,2.961461179750599,0.0,True
2830311799,targeted,True,3.94326092736708,3.0,construction_aware_all,0.9840965954442047,2.9591643319228753,0.0,True
4222645502,targeted,True,3.8549742704075673,3.0,construction_aware_all,1.0928105485772408,2.7621637218303263,0.0,True
1733638135,targeted,True,3.842517841868652,3.0,construction_aware_all,1.8160335227253264,2.026484319143326,0.0,True
2962328575,targeted,True,3.839288343974249,3.0,construction_aware_all,1.272631457784739,2.56665688618951,0.0,True
4115926696,targeted,True,3.812096685115832,4.0,construction_aware_all,1.2730292524272109,2.539067432688621,0.0,True
486554346,targeted,True,3.806000380909504,3.0,construction_aware_all,1.8160335227253264,1.9899668581841776,0.0,True
188356860,targeted,True,3.7681643028061647,3.0,construction_aware_all,1.0032367042990644,2.7649275985071,0.0,True
1484130926,targeted,True,3.7613614199427152,1.0,construction_aware_all,2.1507792424958367,1.6105821774468785,0.6105821774468785,False
4276934835,targeted,True,3.754296410233628,3.0,construction_aware_all,1.6277970623354296,2.126499347898198,0.0,True
2928664023,targeted,True,3.7471783689324942,4.0,construction_aware_all,1.6277970623354296,2.119381306597065,0.0,True
3808338922,targeted,True,3.710807712419238,3.0,construction_aware_all,0.9840965954442047,2.726711116975033,0.0,True
3360935391,targeted,True,3.68045562156476,2.0,construction_aware_all,1.2721364723031827,2.408319149261577,0.408319149261577,False
3753636287,targeted,True,3.67976784919439,2.0,construction_aware_all,1.0646980427738044,2.6150698064205855,0.6150698064205855,False
2994144095,targeted,True,3.655971018474163,4.0,construction_aware_all,1.0646980427738044,2.5912729757003587,0.0,True
2568161599,targeted,True,3.639828630671403,3.0,construction_aware_all,1.0928105485772408,2.547018082094162,0.0,True
1970763703,targeted,True,3.6371177065544695,2.0,construction_aware_all,1.4612657128171074,2.1758519937373624,0.17585199373736238,False
1996910946,targeted,True,3.6346150075067016,5.0,construction_aware_all,1.6277970623354296,2.0068179451712718,0.0,True
2963990720,targeted,True,3.6240175489805866,1.0,construction_aware_all,2.3006716860777368,1.3233458629028498,0.32334586290284983,False
1409372535,targeted,True,3.604116048568965,3.0,construction_aware_all,1.0928105485772408,2.5113054999917246,0.0,True
1146073983,targeted,True,3.603999482313003,2.0,construction_aware_all,1.8160335227253264,1.7879659595876765,0.0,True
4049338536,targeted,True,3.588340845894905,1.0,construction_aware_all,2.1507792424958367,1.4375616033990681,0.43756160339906813,False
98829032,targeted,True,3.5861568164526694,1.0,construction_aware_all,2.1226667366924,1.4634900797602692,0.46349007976026924,False
2716181879,targeted,True,3.5834399365360694,3.0,construction_aware_all,1.0928105485772408,2.490629387958829,0.0,True
98377354,targeted,True,3.542068126188895,3.0,construction_aware_all,0.9840965954442047,2.55797153074469,0.0,True
169289527,targeted,True,3.5270651577057786,1.0,construction_aware_all,2.3496532859906436,1.177411871715135,0.17741187171513495,False
3586719116,targeted,True,3.52522874737916,3.0,construction_aware_all,1.6277970623354296,1.8974316850437305,0.0,True
3436561757,targeted,True,3.5249847741011653,3.0,construction_aware_all,1.272631457784739,2.252353316316426,0.0,True
4105718972,targeted,True,3.5118289960812774,2.0,construction_aware_all,1.6277970623354296,1.8840319337458478,0.0,True
583471943,targeted,True,3.5100195193739343,4.0,construction_aware_all,1.8160335227253264,1.693985996648608,0.0,True
3070606223,targeted,True,3.4993958910969583,4.0,construction_aware_all,1.6277970623354296,1.8715988287615286,0.0,True
151693544,targeted,True,3.49663861466618,3.0,construction_aware_all,1.2917232542844883,2.204915360381692,0.0,True
2340952736,targeted,True,3.493843531356559,3.0,construction_aware_all,1.0928105485772408,2.401032982779318,0.0,True
3513834528,targeted,True,3.4875300039250874,3.0,construction_aware_all,1.4612657128171074,2.02626429110798,0.0,True
2309209015,targeted,True,3.4843779750602244,2.0,construction_aware_all,1.2721364723031827,2.212241502757042,0.2122415027570419,False
251004228,targeted,True,3.4788516473117936,4.0,construction_aware_all,1.8160335227253264,1.6628181245864673,0.0,True
1557724668,targeted,True,3.4679217947530283,2.0,construction_aware_all,1.2730292524272109,2.1948925423258174,0.19489254232581743,False
2281755208,targeted,True,3.4521937654485364,3.0,construction_aware_all,0.9840965954442047,2.4680971700043317,0.0,True
2660682944,targeted,True,3.446296045799949,3.0,construction_aware_all,1.272631457784739,2.17366458801521,0.0,True
2332555223,targeted,True,3.4462406782311503,3.0,construction_aware_all,1.0646980427738044,2.381542635457346,0.0,True
2827939848,targeted,True,3.4385182911360657,4.0,construction_aware_all,1.0032367042990644,2.435281586837001,0.0,True
3867091839,targeted,True,3.431743367396121,2.0,construction_aware_all,1.2721364723031827,2.1596068950929386,0.15960689509293857,False
2133065488,targeted,True,3.4289796537079025,2.0,construction_aware_all,1.2721364723031827,2.15684318140472,0.15684318140471998,False
2297702640,targeted,True,3.4271595248485967,2.0,construction_aware_all,1.2721364723031827,2.155023052545414,0.15502305254541415,False
1361031728,targeted,True,3.4194202616090887,4.0,construction_aware_all,0.8729328274358059,2.546487434173283,0.0,True
3233505314,targeted,True,3.39659789133324,3.0,construction_aware_all,1.5166332943270304,1.8799645970062095,0.0,True
4290833908,targeted,True,3.388398785890786,2.0,construction_aware_all,0.948595830798947,2.4398029550918388,0.43980295509183875,False
1733255135,targeted,True,3.384955237417643,2.0,construction_aware_all,1.1714355155308278,2.213519721886815,0.213519721886815,False
3453249396,targeted,True,3.380323285952578,1.0,construction_aware_all,2.0065645247175428,1.373758761235035,0.37375876123503504,False
357551498,targeted,True,3.376058082670128,5.0,construction_aware_all,0.8729328274358059,2.5031252552343224,0.0,True
3959414047,targeted,True,3.362205253879342,2.0,construction_aware_all,0.8920729362906658,2.4701323175886762,0.47013231758867624,False
1882714111,targeted,True,3.359182432984711,2.0,construction_aware_all,1.696148374136511,1.6630340588481998,0.0,True
4091695570,targeted,True,3.357140616866129,3.0,construction_aware_all,1.5116948503605714,1.8454457665055577,0.0,True
353255167,targeted,True,3.3275466395586277,3.0,construction_aware_all,0.7205060445010192,2.6070405950576085,0.0,True
2744057678,targeted,True,3.3263814910983247,3.0,construction_aware_all,0.7205060445010192,2.6058754465973055,0.0,True
1987505192,targeted,True,3.323835169040698,1.0,construction_aware_all,2.2160698516554413,1.1077653173852569,0.10776531738525685,False
4172943618,targeted,True,3.3209750663219566,1.0,construction_aware_all,2.0426510069452593,1.2783240593766974,0.27832405937669735,False
802044876,targeted,True,3.307526516796145,2.0,construction_aware_all,0.9237589472515959,2.383767569544549,0.38376756954454905,False
4272503603,targeted,True,3.30259845055152,5.0,construction_aware_all,0.7486185503044558,2.553979900247064,0.0,True
587091935,targeted,True,3.298930253931898,2.0,construction_aware_all,1.4680585878385835,1.8308716660933146,0.0,True
1464120040,targeted,True,3.287916859647796,3.0,construction_aware_all,0.644843041137878,2.643073818509918,0.0,True
4083677170,targeted,True,3.2863190932697464,4.0,construction_aware_all,0.9288372541544263,2.3574818391153203,0.0,True
251513557,targeted,True,3.283693241225383,3.0,construction_aware_all,1.2836050640626442,2.000088177162739,0.0,True
4220172850,targeted,True,3.2808755662218214,1.0,construction_aware_all,2.0385601328460488,1.2423154333757727,0.24231543337577266,False
2669615999,targeted,True,3.268205894565161,3.0,construction_aware_all,1.1532669724345919,2.114938922130569,0.0,True
3971270660,targeted,True,3.2663456675434164,2.0,construction_aware_all,0.8486066640552358,2.4177390034881805,0.4177390034881805,False
3344944589,targeted,True,3.26585586256984,2.0,construction_aware_all,0.9637351417558226,2.3021207208140178,0.30212072081401775,False
3252149757,targeted,True,3.258972735541703,3.0,construction_aware_all,0.8423379144499522,2.4166348210917508,0.0,True
34343454,targeted,True,3.2586021335191946,2.0,construction_aware_all,1.50803478234281,1.7505673511763846,0.0,True
3807565763,targeted,True,3.2553136770107702,3.0,construction_aware_all,1.3835931778134238,1.8717204991973464,0.0,True
2901520880,targeted,True,3.2507935855997028,3.0,construction_aware_all,0.8423379144499522,2.4084556711497505,0.0,True
1124783498,targeted,True,3.250702020897476,5.0,construction_aware_all,0.8423379144499522,2.408364106447524,0.0,True
3347730688,targeted,True,3.2489837796556924,3.0,construction_aware_all,1.3835931778134238,1.8653906018422686,0.0,True
556081425,targeted,True,2.9983522053835645,1.0,construction_aware_all,1.7341643261245483,1.2641878792590162,0.2641878792590162,False
1326077774,targeted,True,2.996493526622257,2.0,construction_aware_all,0.414542132157557,2.5819513944647,0.5819513944647001,False
585932991,random_reference,False,1.7605168774788014,1.0,construction_aware_all,1.1273343747421856,0.6331825027366158,0.0,True
2559215658,random_reference,False,3.1110393032122583,1.0,construction_aware_all,1.8377606827107746,1.2732786205014837,0.27327862050148366,False
1550995707,random_reference,False,2.1516817609440637,3.0,construction_aware_all,1.318260448088783,0.8334213128552808,0.0,True
2695591794,random_reference,False,2.5302839423112604,1.0,construction_aware_all,1.1392204295600274,1.391063512751233,0.39106351275123297,False
100604108,random_reference,False,2.7912781130718525,1.0,construction_aware_all,1.2254996615409353,1.5657784515309172,0.5657784515309172,False
1069492760,random_reference,False,2.336268387937532,3.0,construction_aware_all,1.0294343548516587,1.3068340330858732,0.0,True
1433406024,random_reference,False,2.89032526465322,2.0,construction_aware_all,0.06038551060063724,2.8299397540525826,0.8299397540525826,False
992701,random_reference,False,2.1018029773294624,2.0,construction_aware_all,1.1576751399334722,0.9441278373959903,0.0,True
1044171988,random_reference,False,2.298139027129993,3.0,construction_aware_all,1.0294343548516587,1.2687046722783342,0.0,True
1554544624,random_reference,False,1.5648838664219813,2.0,construction_aware_all,0.8965383829551751,0.6683454834668062,0.0,True
3930242820,random_reference,False,3.0791433571301967,2.0,construction_aware_all,0.5367074609569571,2.54243589617324,0.5424358961732398,False
3366476219,random_reference,False,1.983177943622392,3.0,construction_aware_all,0.9521429377351115,1.0310350058872806,0.0,True
3487542976,random_reference,False,2.760525472690191,1.0,construction_aware_all,1.2091085648338342,1.5514169078563567,0.5514169078563567,False
4553587,random_reference,False,2.3290290427560034,2.0,construction_aware_all,1.1404946330912464,1.188534409664757,0.0,True
576870176,random_reference,False,2.30787140890963,3.0,construction_aware_all,1.081397791863386,1.2264736170462442,0.0,True
1440494000,random_reference,False,2.8472313746492044,1.0,construction_aware_all,1.5469057736752965,1.300325600973908,0.3003256009739079,False
2566964462,random_reference,False,2.150188623423239,1.0,construction_aware_all,1.1614782612745365,0.9887103621487023,0.0,True
1257266032,random_reference,False,2.351355901712766,2.0,construction_aware_all,1.1275306221811685,1.2238252795315976,0.0,True
3756134895,random_reference,False,1.213260867524974,3.0,construction_aware_all,0.8965383829551751,0.316722484569799,0.0,True
2687247144,random_reference,False,2.5414925388005054,1.0,construction_aware_all,1.134423357703474,1.4070691810970315,0.4070691810970315,False
1571782156,random_reference,False,2.995676740244467,3.0,construction_aware_all,0.7459311195946097,2.2497456206498576,0.0,True
1014838312,random_reference,False,2.718205839799817,5.0,construction_aware_all,0.7450178604550451,1.9731879793447717,0.0,True
756038972,random_reference,False,2.534645648466842,3.0,construction_aware_all,1.0503638301694922,1.4842818182973496,0.0,True
53085728,random_reference,False,2.8492487433723115,2.0,construction_aware_all,0.17296873087838605,2.676280012493925,0.6762800124939252,False
4195152948,random_reference,False,2.285477970478881,1.0,construction_aware_all,1.139709263770139,1.145768706708742,0.1457687067087421,False
4108776311,random_reference,False,2.4326320894746307,3.0,construction_aware_all,1.1502085443212735,1.2824235451533572,0.0,True
474788076,random_reference,False,1.3816238940855,1.0,construction_aware_all,1.09221986954826,0.28940402453724,0.0,True
271089152,random_reference,False,2.5568058640374662,3.0,construction_aware_all,0.9733688399404418,1.5834370240970244,0.0,True
7921496,random_reference,False,2.1573853468976485,3.0,construction_aware_all,1.212105471775052,0.9452798751225966,0.0,True
776007234,random_reference,False,2.052026864941882,1.0,construction_aware_all,1.1614782612745365,0.8905486036673453,0.0,True
1364527855,random_reference,False,2.5261671248383024,1.0,construction_aware_all,1.0845479805806009,1.4416191442577015,0.44161914425770155,False
1090128395,random_reference,False,1.556162429914875,1.0,construction_aware_all,1.1525089789993228,0.40365345091555227,0.0,True
2946827830,random_reference,False,1.5051395331479571,3.0,construction_aware_all,1.0115807014427507,0.4935588317052064,0.0,True
257322832,random_reference,False,1.6593474900705136,4.0,construction_aware_all,0.996318780452186,0.6630287096183276,0.0,True
3632156766,random_reference,False,2.2797428669366195,1.0,construction_aware_all,1.1269547494034329,1.1527881175331867,0.15278811753318666,False
4134793271,random_reference,False,2.805251451993365,3.0,construction_aware_all,0.6583409677458487,2.1469104842475164,0.0,True
3700790175,random_reference,False,2.935506338442606,4.0,construction_aware_all,0.09069695441627657,2.8448093840263295,0.0,True
3021337716,random_reference,False,2.2788651435006204,2.0,construction_aware_all,1.081397791863386,1.1974673516372345,0.0,True
138020960,random_reference,False,3.0348616709849146,2.0,construction_aware_all,0.5308271539359524,2.504034517048962,0.5040345170489622,False
458559150,random_reference,False,2.304827933400734,2.0,construction_aware_all,1.2017275982661126,1.1031003351346214,0.0,True
4275842720,targeted,True,4.802264353102509,3.0,construction_aware_selected,1.8160335227253264,2.986230830377183,0.0,True
5135968,targeted,True,4.227925791074014,4.0,construction_aware_selected,0.9840965954442047,3.2438291956298095,0.0,True
1339916149,targeted,True,4.125232816117496,3.0,construction_aware_selected,1.8205816347718262,2.30465118134567,0.0,True
2417095479,targeted,True,4.110141035524125,3.0,construction_aware_selected,1.0646980427738044,3.04544299275032,0.045442992750320155,False
1983016946,targeted,True,4.021774243198326,5.0,construction_aware_selected,1.6277970623354296,2.3939771808628967,0.0,True
3247388543,targeted,True,3.959793002290428,4.0,construction_aware_selected,0.9983318225398288,2.961461179750599,0.0,True
2830311799,targeted,True,3.94326092736708,3.0,construction_aware_selected,0.9840965954442047,2.9591643319228753,0.0,True
4222645502,targeted,True,3.8549742704075673,3.0,construction_aware_selected,1.0928105485772408,2.7621637218303263,0.0,True
1733638135,targeted,True,3.842517841868652,3.0,construction_aware_selected,1.8160335227253264,2.026484319143326,0.0,True
2962328575,targeted,True,3.839288343974249,3.0,construction_aware_selected,1.272631457784739,2.56665688618951,0.0,True
4115926696,targeted,True,3.812096685115832,4.0,construction_aware_selected,1.2730292524272109,2.539067432688621,0.0,True
486554346,targeted,True,3.806000380909504,3.0,construction_aware_selected,1.8160335227253264,1.9899668581841776,0.0,True
188356860,targeted,True,3.7681643028061647,3.0,construction_aware_selected,1.0032367042990644,2.7649275985071,0.0,True
1484130926,targeted,True,3.7613614199427152,1.0,construction_aware_selected,2.1507792424958367,1.6105821774468785,0.6105821774468785,False
4276934835,targeted,True,3.754296410233628,3.0,construction_aware_selected,1.6277970623354296,2.126499347898198,0.0,True
2928664023,targeted,True,3.7471783689324942,4.0,construction_aware_selected,1.6277970623354296,2.119381306597065,0.0,True
3808338922,targeted,True,3.710807712419238,3.0,construction_aware_selected,0.9840965954442047,2.726711116975033,0.0,True
3360935391,targeted,True,3.68045562156476,2.0,construction_aware_selected,1.2721364723031827,2.408319149261577,0.408319149261577,False
3753636287,targeted,True,3.67976784919439,2.0,construction_aware_selected,1.0646980427738044,2.6150698064205855,0.6150698064205855,False
2994144095,targeted,True,3.655971018474163,4.0,construction_aware_selected,1.0646980427738044,2.5912729757003587,0.0,True
2568161599,targeted,True,3.639828630671403,3.0,construction_aware_selected,1.0928105485772408,2.547018082094162,0.0,True
1970763703,targeted,True,3.6371177065544695,2.0,construction_aware_selected,1.4612657128171074,2.1758519937373624,0.17585199373736238,False
1996910946,targeted,True,3.6346150075067016,5.0,construction_aware_selected,1.6277970623354296,2.0068179451712718,0.0,True
2963990720,targeted,True,3.6240175489805866,1.0,construction_aware_selected,2.3006716860777368,1.3233458629028498,0.32334586290284983,False
1409372535,targeted,True,3.604116048568965,3.0,construction_aware_selected,1.0928105485772408,2.5113054999917246,0.0,True
1146073983,targeted,True,3.603999482313003,2.0,construction_aware_selected,1.8160335227253264,1.7879659595876765,0.0,True
4049338536,targeted,True,3.588340845894905,1.0,construction_aware_selected,2.1507792424958367,1.4375616033990681,0.43756160339906813,False
98829032,targeted,True,3.5861568164526694,1.0,construction_aware_selected,2.1226667366924,1.4634900797602692,0.46349007976026924,False
2716181879,targeted,True,3.5834399365360694,3.0,construction_aware_selected,1.0928105485772408,2.490629387958829,0.0,True
98377354,targeted,True,3.542068126188895,3.0,construction_aware_selected,0.9840965954442047,2.55797153074469,0.0,True
169289527,targeted,True,3.5270651577057786,1.0,construction_aware_selected,2.3496532859906436,1.177411871715135,0.17741187171513495,False
3586719116,targeted,True,3.52522874737916,3.0,construction_aware_selected,1.6277970623354296,1.8974316850437305,0.0,True
3436561757,targeted,True,3.5249847741011653,3.0,construction_aware_selected,1.272631457784739,2.252353316316426,0.0,True
4105718972,targeted,True,3.5118289960812774,2.0,construction_aware_selected,1.6277970623354296,1.8840319337458478,0.0,True
583471943,targeted,True,3.5100195193739343,4.0,construction_aware_selected,1.8160335227253264,1.693985996648608,0.0,True
3070606223,targeted,True,3.4993958910969583,4.0,construction_aware_selected,1.6277970623354296,1.8715988287615286,0.0,True
151693544,targeted,True,3.49663861466618,3.0,construction_aware_selected,1.2917232542844883,2.204915360381692,0.0,True
2340952736,targeted,True,3.493843531356559,3.0,construction_aware_selected,1.0928105485772408,2.401032982779318,0.0,True
3513834528,targeted,True,3.4875300039250874,3.0,construction_aware_selected,1.4612657128171074,2.02626429110798,0.0,True
2309209015,targeted,True,3.4843779750602244,2.0,construction_aware_selected,1.2721364723031827,2.212241502757042,0.2122415027570419,False
251004228,targeted,True,3.4788516473117936,4.0,construction_aware_selected,1.8160335227253264,1.6628181245864673,0.0,True
1557724668,targeted,True,3.4679217947530283,2.0,construction_aware_selected,1.2730292524272109,2.1948925423258174,0.19489254232581743,False
2281755208,targeted,True,3.4521937654485364,3.0,construction_aware_selected,0.9840965954442047,2.4680971700043317,0.0,True
2660682944,targeted,True,3.446296045799949,3.0,construction_aware_selected,1.272631457784739,2.17366458801521,0.0,True
2332555223,targeted,True,3.4462406782311503,3.0,construction_aware_selected,1.0646980427738044,2.381542635457346,0.0,True
2827939848,targeted,True,3.4385182911360657,4.0,construction_aware_selected,1.0032367042990644,2.435281586837001,0.0,True
3867091839,targeted,True,3.431743367396121,2.0,construction_aware_selected,1.2721364723031827,2.1596068950929386,0.15960689509293857,False
2133065488,targeted,True,3.4289796537079025,2.0,construction_aware_selected,1.2721364723031827,2.15684318140472,0.15684318140471998,False
2297702640,targeted,True,3.4271595248485967,2.0,construction_aware_selected,1.2721364723031827,2.155023052545414,0.15502305254541415,False
1361031728,targeted,True,3.4194202616090887,4.0,construction_aware_selected,0.8729328274358059,2.546487434173283,0.0,True
3233505314,targeted,True,3.39659789133324,3.0,construction_aware_selected,1.5166332943270304,1.8799645970062095,0.0,True
4290833908,targeted,True,3.388398785890786,2.0,construction_aware_selected,0.948595830798947,2.4398029550918388,0.43980295509183875,False
1733255135,targeted,True,3.384955237417643,2.0,construction_aware_selected,1.1714355155308278,2.213519721886815,0.213519721886815,False
3453249396,targeted,True,3.380323285952578,1.0,construction_aware_selected,2.0065645247175428,1.373758761235035,0.37375876123503504,False
357551498,targeted,True,3.376058082670128,5.0,construction_aware_selected,0.8729328274358059,2.5031252552343224,0.0,True
3959414047,targeted,True,3.362205253879342,2.0,construction_aware_selected,0.8920729362906658,2.4701323175886762,0.47013231758867624,False
1882714111,targeted,True,3.359182432984711,2.0,construction_aware_selected,1.696148374136511,1.6630340588481998,0.0,True
4091695570,targeted,True,3.357140616866129,3.0,construction_aware_selected,1.5116948503605714,1.8454457665055577,0.0,True
353255167,targeted,True,3.3275466395586277,3.0,construction_aware_selected,0.7205060445010192,2.6070405950576085,0.0,True
2744057678,targeted,True,3.3263814910983247,3.0,construction_aware_selected,0.7205060445010192,2.6058754465973055,0.0,True
1987505192,targeted,True,3.323835169040698,1.0,construction_aware_selected,2.2160698516554413,1.1077653173852569,0.10776531738525685,False
4172943618,targeted,True,3.3209750663219566,1.0,construction_aware_selected,2.0426510069452593,1.2783240593766974,0.27832405937669735,False
802044876,targeted,True,3.307526516796145,2.0,construction_aware_selected,0.9237589472515959,2.383767569544549,0.38376756954454905,False
4272503603,targeted,True,3.30259845055152,5.0,construction_aware_selected,0.7486185503044558,2.553979900247064,0.0,True
587091935,targeted,True,3.298930253931898,2.0,construction_aware_selected,1.4680585878385835,1.8308716660933146,0.0,True
1464120040,targeted,True,3.287916859647796,3.0,construction_aware_selected,0.644843041137878,2.643073818509918,0.0,True
4083677170,targeted,True,3.2863190932697464,4.0,construction_aware_selected,0.9288372541544263,2.3574818391153203,0.0,True
251513557,targeted,True,3.283693241225383,3.0,construction_aware_selected,1.2836050640626442,2.000088177162739,0.0,True
4220172850,targeted,True,3.2808755662218214,1.0,construction_aware_selected,2.0385601328460488,1.2423154333757727,0.24231543337577266,False
2669615999,targeted,True,3.268205894565161,3.0,construction_aware_selected,1.1532669724345919,2.114938922130569,0.0,True
3971270660,targeted,True,3.2663456675434164,2.0,construction_aware_selected,0.8486066640552358,2.4177390034881805,0.4177390034881805,False
3344944589,targeted,True,3.26585586256984,2.0,construction_aware_selected,0.9637351417558226,2.3021207208140178,0.30212072081401775,False
3252149757,targeted,True,3.258972735541703,3.0,construction_aware_selected,0.8423379144499522,2.4166348210917508,0.0,True
34343454,targeted,True,3.2586021335191946,2.0,construction_aware_selected,1.50803478234281,1.7505673511763846,0.0,True
3807565763,targeted,True,3.2553136770107702,3.0,construction_aware_selected,1.3835931778134238,1.8717204991973464,0.0,True
2901520880,targeted,True,3.2507935855997028,3.0,construction_aware_selected,0.8423379144499522,2.4084556711497505,0.0,True
1124783498,targeted,True,3.250702020897476,5.0,construction_aware_selected,0.8423379144499522,2.408364106447524,0.0,True
3347730688,targeted,True,3.2489837796556924,3.0,construction_aware_selected,1.3835931778134238,1.8653906018422686,0.0,True
556081425,targeted,True,2.9983522053835645,1.0,construction_aware_selected,1.7341643261245483,1.2641878792590162,0.2641878792590162,False
1326077774,targeted,True,2.996493526622257,2.0,construction_aware_selected,0.414542132157557,2.5819513944647,0.5819513944647001,False
585932991,random_reference,False,1.7605168774788014,1.0,construction_aware_selected,1.1273343747421856,0.6331825027366158,0.0,True
2559215658,random_reference,False,3.1110393032122583,1.0,construction_aware_selected,1.8377606827107746,1.2732786205014837,0.27327862050148366,False
1550995707,random_reference,False,2.1516817609440637,3.0,construction_aware_selected,1.318260448088783,0.8334213128552808,0.0,True
2695591794,random_reference,False,2.5302839423112604,1.0,construction_aware_selected,1.1392204295600274,1.391063512751233,0.39106351275123297,False
100604108,random_reference,False,2.7912781130718525,1.0,construction_aware_selected,1.2254996615409353,1.5657784515309172,0.5657784515309172,False
1069492760,random_reference,False,2.336268387937532,3.0,construction_aware_selected,1.0294343548516587,1.3068340330858732,0.0,True
1433406024,random_reference,False,2.89032526465322,2.0,construction_aware_selected,0.06038551060063724,2.8299397540525826,0.8299397540525826,False
992701,random_reference,False,2.1018029773294624,2.0,construction_aware_selected,1.1576751399334722,0.9441278373959903,0.0,True
1044171988,random_reference,False,2.298139027129993,3.0,construction_aware_selected,1.0294343548516587,1.2687046722783342,0.0,True
1554544624,random_reference,False,1.5648838664219813,2.0,construction_aware_selected,0.8965383829551751,0.6683454834668062,0.0,True
3930242820,random_reference,False,3.0791433571301967,2.0,construction_aware_selected,0.5367074609569571,2.54243589617324,0.5424358961732398,False
3366476219,random_reference,False,1.983177943622392,3.0,construction_aware_selected,0.9521429377351115,1.0310350058872806,0.0,True
3487542976,random_reference,False,2.760525472690191,1.0,construction_aware_selected,1.2091085648338342,1.5514169078563567,0.5514169078563567,False
4553587,random_reference,False,2.3290290427560034,2.0,construction_aware_selected,1.1404946330912464,1.188534409664757,0.0,True
576870176,random_reference,False,2.30787140890963,3.0,construction_aware_selected,1.081397791863386,1.2264736170462442,0.0,True
1440494000,random_reference,False,2.8472313746492044,1.0,construction_aware_selected,1.5469057736752965,1.300325600973908,0.3003256009739079,False
2566964462,random_reference,False,2.150188623423239,1.0,construction_aware_selected,1.1614782612745365,0.9887103621487023,0.0,True
1257266032,random_reference,False,2.351355901712766,2.0,construction_aware_selected,1.1275306221811685,1.2238252795315976,0.0,True
3756134895,random_reference,False,1.213260867524974,3.0,construction_aware_selected,0.8965383829551751,0.316722484569799,0.0,True
2687247144,random_reference,False,2.5414925388005054,1.0,construction_aware_selected,1.134423357703474,1.4070691810970315,0.4070691810970315,False
1571782156,random_reference,False,2.995676740244467,3.0,construction_aware_selected,0.7459311195946097,2.2497456206498576,0.0,True
1014838312,random_reference,False,2.718205839799817,5.0,construction_aware_selected,0.7450178604550451,1.9731879793447717,0.0,True
756038972,random_reference,False,2.534645648466842,3.0,construction_aware_selected,1.0503638301694922,1.4842818182973496,0.0,True
53085728,random_reference,False,2.8492487433723115,2.0,construction_aware_selected,0.17296873087838605,2.676280012493925,0.6762800124939252,False
4195152948,random_reference,False,2.285477970478881,1.0,construction_aware_selected,1.139709263770139,1.145768706708742,0.1457687067087421,False
4108776311,random_reference,False,2.4326320894746307,3.0,construction_aware_selected,1.1502085443212735,1.2824235451533572,0.0,True
474788076,random_reference,False,1.3816238940855,1.0,construction_aware_selected,1.09221986954826,0.28940402453724,0.0,True
271089152,random_reference,False,2.5568058640374662,3.0,construction_aware_selected,0.9733688399404418,1.5834370240970244,0.0,True
7921496,random_reference,False,2.1573853468976485,3.0,construction_aware_selected,1.212105471775052,0.9452798751225966,0.0,True
776007234,random_reference,False,2.052026864941882,1.0,construction_aware_selected,1.1614782612745365,0.8905486036673453,0.0,True
1364527855,random_reference,False,2.5261671248383024,1.0,construction_aware_selected,1.0845479805806009,1.4416191442577015,0.44161914425770155,False
1090128395,random_reference,False,1.556162429914875,1.0,construction_aware_selected,1.1525089789993228,0.40365345091555227,0.0,True
2946827830,random_reference,False,1.5051395331479571,3.0,construction_aware_selected,1.0115807014427507,0.4935588317052064,0.0,True
257322832,random_reference,False,1.6593474900705136,4.0,construction_aware_selected,0.996318780452186,0.6630287096183276,0.0,True
3632156766,random_reference,False,2.2797428669366195,1.0,construction_aware_selected,1.1269547494034329,1.1527881175331867,0.15278811753318666,False
4134793271,random_reference,False,2.805251451993365,3.0,construction_aware_selected,0.6583409677458487,2.1469104842475164,0.0,True
3700790175,random_reference,False,2.935506338442606,4.0,construction_aware_selected,0.09069695441627657,2.8448093840263295,0.0,True
3021337716,random_reference,False,2.2788651435006204,2.0,construction_aware_selected,1.081397791863386,1.1974673516372345,0.0,True
138020960,random_reference,False,3.0348616709849146,2.0,construction_aware_selected,0.5308271539359524,2.504034517048962,0.5040345170489622,False
458559150,random_reference,False,2.304827933400734,2.0,construction_aware_selected,1.2017275982661126,1.1031003351346214,0.0,True
4275842720,targeted,True,4.802264353102509,3.0,full_restriction_witness_all,1.2336731411907216,3.5685912119117873,0.5685912119117873,False
5135968,targeted,True,4.227925791074014,4.0,full_restriction_witness_all,1.1253299942752453,3.102595796798769,0.0,True
1339916149,targeted,True,4.125232816117496,3.0,full_restriction_witness_all,1.3605265098303336,2.764706306287162,0.0,True
2417095479,targeted,True,4.110141035524125,3.0,full_restriction_witness_all,1.223905718012778,2.8862353175113467,0.0,True
1983016946,targeted,True,4.021774243198326,5.0,full_restriction_witness_all,1.0041029148850809,3.017671328313245,0.0,True
3247388543,targeted,True,3.959793002290428,4.0,full_restriction_witness_all,1.193079209133225,2.7667137931572032,0.0,True
2830311799,targeted,True,3.94326092736708,3.0,full_restriction_witness_all,1.2650857192129208,2.678175208154159,0.0,True
4222645502,targeted,True,3.8549742704075673,3.0,full_restriction_witness_all,1.019869997057799,2.8351042733497684,0.0,True
1733638135,targeted,True,3.842517841868652,3.0,full_restriction_witness_all,1.315794327223173,2.526723514645479,0.0,True
2962328575,targeted,True,3.839288343974249,3.0,full_restriction_witness_all,1.2300126670227223,2.6092756769515266,0.0,True
4115926696,targeted,True,3.812096685115832,4.0,full_restriction_witness_all,1.1409752489681997,2.671121436147632,0.0,True
486554346,targeted,True,3.806000380909504,3.0,full_restriction_witness_all,1.2138856891866547,2.5921146917228493,0.0,True
188356860,targeted,True,3.7681643028061647,3.0,full_restriction_witness_all,0.948954901811649,2.8192094009945157,0.0,True
1484130926,targeted,True,3.7613614199427152,1.0,full_restriction_witness_all,1.6863945033567598,2.0749669165859554,1.0749669165859554,False
4276934835,targeted,True,3.754296410233628,3.0,full_restriction_witness_all,0.9582653695551234,2.7960310406785047,0.0,True
2928664023,targeted,True,3.7471783689324942,4.0,full_restriction_witness_all,1.1714967333000488,2.5756816356324457,0.0,True
3808338922,targeted,True,3.710807712419238,3.0,full_restriction_witness_all,0.9820740094258659,2.728733702993372,0.0,True
3360935391,targeted,True,3.68045562156476,2.0,full_restriction_witness_all,1.6690188827865593,2.0114367387782006,0.011436738778200617,False
3753636287,targeted,True,3.67976784919439,2.0,full_restriction_witness_all,1.1880492918651522,2.4917185573292375,0.4917185573292375,False
2994144095,targeted,True,3.655971018474163,4.0,full_restriction_witness_all,1.0194777764247425,2.6364932420494207,0.0,True
2568161599,targeted,True,3.639828630671403,3.0,full_restriction_witness_all,1.10056186612016,2.5392667645512432,0.0,True
1970763703,targeted,True,3.6371177065544695,2.0,full_restriction_witness_all,1.3501449340290796,2.28697277252539,0.2869727725253899,False
1996910946,targeted,True,3.6346150075067016,5.0,full_restriction_witness_all,0.9515990669792044,2.6830159405274974,0.0,True
2963990720,targeted,True,3.6240175489805866,1.0,full_restriction_witness_all,2.2597497214289026,1.364267827551684,0.36426782755168396,False
1409372535,targeted,True,3.604116048568965,3.0,full_restriction_witness_all,1.2614790036467087,2.3426370449222564,0.0,True
1146073983,targeted,True,3.603999482313003,2.0,full_restriction_witness_all,1.2312738946489978,2.372725587664005,0.372725587664005,False
4049338536,targeted,True,3.588340845894905,1.0,full_restriction_witness_all,1.9422448298231805,1.6460960160717244,0.6460960160717244,False
98829032,targeted,True,3.5861568164526694,1.0,full_restriction_witness_all,1.8756319703857405,1.710524846066929,0.7105248460669289,False
2716181879,targeted,True,3.5834399365360694,3.0,full_restriction_witness_all,1.2042335215168318,2.3792064150192376,0.0,True
98377354,targeted,True,3.542068126188895,3.0,full_restriction_witness_all,0.9029283816957497,2.639139744493145,0.0,True
169289527,targeted,True,3.5270651577057786,1.0,full_restriction_witness_all,2.232968920960553,1.2940962367452253,0.29409623674522534,False
3586719116,targeted,True,3.52522874737916,3.0,full_restriction_witness_all,1.1698976904244898,2.3553310569546704,0.0,True
3436561757,targeted,True,3.5249847741011653,3.0,full_restriction_witness_all,1.3236418025113474,2.201342971589818,0.0,True
4105718972,targeted,True,3.5118289960812774,2.0,full_restriction_witness_all,1.0825607314497232,2.4292682646315544,0.42926826463155443,False
583471943,targeted,True,3.5100195193739343,4.0,full_restriction_witness_all,1.0953141639182022,2.414705355455732,0.0,True
3070606223,targeted,True,3.4993958910969583,4.0,full_restriction_witness_all,1.270053421042149,2.2293424700548092,0.0,True
151693544,targeted,True,3.49663861466618,3.0,full_restriction_witness_all,1.1535027424820121,2.3431358721841677,0.0,True
2340952736,targeted,True,3.493843531356559,3.0,full_restriction_witness_all,1.0616936155619265,2.432149915794632,0.0,True
3513834528,targeted,True,3.4875300039250874,3.0,full_restriction_witness_all,1.1649469774705146,2.3225830264545726,0.0,True
2309209015,targeted,True,3.4843779750602244,2.0,full_restriction_witness_all,1.5614982775999948,1.9228796974602296,0.0,True
251004228,targeted,True,3.4788516473117936,4.0,full_restriction_witness_all,0.968825152842644,2.5100264944691495,0.0,True
1557724668,targeted,True,3.4679217947530283,2.0,full_restriction_witness_all,1.2471572751063462,2.220764519646682,0.2207645196466821,False
2281755208,targeted,True,3.4521937654485364,3.0,full_restriction_witness_all,1.257916297331184,2.1942774681173525,0.0,True
2660682944,targeted,True,3.446296045799949,3.0,full_restriction_witness_all,1.1611242272586175,2.2851718185413317,0.0,True
2332555223,targeted,True,3.4462406782311503,3.0,full_restriction_witness_all,1.1994770398441608,2.2467636383869896,0.0,True
2827939848,targeted,True,3.4385182911360657,4.0,full_restriction_witness_all,0.9920408266668339,2.4464774644692318,0.0,True
3867091839,targeted,True,3.431743367396121,2.0,full_restriction_witness_all,1.2120790082934196,2.219664359102701,0.2196643591027012,False
2133065488,targeted,True,3.4289796537079025,2.0,full_restriction_witness_all,1.158787654737371,2.2701919989705317,0.2701919989705317,False
2297702640,targeted,True,3.4271595248485967,2.0,full_restriction_witness_all,1.2541960081949448,2.1729635166536516,0.17296351665365162,False
1361031728,targeted,True,3.4194202616090887,4.0,full_restriction_witness_all,0.8713406656949104,2.5480795959141784,0.0,True
3233505314,targeted,True,3.39659789133324,3.0,full_restriction_witness_all,0.8981078321038207,2.498490059229419,0.0,True
4290833908,targeted,True,3.388398785890786,2.0,full_restriction_witness_all,1.0635306556310402,2.3248681302597456,0.3248681302597456,False
1733255135,targeted,True,3.384955237417643,2.0,full_restriction_witness_all,1.513262416173017,1.871692821244626,0.0,True
3453249396,targeted,True,3.380323285952578,1.0,full_restriction_witness_all,2.0107709655088417,1.369552320443736,0.3695523204437361,False
357551498,targeted,True,3.376058082670128,5.0,full_restriction_witness_all,0.7020694387397581,2.67398864393037,0.0,True
3959414047,targeted,True,3.362205253879342,2.0,full_restriction_witness_all,1.3456715043136545,2.0165337495656876,0.01653374956568765,False
1882714111,targeted,True,3.359182432984711,2.0,full_restriction_witness_all,1.2987205671762774,2.0604618658084335,0.06046186580843349,False
4091695570,targeted,True,3.357140616866129,3.0,full_restriction_witness_all,0.9198538384345383,2.4372867784315906,0.0,True
353255167,targeted,True,3.3275466395586277,3.0,full_restriction_witness_all,0.8193940797993297,2.508152559759298,0.0,True
2744057678,targeted,True,3.3263814910983247,3.0,full_restriction_witness_all,0.7202871056950563,2.6060943854032685,0.0,True
1987505192,targeted,True,3.323835169040698,1.0,full_restriction_witness_all,1.7845913281548418,1.5392438408858564,0.5392438408858564,False
4172943618,targeted,True,3.3209750663219566,1.0,full_restriction_witness_all,1.6413243104793978,1.6796507558425589,0.6796507558425589,False
802044876,targeted,True,3.307526516796145,2.0,full_restriction_witness_all,0.8633196783657322,2.444206838430413,0.444206838430413,False
4272503603,targeted,True,3.30259845055152,5.0,full_restriction_witness_all,1.0002363619860701,2.3023620885654497,0.0,True
587091935,targeted,True,3.298930253931898,2.0,full_restriction_witness_all,1.1505348631643515,2.1483953907675466,0.1483953907675466,False
1464120040,targeted,True,3.287916859647796,3.0,full_restriction_witness_all,0.9507288398035002,2.337188019844296,0.0,True
4083677170,targeted,True,3.2863190932697464,4.0,full_restriction_witness_all,0.9305932784964531,2.3557258147732933,0.0,True
251513557,targeted,True,3.283693241225383,3.0,full_restriction_witness_all,0.8840068937061188,2.3996863475192645,0.0,True
4220172850,targeted,True,3.2808755662218214,1.0,full_restriction_witness_all,2.065540528353486,1.2153350378683356,0.21533503786833563,False
2669615999,targeted,True,3.268205894565161,3.0,full_restriction_witness_all,1.1164003527928057,2.1518055417723554,0.0,True
3971270660,targeted,True,3.2663456675434164,2.0,full_restriction_witness_all,1.4849530980762902,1.7813925694671262,0.0,True
3344944589,targeted,True,3.26585586256984,2.0,full_restriction_witness_all,1.1469792497858093,2.118876612784031,0.11887661278403083,False
3252149757,targeted,True,3.258972735541703,3.0,full_restriction_witness_all,1.1334260158564535,2.1255467196852496,0.0,True
34343454,targeted,True,3.2586021335191946,2.0,full_restriction_witness_all,1.2079198478891067,2.0506822856300877,0.0506822856300877,False
3807565763,targeted,True,3.2553136770107702,3.0,full_restriction_witness_all,0.9204495446948208,2.3348641323159494,0.0,True
2901520880,targeted,True,3.2507935855997028,3.0,full_restriction_witness_all,0.9312980171822645,2.3194955684174383,0.0,True
1124783498,targeted,True,3.250702020897476,5.0,full_restriction_witness_all,0.7715310151075013,2.4791710057899747,0.0,True
3347730688,targeted,True,3.2489837796556924,3.0,full_restriction_witness_all,1.0300060946230483,2.218977685032644,0.0,True
556081425,targeted,True,2.9983522053835645,1.0,full_restriction_witness_all,1.3830366712947986,1.615315534088766,0.6153155340887659,False
1326077774,targeted,True,2.996493526622257,2.0,full_restriction_witness_all,0.698299374049249,2.298194152573008,0.2981941525730081,False
585932991,random_reference,False,1.7605168774788014,1.0,full_restriction_witness_all,1.2791408888100626,0.48137598866873876,0.0,True
2559215658,random_reference,False,3.1110393032122583,1.0,full_restriction_witness_all,1.6445762748126254,1.466463028399633,0.46646302839963294,False
1550995707,random_reference,False,2.1516817609440637,3.0,full_restriction_witness_all,1.3314623578246976,0.8202194031193661,0.0,True
2695591794,random_reference,False,2.5302839423112604,1.0,full_restriction_witness_all,1.407559434368232,1.1227245079430284,0.12272450794302836,False
100604108,random_reference,False,2.7912781130718525,1.0,full_restriction_witness_all,1.32504360122334,1.4662345118485125,0.4662345118485125,False
1069492760,random_reference,False,2.336268387937532,3.0,full_restriction_witness_all,1.3028098441114047,1.0334585438261272,0.0,True
1433406024,random_reference,False,2.89032526465322,2.0,full_restriction_witness_all,0.8077588766076769,2.082566388045543,0.08256638804554317,False
992701,random_reference,False,2.1018029773294624,2.0,full_restriction_witness_all,1.2621737598253544,0.839629217504108,0.0,True
1044171988,random_reference,False,2.298139027129993,3.0,full_restriction_witness_all,1.1778837519407628,1.12025527518923,0.0,True
1554544624,random_reference,False,1.5648838664219813,2.0,full_restriction_witness_all,1.1627721207169055,0.4021117457050758,0.0,True
3930242820,random_reference,False,3.0791433571301967,2.0,full_restriction_witness_all,0.7236857862310948,2.3554575708991017,0.3554575708991017,False
3366476219,random_reference,False,1.983177943622392,3.0,full_restriction_witness_all,1.1807038381322381,0.8024741054901539,0.0,True
3487542976,random_reference,False,2.760525472690191,1.0,full_restriction_witness_all,1.3771289240351627,1.3833965486550281,0.38339654865502815,False
4553587,random_reference,False,2.3290290427560034,2.0,full_restriction_witness_all,1.3267777336180935,1.00225130913791,0.0,True
576870176,random_reference,False,2.30787140890963,3.0,full_restriction_witness_all,1.2838990051540493,1.0239724037555809,0.0,True
1440494000,random_reference,False,2.8472313746492044,1.0,full_restriction_witness_all,1.8180034023324547,1.0292279723167497,0.029227972316749673,False
2566964462,random_reference,False,2.150188623423239,1.0,full_restriction_witness_all,1.2872612427127907,0.862927380710448,0.0,True
1257266032,random_reference,False,2.351355901712766,2.0,full_restriction_witness_all,1.2756443352931464,1.0757115664196197,0.0,True
3756134895,random_reference,False,1.213260867524974,3.0,full_restriction_witness_all,1.1075829632271883,0.0,0.0,True
2687247144,random_reference,False,2.5414925388005054,1.0,full_restriction_witness_all,1.3312787728003532,1.2102137660001522,0.21021376600015218,False
1571782156,random_reference,False,2.995676740244467,3.0,full_restriction_witness_all,0.5927983769066444,2.402878363337823,0.0,True
1014838312,random_reference,False,2.718205839799817,5.0,full_restriction_witness_all,1.2095427243654178,1.5086631154343992,0.0,True
756038972,random_reference,False,2.534645648466842,3.0,full_restriction_witness_all,1.1735069516145118,1.36113869685233,0.0,True
53085728,random_reference,False,2.8492487433723115,2.0,full_restriction_witness_all,0.9670202317453445,1.882228511626967,0.0,True
4195152948,random_reference,False,2.285477970478881,1.0,full_restriction_witness_all,1.3208344694944683,0.9646435009844128,0.0,True
4108776311,random_reference,False,2.4326320894746307,3.0,full_restriction_witness_all,1.1641369972131348,1.268495092261496,0.0,True
474788076,random_reference,False,1.3816238940855,1.0,full_restriction_witness_all,1.2287222807397415,0.0,0.0,True
271089152,random_reference,False,2.5568058640374662,3.0,full_restriction_witness_all,1.2423618815587805,1.3144439824786858,0.0,True
7921496,random_reference,False,2.1573853468976485,3.0,full_restriction_witness_all,1.239019354958713,0.9183659919389355,0.0,True
776007234,random_reference,False,2.052026864941882,1.0,full_restriction_witness_all,1.2931571374803208,0.758869727461561,0.0,True
1364527855,random_reference,False,2.5261671248383024,1.0,full_restriction_witness_all,1.2997577098498427,1.2264094149884597,0.22640941498845968,False
1090128395,random_reference,False,1.556162429914875,1.0,full_restriction_witness_all,1.2371276020889184,0.3190348278259567,0.0,True
2946827830,random_reference,False,1.5051395331479571,3.0,full_restriction_witness_all,1.1562032052954847,0.3489363278524724,0.0,True
257322832,random_reference,False,1.6593474900705136,4.0,full_restriction_witness_all,1.2091038136920158,0.4502436763784978,0.0,True
3632156766,random_reference,False,2.2797428669366195,1.0,full_restriction_witness_all,1.330921624200584,0.9488212427360356,0.0,True
4134793271,random_reference,False,2.805251451993365,3.0,full_restriction_witness_all,1.2596259688147557,1.5456254831786094,0.0,True
3700790175,random_reference,False,2.935506338442606,4.0,full_restriction_witness_all,0.8288195849350738,2.106686753507532,0.0,True
3021337716,random_reference,False,2.2788651435006204,2.0,full_restriction_witness_all,1.2943658501398687,0.9844992933607517,0.0,True
138020960,random_reference,False,3.0348616709849146,2.0,full_restriction_witness_all,0.786435522710068,2.2484261482748464,0.24842614827484644,False
458559150,random_reference,False,2.304827933400734,2.0,full_restriction_witness_all,1.2629431118943986,1.0418848215063354,0.0,True
4275842720,targeted,True,4.802264353102509,3.0,full_restriction_witness_selected,1.2336731411907216,3.5685912119117873,0.5685912119117873,False
5135968,targeted,True,4.227925791074014,4.0,full_restriction_witness_selected,1.1253299942752453,3.102595796798769,0.0,True
1339916149,targeted,True,4.125232816117496,3.0,full_restriction_witness_selected,1.3605265098303336,2.764706306287162,0.0,True
2417095479,targeted,True,4.110141035524125,3.0,full_restriction_witness_selected,1.223905718012778,2.8862353175113467,0.0,True
1983016946,targeted,True,4.021774243198326,5.0,full_restriction_witness_selected,1.0041029148850809,3.017671328313245,0.0,True
3247388543,targeted,True,3.959793002290428,4.0,full_restriction_witness_selected,1.193079209133225,2.7667137931572032,0.0,True
2830311799,targeted,True,3.94326092736708,3.0,full_restriction_witness_selected,1.2650857192129208,2.678175208154159,0.0,True
4222645502,targeted,True,3.8549742704075673,3.0,full_restriction_witness_selected,1.019869997057799,2.8351042733497684,0.0,True
1733638135,targeted,True,3.842517841868652,3.0,full_restriction_witness_selected,1.315794327223173,2.526723514645479,0.0,True
2962328575,targeted,True,3.839288343974249,3.0,full_restriction_witness_selected,1.2300126670227223,2.6092756769515266,0.0,True
4115926696,targeted,True,3.812096685115832,4.0,full_restriction_witness_selected,1.1409752489681997,2.671121436147632,0.0,True
486554346,targeted,True,3.806000380909504,3.0,full_restriction_witness_selected,1.2138856891866547,2.5921146917228493,0.0,True
188356860,targeted,True,3.7681643028061647,3.0,full_restriction_witness_selected,0.948954901811649,2.8192094009945157,0.0,True
1484130926,targeted,True,3.7613614199427152,1.0,full_restriction_witness_selected,1.6863945033567598,2.0749669165859554,1.0749669165859554,False
4276934835,targeted,True,3.754296410233628,3.0,full_restriction_witness_selected,0.9582653695551234,2.7960310406785047,0.0,True
2928664023,targeted,True,3.7471783689324942,4.0,full_restriction_witness_selected,1.1714967333000488,2.5756816356324457,0.0,True
3808338922,targeted,True,3.710807712419238,3.0,full_restriction_witness_selected,0.9820740094258659,2.728733702993372,0.0,True
3360935391,targeted,True,3.68045562156476,2.0,full_restriction_witness_selected,1.6690188827865593,2.0114367387782006,0.011436738778200617,False
3753636287,targeted,True,3.67976784919439,2.0,full_restriction_witness_selected,1.1880492918651522,2.4917185573292375,0.4917185573292375,False
2994144095,targeted,True,3.655971018474163,4.0,full_restriction_witness_selected,1.0194777764247425,2.6364932420494207,0.0,True
2568161599,targeted,True,3.639828630671403,3.0,full_restriction_witness_selected,1.10056186612016,2.5392667645512432,0.0,True
1970763703,targeted,True,3.6371177065544695,2.0,full_restriction_witness_selected,1.3501449340290796,2.28697277252539,0.2869727725253899,False
1996910946,targeted,True,3.6346150075067016,5.0,full_restriction_witness_selected,0.9515990669792044,2.6830159405274974,0.0,True
2963990720,targeted,True,3.6240175489805866,1.0,full_restriction_witness_selected,2.2597497214289026,1.364267827551684,0.36426782755168396,False
1409372535,targeted,True,3.604116048568965,3.0,full_restriction_witness_selected,1.2614790036467087,2.3426370449222564,0.0,True
1146073983,targeted,True,3.603999482313003,2.0,full_restriction_witness_selected,1.2312738946489978,2.372725587664005,0.372725587664005,False
4049338536,targeted,True,3.588340845894905,1.0,full_restriction_witness_selected,1.9422448298231805,1.6460960160717244,0.6460960160717244,False
98829032,targeted,True,3.5861568164526694,1.0,full_restriction_witness_selected,1.8756319703857405,1.710524846066929,0.7105248460669289,False
2716181879,targeted,True,3.5834399365360694,3.0,full_restriction_witness_selected,1.2042335215168318,2.3792064150192376,0.0,True
98377354,targeted,True,3.542068126188895,3.0,full_restriction_witness_selected,0.9029283816957497,2.639139744493145,0.0,True
169289527,targeted,True,3.5270651577057786,1.0,full_restriction_witness_selected,2.232968920960553,1.2940962367452253,0.29409623674522534,False
3586719116,targeted,True,3.52522874737916,3.0,full_restriction_witness_selected,1.1698976904244898,2.3553310569546704,0.0,True
3436561757,targeted,True,3.5249847741011653,3.0,full_restriction_witness_selected,1.3236418025113474,2.201342971589818,0.0,True
4105718972,targeted,True,3.5118289960812774,2.0,full_restriction_witness_selected,1.0825607314497232,2.4292682646315544,0.42926826463155443,False
583471943,targeted,True,3.5100195193739343,4.0,full_restriction_witness_selected,1.0953141639182022,2.414705355455732,0.0,True
3070606223,targeted,True,3.4993958910969583,4.0,full_restriction_witness_selected,1.270053421042149,2.2293424700548092,0.0,True
151693544,targeted,True,3.49663861466618,3.0,full_restriction_witness_selected,1.1535027424820121,2.3431358721841677,0.0,True
2340952736,targeted,True,3.493843531356559,3.0,full_restriction_witness_selected,1.0616936155619265,2.432149915794632,0.0,True
3513834528,targeted,True,3.4875300039250874,3.0,full_restriction_witness_selected,1.1649469774705146,2.3225830264545726,0.0,True
2309209015,targeted,True,3.4843779750602244,2.0,full_restriction_witness_selected,1.5614982775999948,1.9228796974602296,0.0,True
251004228,targeted,True,3.4788516473117936,4.0,full_restriction_witness_selected,0.968825152842644,2.5100264944691495,0.0,True
1557724668,targeted,True,3.4679217947530283,2.0,full_restriction_witness_selected,1.2471572751063462,2.220764519646682,0.2207645196466821,False
2281755208,targeted,True,3.4521937654485364,3.0,full_restriction_witness_selected,1.257916297331184,2.1942774681173525,0.0,True
2660682944,targeted,True,3.446296045799949,3.0,full_restriction_witness_selected,1.1611242272586175,2.2851718185413317,0.0,True
2332555223,targeted,True,3.4462406782311503,3.0,full_restriction_witness_selected,1.1994770398441608,2.2467636383869896,0.0,True
2827939848,targeted,True,3.4385182911360657,4.0,full_restriction_witness_selected,0.9920408266668339,2.4464774644692318,0.0,True
3867091839,targeted,True,3.431743367396121,2.0,full_restriction_witness_selected,1.2120790082934196,2.219664359102701,0.2196643591027012,False
2133065488,targeted,True,3.4289796537079025,2.0,full_restriction_witness_selected,1.158787654737371,2.2701919989705317,0.2701919989705317,False
2297702640,targeted,True,3.4271595248485967,2.0,full_restriction_witness_selected,1.2541960081949448,2.1729635166536516,0.17296351665365162,False
1361031728,targeted,True,3.4194202616090887,4.0,full_restriction_witness_selected,0.8713406656949104,2.5480795959141784,0.0,True
3233505314,targeted,True,3.39659789133324,3.0,full_restriction_witness_selected,0.8981078321038207,2.498490059229419,0.0,True
4290833908,targeted,True,3.388398785890786,2.0,full_restriction_witness_selected,1.0635306556310402,2.3248681302597456,0.3248681302597456,False
1733255135,targeted,True,3.384955237417643,2.0,full_restriction_witness_selected,1.513262416173017,1.871692821244626,0.0,True
3453249396,targeted,True,3.380323285952578,1.0,full_restriction_witness_selected,2.0107709655088417,1.369552320443736,0.3695523204437361,False
357551498,targeted,True,3.376058082670128,5.0,full_restriction_witness_selected,0.7020694387397581,2.67398864393037,0.0,True
3959414047,targeted,True,3.362205253879342,2.0,full_restriction_witness_selected,1.3456715043136545,2.0165337495656876,0.01653374956568765,False
1882714111,targeted,True,3.359182432984711,2.0,full_restriction_witness_selected,1.2987205671762774,2.0604618658084335,0.06046186580843349,False
4091695570,targeted,True,3.357140616866129,3.0,full_restriction_witness_selected,0.9198538384345383,2.4372867784315906,0.0,True
353255167,targeted,True,3.3275466395586277,3.0,full_restriction_witness_selected,0.8193940797993297,2.508152559759298,0.0,True
2744057678,targeted,True,3.3263814910983247,3.0,full_restriction_witness_selected,0.7202871056950563,2.6060943854032685,0.0,True
1987505192,targeted,True,3.323835169040698,1.0,full_restriction_witness_selected,1.7845913281548418,1.5392438408858564,0.5392438408858564,False
4172943618,targeted,True,3.3209750663219566,1.0,full_restriction_witness_selected,1.6413243104793978,1.6796507558425589,0.6796507558425589,False
802044876,targeted,True,3.307526516796145,2.0,full_restriction_witness_selected,0.8633196783657322,2.444206838430413,0.444206838430413,False
4272503603,targeted,True,3.30259845055152,5.0,full_restriction_witness_selected,1.0002363619860701,2.3023620885654497,0.0,True
587091935,targeted,True,3.298930253931898,2.0,full_restriction_witness_selected,1.1505348631643515,2.1483953907675466,0.1483953907675466,False
1464120040,targeted,True,3.287916859647796,3.0,full_restriction_witness_selected,0.9507288398035002,2.337188019844296,0.0,True
4083677170,targeted,True,3.2863190932697464,4.0,full_restriction_witness_selected,0.9305932784964531,2.3557258147732933,0.0,True
251513557,targeted,True,3.283693241225383,3.0,full_restriction_witness_selected,0.8840068937061188,2.3996863475192645,0.0,True
4220172850,targeted,True,3.2808755662218214,1.0,full_restriction_witness_selected,2.065540528353486,1.2153350378683356,0.21533503786833563,False
2669615999,targeted,True,3.268205894565161,3.0,full_restriction_witness_selected,1.1164003527928057,2.1518055417723554,0.0,True
3971270660,targeted,True,3.2663456675434164,2.0,full_restriction_witness_selected,1.4849530980762902,1.7813925694671262,0.0,True
3344944589,targeted,True,3.26585586256984,2.0,full_restriction_witness_selected,1.1469792497858093,2.118876612784031,0.11887661278403083,False
3252149757,targeted,True,3.258972735541703,3.0,full_restriction_witness_selected,1.1334260158564535,2.1255467196852496,0.0,True
34343454,targeted,True,3.2586021335191946,2.0,full_restriction_witness_selected,1.2079198478891067,2.0506822856300877,0.0506822856300877,False
3807565763,targeted,True,3.2553136770107702,3.0,full_restriction_witness_selected,0.9204495446948208,2.3348641323159494,0.0,True
2901520880,targeted,True,3.2507935855997028,3.0,full_restriction_witness_selected,0.9312980171822645,2.3194955684174383,0.0,True
1124783498,targeted,True,3.250702020897476,5.0,full_restriction_witness_selected,0.7715310151075013,2.4791710057899747,0.0,True
3347730688,targeted,True,3.2489837796556924,3.0,full_restriction_witness_selected,1.0300060946230483,2.218977685032644,0.0,True
556081425,targeted,True,2.9983522053835645,1.0,full_restriction_witness_selected,1.3830366712947986,1.615315534088766,0.6153155340887659,False
1326077774,targeted,True,2.996493526622257,2.0,full_restriction_witness_selected,0.698299374049249,2.298194152573008,0.2981941525730081,False
585932991,random_reference,False,1.7605168774788014,1.0,full_restriction_witness_selected,1.2791408888100626,0.48137598866873876,0.0,True
2559215658,random_reference,False,3.1110393032122583,1.0,full_restriction_witness_selected,1.6445762748126254,1.466463028399633,0.46646302839963294,False
1550995707,random_reference,False,2.1516817609440637,3.0,full_restriction_witness_selected,1.3314623578246976,0.8202194031193661,0.0,True
2695591794,random_reference,False,2.5302839423112604,1.0,full_restriction_witness_selected,1.407559434368232,1.1227245079430284,0.12272450794302836,False
100604108,random_reference,False,2.7912781130718525,1.0,full_restriction_witness_selected,1.32504360122334,1.4662345118485125,0.4662345118485125,False
1069492760,random_reference,False,2.336268387937532,3.0,full_restriction_witness_selected,1.3028098441114047,1.0334585438261272,0.0,True
1433406024,random_reference,False,2.89032526465322,2.0,full_restriction_witness_selected,0.8077588766076769,2.082566388045543,0.08256638804554317,False
992701,random_reference,False,2.1018029773294624,2.0,full_restriction_witness_selected,1.2621737598253544,0.839629217504108,0.0,True
1044171988,random_reference,False,2.298139027129993,3.0,full_restriction_witness_selected,1.1778837519407628,1.12025527518923,0.0,True
1554544624,random_reference,False,1.5648838664219813,2.0,full_restriction_witness_selected,1.1627721207169055,0.4021117457050758,0.0,True
3930242820,random_reference,False,3.0791433571301967,2.0,full_restriction_witness_selected,0.7236857862310948,2.3554575708991017,0.3554575708991017,False
3366476219,random_reference,False,1.983177943622392,3.0,full_restriction_witness_selected,1.1807038381322381,0.8024741054901539,0.0,True
3487542976,random_reference,False,2.760525472690191,1.0,full_restriction_witness_selected,1.3771289240351627,1.3833965486550281,0.38339654865502815,False
4553587,random_reference,False,2.3290290427560034,2.0,full_restriction_witness_selected,1.3267777336180935,1.00225130913791,0.0,True
576870176,random_reference,False,2.30787140890963,3.0,full_restriction_witness_selected,1.2838990051540493,1.0239724037555809,0.0,True
1440494000,random_reference,False,2.8472313746492044,1.0,full_restriction_witness_selected,1.8180034023324547,1.0292279723167497,0.029227972316749673,False
2566964462,random_reference,False,2.150188623423239,1.0,full_restriction_witness_selected,1.2872612427127907,0.862927380710448,0.0,True
1257266032,random_reference,False,2.351355901712766,2.0,full_restriction_witness_selected,1.2756443352931464,1.0757115664196197,0.0,True
3756134895,random_reference,False,1.213260867524974,3.0,full_restriction_witness_selected,1.1075829632271883,0.0,0.0,True
2687247144,random_reference,False,2.5414925388005054,1.0,full_restriction_witness_selected,1.3312787728003532,1.2102137660001522,0.21021376600015218,False
1571782156,random_reference,False,2.995676740244467,3.0,full_restriction_witness_selected,0.5927983769066444,2.402878363337823,0.0,True
1014838312,random_reference,False,2.718205839799817,5.0,full_restriction_witness_selected,1.2095427243654178,1.5086631154343992,0.0,True
756038972,random_reference,False,2.534645648466842,3.0,full_restriction_witness_selected,1.1735069516145118,1.36113869685233,0.0,True
53085728,random_reference,False,2.8492487433723115,2.0,full_restriction_witness_selected,0.9670202317453445,1.882228511626967,0.0,True
4195152948,random_reference,False,2.285477970478881,1.0,full_restriction_witness_selected,1.3208344694944683,0.9646435009844128,0.0,True
4108776311,random_reference,False,2.4326320894746307,3.0,full_restriction_witness_selected,1.1641369972131348,1.268495092261496,0.0,True
474788076,random_reference,False,1.3816238940855,1.0,full_restriction_witness_selected,1.2287222807397415,0.0,0.0,True
271089152,random_reference,False,2.5568058640374662,3.0,full_restriction_witness_selected,1.2423618815587805,1.3144439824786858,0.0,True
7921496,random_reference,False,2.1573853468976485,3.0,full_restriction_witness_selected,1.239019354958713,0.9183659919389355,0.0,True
776007234,random_reference,False,2.052026864941882,1.0,full_restriction_witness_selected,1.2931571374803208,0.758869727461561,0.0,True
1364527855,random_reference,False,2.5261671248383024,1.0,full_restriction_witness_selected,1.2997577098498427,1.2264094149884597,0.22640941498845968,False
1090128395,random_reference,False,1.556162429914875,1.0,full_restriction_witness_selected,1.2371276020889184,0.3190348278259567,0.0,True
2946827830,random_reference,False,1.5051395331479571,3.0,full_restriction_witness_selected,1.1562032052954847,0.3489363278524724,0.0,True
257322832,random_reference,False,1.6593474900705136,4.0,full_restriction_witness_selected,1.2091038136920158,0.4502436763784978,0.0,True
3632156766,random_reference,False,2.2797428669366195,1.0,full_restriction_witness_selected,1.330921624200584,0.9488212427360356,0.0,True
4134793271,random_reference,False,2.805251451993365,3.0,full_restriction_witness_selected,1.2596259688147557,1.5456254831786094,0.0,True
3700790175,random_reference,False,2.935506338442606,4.0,full_restriction_witness_selected,0.8288195849350738,2.106686753507532,0.0,True
3021337716,random_reference,False,2.2788651435006204,2.0,full_restriction_witness_selected,1.2943658501398687,0.9844992933607517,0.0,True
138020960,random_reference,False,3.0348616709849146,2.0,full_restriction_witness_selected,0.786435522710068,2.2484261482748464,0.24842614827484644,False
458559150,random_reference,False,2.304827933400734,2.0,full_restriction_witness_selected,1.2629431118943986,1.0418848215063354,0.0,True
