descriptor_class,language,spread,low_complexity,high_complexity,low_truth_table,high_truth_table,low_truth_table_hex,high_truth_table_hex,candidate_families_that_separate_pair
597,NAND,8,9,17,34687,61161,0x877f,0xeee9,fourier_signed_shape;fourier_sign_profile;anf_degree_profile
102,NOR,8,9,17,286,26760,0x011e,0x6888,fourier_signed_shape;fourier_sign_profile;anf_degree_profile
62,NAND,7,15,22,26752,278,0x6880,0x0116,fourier_signed_shape;fourier_sign_profile;anf_degree_profile
102,NAND,7,12,19,26760,286,0x6888,0x011e,fourier_signed_shape;fourier_sign_profile;anf_degree_profile
646,NAND,7,12,19,38783,65257,0x977f,0xfee9,fourier_signed_shape;fourier_sign_profile;anf_degree_profile
62,NOR,7,12,19,278,26752,0x0116,0x6880,fourier_signed_shape;fourier_sign_profile;anf_degree_profile
597,NOR,7,12,19,61161,34687,0xeee9,0x877f,fourier_signed_shape;fourier_sign_profile;anf_degree_profile
646,NOR,7,15,22,65257,38783,0xfee9,0x977f,fourier_signed_shape;fourier_sign_profile;anf_degree_profile
3,NAND,6,8,14,32768,1,0x8000,0x0001,fourier_signed_shape;fourier_sign_profile;anf_degree_profile
82,NAND,6,9,15,59520,279,0xe880,0x0117,fourier_signed_shape;fourier_sign_profile;anf_degree_profile
84,NAND,6,9,15,10944,724,0x2ac0,0x02d4,fourier_signed_shape;fourier_sign_profile;anf_degree_profile;local_sensitivity_profile;constant_restriction_profile;certificate_profile
114,NAND,6,16,22,34400,1633,0x8660,0x0661,fourier_signed_shape;fourier_sign_profile;anf_degree_profile
167,NAND,6,11,17,34696,857,0x8788,0x0359,fourier_signed_shape;fourier_sign_profile;anf_degree_profile;local_sensitivity_profile;constant_restriction_profile;certificate_profile
170,NAND,6,9,15,27328,854,0x6ac0,0x0356,fourier_signed_shape;fourier_sign_profile;anf_degree_profile
185,NAND,6,14,20,26762,414,0x688a,0x019e,fourier_signed_shape;fourier_sign_profile;anf_degree_profile
225,NAND,6,7,13,44256,731,0xace0,0x02db,fourier_signed_shape;fourier_absolute_shape;fourier_l1_by_degree;fourier_sign_profile;anf_degree_profile;local_sensitivity_profile;constant_restriction_profile;certificate_profile
288,NAND,6,18,24,26759,35222,0x6887,0x8996,fourier_signed_shape;fourier_sign_profile;anf_degree_profile
342,NAND,6,8,14,12002,6030,0x2ee2,0x178e,fourier_signed_shape;fourier_sign_profile;anf_degree_profile;constant_restriction_profile;certificate_profile
345,NAND,6,9,15,33623,1910,0x8357,0x0776,fourier_signed_shape;fourier_sign_profile;anf_degree_profile;local_sensitivity_profile;constant_restriction_profile;certificate_profile
374,NAND,6,13,19,26767,3817,0x688f,0x0ee9,fourier_signed_shape;fourier_sign_profile;anf_degree_profile;local_sensitivity_profile;constant_restriction_profile;certificate_profile
376,NAND,6,15,21,27033,7905,0x6999,0x1ee1,fourier_signed_shape;fourier_sign_profile;anf_degree_profile
421,NAND,6,9,15,33631,39858,0x835f,0x9bb2,fourier_signed_shape;fourier_sign_profile;anf_degree_profile;local_sensitivity_profile;constant_restriction_profile;certificate_profile
435,NAND,6,11,17,27349,39326,0x6ad5,0x999e,fourier_signed_shape;fourier_sign_profile;anf_degree_profile
439,NAND,6,10,16,15573,6046,0x3cd5,0x179e,fourier_signed_shape;fourier_sign_profile;anf_degree_profile;local_sensitivity_profile;constant_restriction_profile;certificate_profile
462,NAND,6,13,19,34415,36585,0x866f,0x8ee9,fourier_signed_shape;fourier_sign_profile;anf_degree_profile
469,NAND,6,17,23,38510,7913,0x966e,0x1ee9,fourier_signed_shape;fourier_sign_profile;anf_degree_profile
526,NAND,6,9,15,34679,61153,0x8777,0xeee1,fourier_signed_shape;fourier_sign_profile;anf_degree_profile
541,NAND,6,12,18,26815,43454,0x68bf,0xa9be,fourier_signed_shape;fourier_sign_profile;anf_degree_profile
562,NAND,6,5,11,28398,4094,0x6eee,0x0ffe,fourier_signed_shape;fourier_sign_profile;anf_degree_profile
577,NAND,6,7,13,6015,65256,0x177f,0xfee8,fourier_signed_shape;fourier_sign_profile;anf_degree_profile
579,NAND,6,7,13,15837,11261,0x3ddd,0x2bfd,anf_degree_profile;local_sensitivity_profile;constant_restriction_profile;certificate_profile
609,NAND,6,13,19,27607,60374,0x6bd7,0xebd6,fourier_signed_shape;fourier_sign_profile;anf_degree_profile
673,NAND,6,5,11,32767,65534,0x7fff,0xfffe,fourier_signed_shape;fourier_sign_profile;anf_degree_profile
3,NOR,6,5,11,1,32768,0x0001,0x8000,fourier_signed_shape;fourier_sign_profile;anf_degree_profile
67,NOR,6,5,11,34953,32783,0x8889,0x800f,fourier_signed_shape;fourier_sign_profile;anf_degree_profile
82,NOR,6,7,13,279,59520,0x0117,0xe880,fourier_signed_shape;fourier_sign_profile;anf_degree_profile
84,NOR,6,7,13,425,1921,0x01a9,0x0781,anf_degree_profile;local_sensitivity_profile;constant_restriction_profile;certificate_profile
114,NOR,6,13,19,1633,34400,0x0661,0x8660,fourier_signed_shape;fourier_sign_profile;anf_degree_profile
170,NOR,6,9,15,854,27328,0x0356,0x6ac0,fourier_signed_shape;fourier_sign_profile;anf_degree_profile
185,NOR,6,12,18,745,26762,0x02e9,0x688a,fourier_signed_shape;fourier_sign_profile;anf_degree_profile
240,NOR,6,9,15,862,33258,0x035e,0x81ea,fourier_signed_shape;fourier_sign_profile;anf_degree_profile;local_sensitivity_profile;constant_restriction_profile;certificate_profile
254,NOR,6,11,17,3809,34406,0x0ee1,0x8666,fourier_signed_shape;fourier_sign_profile;anf_degree_profile
258,NOR,6,10,16,2537,33085,0x09e9,0x813d,fourier_signed_shape;fourier_sign_profile;anf_degree_profile;local_sensitivity_profile;constant_restriction_profile;certificate_profile
281,NOR,6,13,19,2462,26766,0x099e,0x688e,fourier_signed_shape;fourier_sign_profile;anf_degree_profile
288,NOR,6,17,23,35222,26759,0x8996,0x6887,fourier_signed_shape;fourier_sign_profile;anf_degree_profile
342,NOR,6,8,14,43715,6030,0xaac3,0x178e,fourier_signed_shape;fourier_sign_profile;anf_degree_profile;constant_restriction_profile;certificate_profile
345,NOR,6,9,15,1910,33623,0x0776,0x8357,fourier_signed_shape;fourier_sign_profile;anf_degree_profile;local_sensitivity_profile;constant_restriction_profile;certificate_profile
374,NOR,6,13,19,3817,26767,0x0ee9,0x688f,fourier_signed_shape;fourier_sign_profile;anf_degree_profile;local_sensitivity_profile;constant_restriction_profile;certificate_profile
376,NOR,6,15,21,7905,27033,0x1ee1,0x6999,fourier_signed_shape;fourier_sign_profile;anf_degree_profile
406,NOR,6,7,13,60120,6335,0xead8,0x18bf,fourier_signed_shape;fourier_absolute_shape;fourier_l1_by_degree;fourier_sign_profile;anf_degree_profile;local_sensitivity_profile;constant_restriction_profile;certificate_profile
469,NOR,6,18,24,7913,38510,0x1ee9,0x966e,fourier_signed_shape;fourier_sign_profile;anf_degree_profile
523,NOR,6,11,17,43516,7127,0xa9fc,0x1bd7,fourier_signed_shape;fourier_sign_profile;anf_degree_profile;local_sensitivity_profile;constant_restriction_profile;certificate_profile
526,NOR,6,9,15,61153,34679,0xeee1,0x8777,fourier_signed_shape;fourier_sign_profile;anf_degree_profile
541,NOR,6,14,20,44777,34431,0xaee9,0x867f,fourier_signed_shape;fourier_sign_profile;anf_degree_profile
577,NOR,6,9,15,65256,6015,0xfee8,0x177f,fourier_signed_shape;fourier_sign_profile;anf_degree_profile
579,NOR,6,9,15,44028,11261,0xabfc,0x2bfd,fourier_signed_shape;fourier_sign_profile;anf_degree_profile;local_sensitivity_profile;constant_restriction_profile;certificate_profile
609,NOR,6,16,22,60374,27607,0xebd6,0x6bd7,fourier_signed_shape;fourier_sign_profile;anf_degree_profile
673,NOR,6,8,14,65534,32767,0xfffe,0x7fff,fourier_signed_shape;fourier_sign_profile;anf_degree_profile
84,AND_OR_NOT,5,7,12,598,1921,0x0256,0x0781,fourier_signed_shape;fourier_sign_profile;anf_degree_profile;local_sensitivity_profile;constant_restriction_profile;certificate_profile
168,AND_OR_NOT,5,8,13,34951,6286,0x8887,0x188e,fourier_signed_shape;fourier_sign_profile;anf_degree_profile;local_sensitivity_profile;constant_restriction_profile;certificate_profile
342,AND_OR_NOT,5,7,12,35768,6030,0x8bb8,0x178e,fourier_signed_shape;fourier_sign_profile;anf_degree_profile;constant_restriction_profile;certificate_profile
524,AND_OR_NOT,5,8,13,7918,36583,0x1eee,0x8ee7,fourier_signed_shape;fourier_sign_profile;anf_degree_profile;local_sensitivity_profile;constant_restriction_profile;certificate_profile
579,AND_OR_NOT,5,7,12,7934,11261,0x1efe,0x2bfd,fourier_signed_shape;fourier_sign_profile;anf_degree_profile;local_sensitivity_profile;constant_restriction_profile;certificate_profile
27,NAND,5,13,18,10368,22,0x2880,0x0016,fourier_signed_shape;fourier_sign_profile;anf_degree_profile
37,NAND,5,8,13,2752,424,0x0ac0,0x01a8,fourier_signed_shape;fourier_sign_profile;anf_degree_profile;local_sensitivity_profile;constant_restriction_profile;certificate_profile
50,NAND,5,12,17,10432,282,0x28c0,0x011a,fourier_signed_shape;fourier_sign_profile;anf_degree_profile
64,NAND,5,5,10,43144,171,0xa888,0x00ab,fourier_signed_shape;fourier_sign_profile;anf_degree_profile
67,NAND,5,8,13,32783,34953,0x800f,0x8889,fourier_signed_shape;fourier_sign_profile;anf_degree_profile
83,NAND,5,10,15,33672,34977,0x8388,0x88a1,fourier_signed_shape;fourier_sign_profile;anf_degree_profile;local_sensitivity_profile;constant_restriction_profile;certificate_profile
99,NAND,5,13,18,34464,410,0x86a0,0x019a,fourier_signed_shape;fourier_sign_profile;anf_degree_profile
133,NAND,5,6,11,59528,287,0xe888,0x011f,fourier_signed_shape;fourier_sign_profile;anf_degree_profile
147,NAND,5,9,14,44224,317,0xacc0,0x013d,fourier_signed_shape;fourier_sign_profile;anf_degree_profile
157,NAND,5,12,17,26792,318,0x68a8,0x013e,fourier_signed_shape;fourier_sign_profile;anf_degree_profile
196,NAND,5,18,23,26755,33174,0x6883,0x8196,fourier_signed_shape;fourier_sign_profile;anf_degree_profile
215,NAND,5,10,15,26856,829,0x68e8,0x033d,fourier_signed_shape;fourier_sign_profile;anf_degree_profile
226,NAND,5,9,14,33706,1934,0x83aa,0x078e,fourier_signed_shape;fourier_sign_profile;anf_degree_profile;local_sensitivity_profile;constant_restriction_profile;certificate_profile
240,NAND,5,10,15,27336,862,0x6ac8,0x035e,fourier_signed_shape;fourier_sign_profile;anf_degree_profile
258,NAND,5,12,17,10947,44225,0x2ac3,0xacc1,fourier_signed_shape;fourier_sign_profile;anf_degree_profile;local_sensitivity_profile;constant_restriction_profile;certificate_profile
259,NAND,5,12,17,34728,35553,0x87a8,0x8ae1,fourier_signed_shape;fourier_sign_profile;anf_degree_profile;local_sensitivity_profile;constant_restriction_profile;certificate_profile
264,NAND,5,13,18,33390,926,0x826e,0x039e,fourier_signed_shape;fourier_sign_profile;anf_degree_profile
278,NAND,5,15,20,26763,33182,0x688b,0x819e,fourier_signed_shape;fourier_sign_profile;anf_degree_profile
320,NAND,5,8,13,39640,35569,0x9ad8,0x8af1,fourier_signed_shape;fourier_sign_profile;anf_degree_profile
322,NAND,5,9,14,27338,990,0x6aca,0x03de,fourier_signed_shape;fourier_sign_profile;anf_degree_profile
328,NAND,5,10,15,33772,39346,0x83ec,0x99b2,fourier_signed_shape;fourier_sign_profile;anf_degree_profile;local_sensitivity_profile;constant_restriction_profile;certificate_profile
340,NAND,5,9,14,7121,2022,0x1bd1,0x07e6,fourier_signed_shape;fourier_sign_profile;anf_degree_profile;local_sensitivity_profile;constant_restriction_profile;certificate_profile
347,NAND,5,10,15,33770,35762,0x83ea,0x8bb2,fourier_signed_shape;fourier_sign_profile;anf_degree_profile;local_sensitivity_profile;constant_restriction_profile;certificate_profile
369,NAND,5,13,18,34792,43420,0x87e8,0xa99c,fourier_signed_shape;fourier_sign_profile;anf_degree_profile;local_sensitivity_profile;constant_restriction_profile;certificate_profile
373,NAND,5,14,19,34552,2998,0x86f8,0x0bb6,fourier_signed_shape;fourier_sign_profile;anf_degree_profile;local_sensitivity_profile;constant_restriction_profile;certificate_profile
384,NAND,5,4,9,33023,43691,0x80ff,0xaaab,fourier_signed_shape;fourier_sign_profile;anf_degree_profile
392,NAND,5,7,12,27370,1022,0x6aea,0x03fe,fourier_signed_shape;fourier_sign_profile;anf_degree_profile
396,NAND,5,9,14,33599,59625,0x833f,0xe8e9,fourier_signed_shape;fourier_sign_profile;anf_degree_profile
419,NAND,5,8,13,39409,2038,0x99f1,0x07f6,fourier_signed_shape;fourier_sign_profile;anf_degree_profile;local_sensitivity_profile;constant_restriction_profile;certificate_profile
420,NAND,5,9,14,11485,1982,0x2cdd,0x07be,fourier_signed_shape;fourier_sign_profile;anf_degree_profile;local_sensitivity_profile;constant_restriction_profile;certificate_profile
440,NAND,5,10,15,34794,6590,0x87ea,0x19be,fourier_signed_shape;fourier_sign_profile;anf_degree_profile
466,NAND,5,16,21,26783,43422,0x689f,0xa99e,fourier_signed_shape;fourier_sign_profile;anf_degree_profile
468,NAND,5,17,22,27035,43478,0x699b,0xa9d6,fourier_signed_shape;fourier_sign_profile;anf_degree_profile
492,NAND,5,7,12,27374,3070,0x6aee,0x0bfe,fourier_signed_shape;fourier_sign_profile;anf_degree_profile
498,NAND,5,7,12,36856,4086,0x8ff8,0x0ff6,fourier_signed_shape;fourier_sign_profile;anf_degree_profile;local_sensitivity_profile;constant_restriction_profile;certificate_profile
514,NAND,5,10,15,34810,39358,0x87fa,0x99be,fourier_signed_shape;fourier_sign_profile;anf_degree_profile
522,NAND,5,9,14,34747,35821,0x87bb,0x8bed,fourier_signed_shape;fourier_sign_profile;anf_degree_profile;local_sensitivity_profile;constant_restriction_profile;certificate_profile
523,NAND,5,9,14,7127,7102,0x1bd7,0x1bbe,fourier_signed_shape;fourier_sign_profile;anf_degree_profile;local_sensitivity_profile;constant_restriction_profile;certificate_profile
545,NAND,5,13,18,38890,7929,0x97ea,0x1ef9,fourier_signed_shape;fourier_sign_profile;anf_degree_profile
552,NAND,5,17,22,38526,16105,0x967e,0x3ee9,fourier_signed_shape;fourier_sign_profile;anf_degree_profile
596,NAND,5,11,16,11743,43518,0x2ddf,0xa9fe,fourier_signed_shape;fourier_sign_profile;anf_degree_profile
621,NAND,5,5,10,39903,12285,0x9bdf,0x2ffd,fourier_signed_shape;fourier_sign_profile;anf_degree_profile;local_sensitivity_profile;constant_restriction_profile;certificate_profile
634,NAND,5,9,14,38847,61177,0x97bf,0xeef9,fourier_signed_shape;fourier_sign_profile;anf_degree_profile
661,NAND,5,10,15,38911,65259,0x97ff,0xfeeb,fourier_signed_shape;fourier_sign_profile;anf_degree_profile
27,NOR,5,10,15,22,10368,0x0016,0x2880,fourier_signed_shape;fourier_sign_profile;anf_degree_profile
37,NOR,5,5,10,582,897,0x0246,0x0381,fourier_signed_shape;fourier_sign_profile;anf_degree_profile;local_sensitivity_profile;constant_restriction_profile;certificate_profile
50,NOR,5,9,14,282,10432,0x011a,0x28c0,fourier_signed_shape;fourier_sign_profile;anf_degree_profile
101,NOR,5,11,16,557,32874,0x022d,0x806a,fourier_signed_shape;fourier_sign_profile;anf_degree_profile
136,NOR,5,7,12,430,32815,0x01ae,0x802f,fourier_signed_shape;fourier_sign_profile;anf_degree_profile
142,NOR,5,7,12,3808,6545,0x0ee0,0x1991,fourier_signed_shape;fourier_sign_profile;anf_degree_profile;local_sensitivity_profile;constant_restriction_profile;certificate_profile
158,NOR,5,10,15,33670,33370,0x8386,0x825a,fourier_signed_shape;fourier_sign_profile;anf_degree_profile
166,NOR,5,9,14,922,6322,0x039a,0x18b2,fourier_signed_shape;fourier_sign_profile;anf_degree_profile;local_sensitivity_profile;constant_restriction_profile;certificate_profile
167,NOR,5,9,14,857,33067,0x0359,0x812b,fourier_signed_shape;fourier_sign_profile;anf_degree_profile;local_sensitivity_profile;constant_restriction_profile;certificate_profile
189,NOR,5,13,18,35218,10389,0x8992,0x2895,fourier_signed_shape;fourier_sign_profile;anf_degree_profile
196,NOR,5,17,22,33174,26755,0x8196,0x6883,fourier_signed_shape;fourier_sign_profile;anf_degree_profile
203,NOR,5,4,9,254,10922,0x00fe,0x2aaa,fourier_signed_shape;fourier_sign_profile;anf_degree_profile
211,NOR,5,7,12,43177,32831,0xa8a9,0x803f,fourier_signed_shape;fourier_sign_profile;anf_degree_profile
215,NOR,5,9,14,830,26856,0x033e,0x68e8,fourier_signed_shape;fourier_sign_profile;anf_degree_profile
238,NOR,5,8,13,3000,33367,0x0bb8,0x8257,fourier_signed_shape;fourier_sign_profile;anf_degree_profile;local_sensitivity_profile;constant_restriction_profile;certificate_profile
239,NOR,5,9,14,2745,33071,0x0ab9,0x812f,fourier_signed_shape;fourier_sign_profile;anf_degree_profile;local_sensitivity_profile;constant_restriction_profile;certificate_profile
259,NOR,5,10,15,35250,10397,0x89b2,0x289d,fourier_signed_shape;fourier_sign_profile;anf_degree_profile
285,NOR,5,16,21,1769,34410,0x06e9,0x866a,fourier_signed_shape;fourier_sign_profile;anf_degree_profile
287,NOR,5,17,22,5801,34424,0x16a9,0x8678,fourier_signed_shape;fourier_sign_profile;anf_degree_profile
320,NOR,5,8,13,43972,10972,0xabc4,0x2adc,fourier_signed_shape;fourier_sign_profile;anf_degree_profile
322,NOR,5,9,14,35258,33375,0x89ba,0x825f,fourier_signed_shape;fourier_sign_profile;anf_degree_profile
328,NOR,5,10,15,39346,33772,0x99b2,0x83ec,fourier_signed_shape;fourier_sign_profile;anf_degree_profile;local_sensitivity_profile;constant_restriction_profile;certificate_profile
340,NOR,5,9,14,3033,33749,0x0bd9,0x83d5,fourier_signed_shape;fourier_sign_profile;anf_degree_profile;local_sensitivity_profile;constant_restriction_profile;certificate_profile
347,NOR,5,10,15,35762,33770,0x8bb2,0x83ea,fourier_signed_shape;fourier_sign_profile;anf_degree_profile;local_sensitivity_profile;constant_restriction_profile;certificate_profile
369,NOR,5,13,18,43476,38824,0xa9d4,0x97a8,fourier_signed_shape;fourier_sign_profile;anf_degree_profile;local_sensitivity_profile;constant_restriction_profile;certificate_profile
373,NOR,5,14,19,43222,33643,0xa8d6,0x836b,fourier_signed_shape;fourier_sign_profile;anf_degree_profile;local_sensitivity_profile;constant_restriction_profile;certificate_profile
396,NOR,5,10,15,59625,6039,0xe8e9,0x1797,fourier_signed_shape;fourier_sign_profile;anf_degree_profile
407,NOR,5,9,14,35770,33263,0x8bba,0x81ef,fourier_signed_shape;fourier_sign_profile;anf_degree_profile;local_sensitivity_profile;constant_restriction_profile;certificate_profile
421,NOR,5,10,15,60105,33631,0xeac9,0x835f,fourier_signed_shape;fourier_sign_profile;anf_degree_profile
439,NOR,5,12,17,12003,27624,0x2ee3,0x6be8,fourier_signed_shape;fourier_sign_profile;anf_degree_profile;local_sensitivity_profile;constant_restriction_profile;certificate_profile
440,NOR,5,12,17,43484,27356,0xa9dc,0x6adc,fourier_signed_shape;fourier_sign_profile;anf_degree_profile;local_sensitivity_profile;constant_restriction_profile;certificate_profile
445,NOR,5,13,18,35262,33647,0x89be,0x836f,fourier_signed_shape;fourier_sign_profile;anf_degree_profile
459,NOR,5,15,20,12009,34430,0x2ee9,0x867e,fourier_signed_shape;fourier_sign_profile;anf_degree_profile
489,NOR,5,6,11,61160,1919,0xeee8,0x077f,fourier_signed_shape;fourier_sign_profile;anf_degree_profile
503,NOR,5,9,14,60392,6047,0xebe8,0x179f,fourier_signed_shape;fourier_sign_profile;anf_degree_profile
513,NOR,5,12,17,60137,6647,0xeae9,0x19f7,fourier_signed_shape;fourier_sign_profile;anf_degree_profile
552,NOR,5,18,23,16105,38526,0x3ee9,0x967e,fourier_signed_shape;fourier_sign_profile;anf_degree_profile
559,NOR,5,5,10,61162,11007,0xeeea,0x2aff,fourier_signed_shape;fourier_sign_profile;anf_degree_profile
562,NOR,5,8,13,4094,28398,0x0ffe,0x6eee,fourier_signed_shape;fourier_sign_profile;anf_degree_profile
578,NOR,5,10,15,44540,28410,0xadfc,0x6efa,fourier_signed_shape;fourier_sign_profile;anf_degree_profile;local_sensitivity_profile;constant_restriction_profile;certificate_profile
594,NOR,5,13,18,60378,38831,0xebda,0x97af,fourier_signed_shape;fourier_sign_profile;anf_degree_profile
621,NOR,5,8,13,61171,12285,0xeef3,0x2ffd,fourier_signed_shape;fourier_sign_profile;anf_degree_profile;local_sensitivity_profile;constant_restriction_profile;certificate_profile
634,NOR,5,12,17,60412,38847,0xebfc,0x97bf,fourier_signed_shape;fourier_sign_profile;anf_degree_profile
661,NOR,5,13,18,65259,38911,0xfeeb,0x97ff,fourier_signed_shape;fourier_sign_profile;anf_degree_profile
37,AND_OR_NOT,4,6,10,582,897,0x0246,0x0381,fourier_signed_shape;fourier_sign_profile;anf_degree_profile;local_sensitivity_profile;constant_restriction_profile;certificate_profile
225,AND_OR_NOT,4,7,11,35004,731,0x88bc,0x02db,fourier_signed_shape;fourier_absolute_shape;fourier_l1_by_degree;fourier_sign_profile;anf_degree_profile;local_sensitivity_profile;constant_restriction_profile;certificate_profile
237,AND_OR_NOT,4,7,11,39344,1970,0x99b0,0x07b2,fourier_signed_shape;fourier_sign_profile;anf_degree_profile;local_sensitivity_profile;constant_restriction_profile;certificate_profile
258,AND_OR_NOT,4,9,13,39392,5774,0x99e0,0x168e,fourier_signed_shape;fourier_sign_profile;anf_degree_profile;local_sensitivity_profile;constant_restriction_profile;certificate_profile
406,AND_OR_NOT,4,7,11,39162,6335,0x98fa,0x18bf,fourier_signed_shape;fourier_absolute_shape;fourier_l1_by_degree;fourier_sign_profile;anf_degree_profile;local_sensitivity_profile;constant_restriction_profile;certificate_profile
418,AND_OR_NOT,4,7,11,35832,6875,0x8bf8,0x1adb,fourier_signed_shape;fourier_sign_profile;anf_degree_profile;local_sensitivity_profile;constant_restriction_profile;certificate_profile
439,AND_OR_NOT,4,9,13,44504,6046,0xadd8,0x179e,fourier_signed_shape;fourier_sign_profile;anf_degree_profile;local_sensitivity_profile;constant_restriction_profile;certificate_profile
621,AND_OR_NOT,4,6,10,16126,12285,0x3efe,0x2ffd,fourier_signed_shape;fourier_sign_profile;anf_degree_profile;local_sensitivity_profile;constant_restriction_profile;certificate_profile
5,NAND,4,6,10,32896,3,0x8080,0x0003,fourier_signed_shape;fourier_sign_profile;anf_degree_profile
12,NAND,4,10,14,2176,6,0x0880,0x0006,fourier_signed_shape;fourier_sign_profile;anf_degree_profile
19,NAND,4,10,14,32778,137,0x800a,0x0089,fourier_signed_shape;fourier_sign_profile;anf_degree_profile
26,NAND,4,13,17,32808,41,0x8028,0x0029,fourier_signed_shape;fourier_sign_profile;anf_degree_profile
35,NAND,4,8,12,43136,23,0xa880,0x0017,fourier_signed_shape;fourier_sign_profile;anf_degree_profile
36,NAND,4,9,13,904,708,0x0388,0x02c4,local_sensitivity_profile;constant_restriction_profile;certificate_profile
38,NAND,4,11,15,6280,34945,0x1888,0x8881,fourier_signed_shape;fourier_sign_profile;anf_degree_profile
45,NAND,4,10,14,10376,30,0x2888,0x001e,fourier_signed_shape;fourier_sign_profile;anf_degree_profile
47,NAND,4,12,16,6288,408,0x1890,0x0198,fourier_signed_shape;fourier_sign_profile;anf_degree_profile
69,NAND,4,9,13,10408,62,0x28a8,0x003e,fourier_signed_shape;fourier_sign_profile;anf_degree_profile
75,NAND,4,12,16,11456,2721,0x2cc0,0x0aa1,fourier_signed_shape;fourier_sign_profile;anf_degree_profile
79,NAND,4,9,13,35040,283,0x88e0,0x011b,fourier_signed_shape;fourier_sign_profile;anf_degree_profile
86,NAND,4,12,16,2274,2217,0x08e2,0x08a9,fourier_signed_shape;fourier_sign_profile;anf_degree_profile
92,NAND,4,13,17,6848,33176,0x1ac0,0x8198,fourier_signed_shape;fourier_absolute_shape;fourier_l1_by_degree;fourier_sign_profile;anf_degree_profile;local_sensitivity_profile;constant_restriction_profile;certificate_profile
98,NAND,4,14,18,6368,2273,0x18e0,0x08e1,fourier_signed_shape;fourier_sign_profile;anf_degree_profile
115,NAND,4,18,22,33384,617,0x8268,0x0269,fourier_signed_shape;fourier_sign_profile;anf_degree_profile
125,NAND,4,7,11,35496,111,0x8aa8,0x006f,fourier_signed_shape;fourier_sign_profile;anf_degree_profile
127,NAND,4,6,10,35056,427,0x88f0,0x01ab,fourier_signed_shape;fourier_sign_profile;anf_degree_profile
129,NAND,4,7,11,35528,32939,0x8ac8,0x80ab,fourier_signed_shape;fourier_sign_profile;anf_degree_profile
130,NAND,4,7,11,43208,303,0xa8c8,0x012f,fourier_signed_shape;fourier_sign_profile;anf_degree_profile
132,NAND,4,7,11,35048,683,0x88e8,0x02ab,fourier_signed_shape;fourier_sign_profile;anf_degree_profile
145,NAND,4,10,14,33482,910,0x82ca,0x038e,fourier_signed_shape;fourier_sign_profile;anf_degree_profile
149,NAND,4,10,14,34720,966,0x87a0,0x03c6,fourier_signed_shape;fourier_sign_profile;anf_degree_profile
166,NAND,4,12,16,10456,922,0x28d8,0x039a,fourier_signed_shape;fourier_sign_profile;anf_degree_profile
168,NAND,4,12,16,34951,6286,0x8887,0x188e,fourier_signed_shape;fourier_sign_profile;anf_degree_profile;local_sensitivity_profile;constant_restriction_profile;certificate_profile
180,NAND,4,14,18,34480,33178,0x86b0,0x819a,fourier_signed_shape;fourier_sign_profile;anf_degree_profile
189,NAND,4,16,20,10389,1761,0x2895,0x06e1,fourier_signed_shape;fourier_sign_profile;anf_degree_profile
193,NAND,4,16,20,33388,1705,0x826c,0x06a9,fourier_signed_shape;fourier_sign_profile;anf_degree_profile
194,NAND,4,17,21,10375,918,0x2887,0x0396,fourier_signed_shape;fourier_sign_profile;anf_degree_profile
201,NAND,4,19,23,26758,1641,0x6886,0x0669,fourier_signed_shape;fourier_sign_profile;anf_degree_profile
209,NAND,4,6,10,33006,319,0x80ee,0x013f,fourier_signed_shape;fourier_sign_profile;anf_degree_profile
211,NAND,4,9,13,11468,43177,0x2ccc,0xa8a9,fourier_signed_shape;fourier_sign_profile;anf_degree_profile
212,NAND,4,7,11,10956,973,0x2acc,0x03cd,fourier_signed_shape;fourier_sign_profile;anf_degree_profile
213,NAND,4,8,12,11504,2801,0x2cf0,0x0af1,fourier_signed_shape;fourier_sign_profile;anf_degree_profile
222,NAND,4,3,7,60096,855,0xeac0,0x0357,fourier_signed_shape;fourier_sign_profile;anf_degree_profile
232,NAND,4,13,17,27304,382,0x6aa8,0x017e,fourier_signed_shape;fourier_sign_profile;anf_degree_profile
237,NAND,4,10,14,39632,986,0x9ad0,0x03da,fourier_signed_shape;fourier_sign_profile;anf_degree_profile
251,NAND,4,12,16,10453,1777,0x28d5,0x06f1,fourier_signed_shape;fourier_sign_profile;anf_degree_profile
254,NAND,4,13,17,34406,3809,0x8666,0x0ee1,fourier_signed_shape;fourier_sign_profile;anf_degree_profile
257,NAND,4,12,16,11490,1717,0x2ce2,0x06b5,fourier_signed_shape;fourier_absolute_shape;fourier_l1_by_degree;fourier_sign_profile;anf_degree_profile;local_sensitivity_profile;certificate_profile
260,NAND,4,12,16,27330,982,0x6ac2,0x03d6,fourier_signed_shape;fourier_sign_profile;anf_degree_profile
268,NAND,4,15,19,10439,35238,0x28c7,0x89a6,fourier_signed_shape;fourier_sign_profile;anf_degree_profile
271,NAND,4,16,20,26777,33686,0x6899,0x8396,fourier_signed_shape;fourier_sign_profile;anf_degree_profile
275,NAND,4,15,19,5804,35252,0x16ac,0x89b4,fourier_signed_shape;fourier_sign_profile;anf_degree_profile
301,NAND,4,6,10,44236,495,0xaccc,0x01ef,fourier_signed_shape;fourier_sign_profile;anf_degree_profile
307,NAND,4,9,13,32895,510,0x807f,0x01fe,fourier_signed_shape;fourier_sign_profile;anf_degree_profile
315,NAND,4,9,13,10965,3825,0x2ad5,0x0ef1,fourier_signed_shape;fourier_sign_profile;anf_degree_profile
318,NAND,4,7,11,33707,1655,0x83ab,0x0677,fourier_signed_shape;fourier_sign_profile;anf_degree_profile;local_sensitivity_profile;certificate_profile
324,NAND,4,11,15,27368,894,0x6ae8,0x037e,fourier_signed_shape;fourier_sign_profile;anf_degree_profile
326,NAND,4,10,14,26858,958,0x68ea,0x03be,fourier_signed_shape;fourier_sign_profile;anf_degree_profile
329,NAND,4,10,14,11203,2997,0x2bc3,0x0bb5,fourier_signed_shape;fourier_sign_profile;anf_degree_profile;local_sensitivity_profile;constant_restriction_profile;certificate_profile
343,NAND,4,9,13,6641,3001,0x19f1,0x0bb9,local_sensitivity_profile;constant_restriction_profile;certificate_profile
346,NAND,4,10,14,6027,2493,0x178b,0x09bd,fourier_signed_shape;fourier_sign_profile;anf_degree_profile;local_sensitivity_profile;constant_restriction_profile;certificate_profile
354,NAND,4,12,16,10951,1974,0x2ac7,0x07b6,fourier_signed_shape;fourier_sign_profile;anf_degree_profile
356,NAND,4,14,18,27308,1950,0x6aac,0x079e,fourier_signed_shape;fourier_sign_profile;anf_degree_profile
357,NAND,4,13,17,10399,2494,0x289f,0x09be,fourier_signed_shape;fourier_sign_profile;anf_degree_profile
364,NAND,4,13,17,34744,39348,0x87b8,0x99b4,fourier_signed_shape;fourier_sign_profile;anf_degree_profile;local_sensitivity_profile;certificate_profile
377,NAND,4,17,21,26779,35254,0x689b,0x89b6,fourier_signed_shape;fourier_sign_profile;anf_degree_profile
381,NAND,4,20,24,38506,5865,0x966a,0x16e9,fourier_signed_shape;fourier_sign_profile;anf_degree_profile
387,NAND,4,6,10,36848,4081,0x8ff0,0x0ff1,fourier_signed_shape;fourier_sign_profile;anf_degree_profile
388,NAND,4,4,8,44268,991,0xacec,0x03df,fourier_signed_shape;fourier_sign_profile;anf_degree_profile
406,NAND,4,7,11,11502,6395,0x2cee,0x18fb,fourier_signed_shape;fourier_absolute_shape;fourier_l1_by_degree;fourier_sign_profile;anf_degree_profile;local_sensitivity_profile;constant_restriction_profile;certificate_profile
407,NAND,4,8,12,12010,33215,0x2eea,0x81bf,fourier_signed_shape;fourier_sign_profile;anf_degree_profile;local_sensitivity_profile;constant_restriction_profile;certificate_profile
413,NAND,4,12,16,33151,60073,0x817f,0xeaa9,fourier_signed_shape;fourier_sign_profile;anf_degree_profile
415,NAND,4,11,15,33407,2558,0x827f,0x09fe,fourier_signed_shape;fourier_sign_profile;anf_degree_profile
418,NAND,4,8,12,12018,6062,0x2ef2,0x17ae,fourier_signed_shape;fourier_sign_profile;anf_degree_profile;local_sensitivity_profile;constant_restriction_profile;certificate_profile
424,NAND,4,9,13,3031,3038,0x0bd7,0x0bde,fourier_signed_shape;fourier_sign_profile;anf_degree_profile
438,NAND,4,11,15,34746,33758,0x87ba,0x83de,fourier_signed_shape;fourier_sign_profile;anf_degree_profile
441,NAND,4,12,16,11733,43452,0x2dd5,0xa9bc,fourier_signed_shape;fourier_sign_profile;anf_degree_profile
445,NAND,4,12,16,26799,35262,0x68af,0x89be,fourier_signed_shape;fourier_sign_profile;anf_degree_profile
446,NAND,4,13,17,11747,34742,0x2de3,0x87b6,fourier_signed_shape;fourier_sign_profile;anf_degree_profile
451,NAND,4,15,19,27053,39350,0x69ad,0x99b6,fourier_signed_shape;fourier_sign_profile;anf_degree_profile
452,NAND,4,15,19,34682,15593,0x877a,0x3ce9,fourier_signed_shape;fourier_sign_profile;anf_degree_profile
457,NAND,4,14,18,27335,35798,0x6ac7,0x8bd6,fourier_signed_shape;fourier_sign_profile;anf_degree_profile
459,NAND,4,15,19,26813,7094,0x68bd,0x1bb6,fourier_signed_shape;fourier_sign_profile;anf_degree_profile
491,NAND,4,8,12,28394,2046,0x6eea,0x07fe,fourier_signed_shape;fourier_sign_profile;anf_degree_profile
506,NAND,4,9,13,44501,11260,0xadd5,0x2bfc,fourier_signed_shape;fourier_sign_profile;anf_degree_profile
513,NAND,4,11,15,6647,59882,0x19f7,0xe9ea,fourier_signed_shape;fourier_sign_profile;anf_degree_profile
521,NAND,4,10,14,48600,6078,0xbdd8,0x17be,fourier_signed_shape;fourier_sign_profile;anf_degree_profile
529,NAND,4,10,14,15829,43964,0x3dd5,0xabbc,fourier_signed_shape;fourier_sign_profile;anf_degree_profile
531,NAND,4,11,15,26863,35774,0x68ef,0x8bbe,fourier_signed_shape;fourier_sign_profile;anf_degree_profile
543,NAND,4,13,17,27609,39894,0x6bd9,0x9bd6,fourier_signed_shape;fourier_sign_profile;anf_degree_profile
550,NAND,4,15,19,11735,48361,0x2dd7,0xbce9,fourier_signed_shape;fourier_sign_profile;anf_degree_profile
557,NAND,4,17,21,27039,40681,0x699f,0x9ee9,fourier_signed_shape;fourier_sign_profile;anf_degree_profile
559,NAND,4,3,7,11007,43774,0x2aff,0xaafe,fourier_signed_shape;fourier_sign_profile;anf_degree_profile
561,NAND,4,6,10,48380,4091,0xbcfc,0x0ffb,fourier_signed_shape;fourier_sign_profile;anf_degree_profile
564,NAND,4,6,10,33791,60139,0x83ff,0xeaeb,fourier_signed_shape;fourier_sign_profile;anf_degree_profile
570,NAND,4,9,13,27627,39422,0x6beb,0x99fe,fourier_signed_shape;fourier_sign_profile;anf_degree_profile
578,NAND,4,8,12,39923,7166,0x9bf3,0x1bfe,fourier_signed_shape;fourier_sign_profile;anf_degree_profile
580,NAND,4,10,14,48597,6142,0xbdd5,0x17fe,fourier_signed_shape;fourier_sign_profile;anf_degree_profile
581,NAND,4,9,13,7159,35838,0x1bf7,0x8bfe,fourier_signed_shape;fourier_sign_profile;anf_degree_profile
587,NAND,4,10,14,39895,12281,0x9bd7,0x2ff9,fourier_signed_shape;fourier_absolute_shape;fourier_l1_by_degree;fourier_sign_profile;anf_degree_profile;local_sensitivity_profile;constant_restriction_profile;certificate_profile
594,NAND,4,11,15,11767,44793,0x2df7,0xaef9,fourier_signed_shape;fourier_sign_profile;anf_degree_profile
610,NAND,4,15,19,27071,59838,0x69bf,0xe9be,fourier_signed_shape;fourier_sign_profile;anf_degree_profile
620,NAND,4,6,10,44541,44791,0xadfd,0xaef7,local_sensitivity_profile;constant_restriction_profile;certificate_profile
622,NAND,4,8,12,32494,8190,0x7eee,0x1ffe,fourier_signed_shape;fourier_sign_profile;anf_degree_profile
629,NAND,4,7,11,27391,44030,0x6aff,0xabfe,fourier_signed_shape;fourier_sign_profile;anf_degree_profile
631,NAND,4,9,13,40947,45046,0x9ff3,0xaff6,fourier_signed_shape;fourier_sign_profile;anf_degree_profile
653,NAND,4,7,11,28415,45054,0x6eff,0xaffe,fourier_signed_shape;fourier_sign_profile;anf_degree_profile
660,NAND,4,10,14,27647,60414,0x6bff,0xebfe,fourier_signed_shape;fourier_sign_profile;anf_degree_profile
663,NAND,4,3,7,16383,65278,0x3fff,0xfefe,fourier_signed_shape;fourier_sign_profile;anf_degree_profile
670,NAND,4,7,11,40959,61438,0x9fff,0xeffe,fourier_signed_shape;fourier_sign_profile;anf_degree_profile
5,NOR,4,3,7,3,32896,0x0003,0x8080,fourier_signed_shape;fourier_sign_profile;anf_degree_profile
12,NOR,4,7,11,6,2176,0x0006,0x0880,fourier_signed_shape;fourier_sign_profile;anf_degree_profile
19,NOR,4,7,11,137,32778,0x0089,0x800a,fourier_signed_shape;fourier_sign_profile;anf_degree_profile
26,NOR,4,10,14,41,32808,0x0029,0x8028,fourier_signed_shape;fourier_sign_profile;anf_degree_profile
36,NOR,4,6,10,904,708,0x0388,0x02c4,local_sensitivity_profile;constant_restriction_profile;certificate_profile
38,NOR,4,8,12,596,32775,0x0254,0x8007,fourier_signed_shape;fourier_sign_profile;anf_degree_profile
45,NOR,4,7,11,30,10376,0x001e,0x2888,fourier_signed_shape;fourier_sign_profile;anf_degree_profile
47,NOR,4,9,13,408,6288,0x0198,0x1890,fourier_signed_shape;fourier_sign_profile;anf_degree_profile
64,NOR,4,3,7,171,32938,0x00ab,0x80aa,fourier_signed_shape;fourier_sign_profile;anf_degree_profile
66,NOR,4,6,10,34968,899,0x8898,0x0383,fourier_signed_shape;fourier_sign_profile;anf_degree_profile
69,NOR,4,6,10,62,10408,0x003e,0x28a8,fourier_signed_shape;fourier_sign_profile;anf_degree_profile
75,NOR,4,9,13,2721,32828,0x0aa1,0x803c,fourier_signed_shape;fourier_sign_profile;anf_degree_profile
83,NOR,4,8,12,428,32795,0x01ac,0x801b,fourier_signed_shape;fourier_sign_profile;anf_degree_profile
85,NOR,4,10,14,488,32791,0x01e8,0x8017,fourier_signed_shape;fourier_sign_profile;anf_degree_profile
86,NOR,4,9,13,301,32814,0x012d,0x802e,fourier_signed_shape;fourier_sign_profile;anf_degree_profile
92,NOR,4,10,14,856,6289,0x0358,0x1891,fourier_signed_shape;fourier_absolute_shape;fourier_l1_by_degree;fourier_sign_profile;anf_degree_profile;local_sensitivity_profile;constant_restriction_profile;certificate_profile
99,NOR,4,11,15,601,10436,0x0259,0x28c4,fourier_signed_shape;fourier_sign_profile;anf_degree_profile
115,NOR,4,15,19,617,33384,0x0269,0x8268,fourier_signed_shape;fourier_sign_profile;anf_degree_profile
135,NOR,4,8,12,43145,32799,0xa889,0x801f,fourier_signed_shape;fourier_sign_profile;anf_degree_profile
150,NOR,4,9,13,1000,34689,0x03e8,0x8781,fourier_signed_shape;fourier_sign_profile;anf_degree_profile
157,NOR,4,11,15,318,26792,0x013e,0x68a8,fourier_signed_shape;fourier_sign_profile;anf_degree_profile
165,NOR,4,10,14,35296,33051,0x89e0,0x811b,fourier_signed_shape;fourier_sign_profile;anf_degree_profile
173,NOR,4,10,14,489,38784,0x01e9,0x9780,fourier_signed_shape;fourier_sign_profile;anf_degree_profile
175,NOR,4,11,15,2281,33326,0x08e9,0x822e,fourier_signed_shape;fourier_sign_profile;anf_degree_profile
187,NOR,4,13,17,6849,33624,0x1ac1,0x8358,fourier_signed_shape;fourier_sign_profile;anf_degree_profile
194,NOR,4,15,19,873,26776,0x0369,0x6898,fourier_signed_shape;fourier_sign_profile;anf_degree_profile
201,NOR,4,17,21,1641,26758,0x0669,0x6886,fourier_signed_shape;fourier_sign_profile;anf_degree_profile
206,NOR,4,6,10,39320,6553,0x9998,0x1999,fourier_signed_shape;fourier_sign_profile;anf_degree_profile
207,NOR,4,4,8,43180,607,0xa8ac,0x025f,fourier_signed_shape;fourier_sign_profile;anf_degree_profile
225,NOR,4,7,11,942,2237,0x03ae,0x08bd,fourier_signed_shape;fourier_absolute_shape;fourier_l1_by_degree;fourier_sign_profile;anf_degree_profile;local_sensitivity_profile;constant_restriction_profile;certificate_profile
226,NOR,4,8,12,43147,638,0xa88b,0x027e,fourier_signed_shape;fourier_sign_profile;anf_degree_profile;local_sensitivity_profile;constant_restriction_profile;certificate_profile
232,NOR,4,12,16,382,27304,0x017e,0x6aa8,fourier_signed_shape;fourier_sign_profile;anf_degree_profile
234,NOR,4,11,15,446,26794,0x01be,0x68aa,fourier_signed_shape;fourier_sign_profile;anf_degree_profile
237,NOR,4,8,12,35523,1969,0x8ac3,0x07b1,fourier_signed_shape;fourier_sign_profile;anf_degree_profile;local_sensitivity_profile;constant_restriction_profile;certificate_profile
243,NOR,4,9,13,1651,33359,0x0673,0x824f,fourier_signed_shape;fourier_sign_profile;anf_degree_profile
257,NOR,4,11,15,33690,33374,0x839a,0x825e,fourier_signed_shape;fourier_sign_profile;anf_degree_profile
260,NOR,4,12,16,1001,27330,0x03e9,0x6ac2,fourier_signed_shape;fourier_sign_profile;anf_degree_profile
264,NOR,4,12,16,2793,26796,0x0ae9,0x68ac,fourier_signed_shape;fourier_sign_profile;anf_degree_profile
265,NOR,4,13,17,6851,33626,0x1ac3,0x835a,fourier_signed_shape;fourier_sign_profile;anf_degree_profile
270,NOR,4,15,19,6881,33644,0x1ae1,0x836c,fourier_signed_shape;fourier_sign_profile;anf_degree_profile
271,NOR,4,15,19,33686,26777,0x8396,0x6899,fourier_signed_shape;fourier_sign_profile;anf_degree_profile
276,NOR,4,14,18,6857,34418,0x1ac9,0x8672,fourier_signed_shape;fourier_sign_profile;anf_degree_profile
278,NOR,4,15,19,6377,26763,0x18e9,0x688b,fourier_signed_shape;fourier_sign_profile;anf_degree_profile
301,NOR,4,6,10,43692,1935,0xaaac,0x078f,fourier_signed_shape;fourier_sign_profile;anf_degree_profile
307,NOR,4,9,13,510,27306,0x01fe,0x6aaa,fourier_signed_shape;fourier_sign_profile;anf_degree_profile
315,NOR,4,9,13,3825,10965,0x0ef1,0x2ad5,fourier_signed_shape;fourier_sign_profile;anf_degree_profile
318,NOR,4,7,11,3002,983,0x0bba,0x03d7,fourier_signed_shape;fourier_sign_profile;anf_degree_profile;local_sensitivity_profile;certificate_profile
324,NOR,4,11,15,59561,33087,0xe8a9,0x813f,fourier_signed_shape;fourier_sign_profile;anf_degree_profile
326,NOR,4,10,14,43241,26858,0xa8e9,0x68ea,fourier_signed_shape;fourier_sign_profile;anf_degree_profile;local_sensitivity_profile;constant_restriction_profile;certificate_profile
329,NOR,4,10,14,3811,6041,0x0ee3,0x1799,fourier_signed_shape;fourier_sign_profile;anf_degree_profile;local_sensitivity_profile;constant_restriction_profile;certificate_profile
343,NOR,4,9,13,3001,6641,0x0bb9,0x19f1,local_sensitivity_profile;constant_restriction_profile;certificate_profile
346,NOR,4,10,14,2493,6027,0x09bd,0x178b,fourier_signed_shape;fourier_sign_profile;anf_degree_profile;local_sensitivity_profile;constant_restriction_profile;certificate_profile
354,NOR,4,12,16,3049,33627,0x0be9,0x835b,fourier_signed_shape;fourier_sign_profile;anf_degree_profile;local_sensitivity_profile;constant_restriction_profile;certificate_profile
356,NOR,4,14,18,44233,33135,0xacc9,0x816f,fourier_signed_shape;fourier_sign_profile;anf_degree_profile
357,NOR,4,13,17,1771,33391,0x06eb,0x826f,fourier_signed_shape;fourier_sign_profile;anf_degree_profile
364,NOR,4,13,17,39348,34744,0x99b4,0x87b8,fourier_signed_shape;fourier_sign_profile;anf_degree_profile;local_sensitivity_profile;certificate_profile
377,NOR,4,17,21,6889,34426,0x1ae9,0x867a,fourier_signed_shape;fourier_sign_profile;anf_degree_profile
381,NOR,4,20,24,43414,26775,0xa996,0x6897,fourier_signed_shape;fourier_sign_profile;anf_degree_profile
390,NOR,4,6,10,35070,895,0x88fe,0x037f,fourier_signed_shape;fourier_sign_profile;anf_degree_profile
392,NOR,4,9,13,1022,27370,0x03fe,0x6aea,fourier_signed_shape;fourier_sign_profile;anf_degree_profile
393,NOR,4,7,11,43725,6587,0xaacd,0x19bb,fourier_signed_shape;fourier_sign_profile;anf_degree_profile
394,NOR,4,8,12,43737,10973,0xaad9,0x2add,fourier_signed_shape;fourier_sign_profile;anf_degree_profile
403,NOR,4,3,7,61152,1911,0xeee0,0x0777,fourier_signed_shape;fourier_sign_profile;anf_degree_profile
413,NOR,4,13,17,60073,33151,0xeaa9,0x817f,fourier_signed_shape;fourier_sign_profile;anf_degree_profile
418,NOR,4,10,14,43992,6062,0xabd8,0x17ae,fourier_signed_shape;fourier_absolute_shape;fourier_l1_by_degree;fourier_sign_profile;anf_degree_profile;local_sensitivity_profile;constant_restriction_profile;certificate_profile
432,NOR,4,12,16,3833,10967,0x0ef9,0x2ad7,fourier_signed_shape;fourier_sign_profile;anf_degree_profile
435,NOR,4,13,17,39326,27349,0x999e,0x6ad5,fourier_signed_shape;fourier_sign_profile;anf_degree_profile
438,NOR,4,12,16,44259,6871,0xace3,0x1ad7,fourier_signed_shape;fourier_absolute_shape;fourier_l1_by_degree;fourier_sign_profile;anf_degree_profile;local_sensitivity_profile;certificate_profile
441,NOR,4,12,16,44769,11733,0xaee1,0x2dd5,fourier_signed_shape;fourier_sign_profile;anf_degree_profile
449,NOR,4,15,19,6893,38574,0x1aed,0x96ae,fourier_signed_shape;fourier_sign_profile;anf_degree_profile
452,NOR,4,16,20,15593,34682,0x3ce9,0x877a,fourier_signed_shape;fourier_sign_profile;anf_degree_profile
456,NOR,4,15,19,7145,38828,0x1be9,0x97ac,fourier_signed_shape;fourier_sign_profile;anf_degree_profile
481,NOR,4,7,11,60078,2559,0xeaae,0x09ff,fourier_signed_shape;fourier_sign_profile;anf_degree_profile
483,NOR,4,6,10,43772,7099,0xaafc,0x1bbb,fourier_signed_shape;fourier_sign_profile;anf_degree_profile
485,NOR,4,7,11,60110,11006,0xeace,0x2afe,fourier_signed_shape;fourier_sign_profile;anf_degree_profile
486,NOR,4,7,11,60140,1983,0xeaec,0x07bf,fourier_signed_shape;fourier_sign_profile;anf_degree_profile
488,NOR,4,7,11,59630,10943,0xe8ee,0x2abf,fourier_signed_shape;fourier_sign_profile;anf_degree_profile
501,NOR,4,10,14,43982,33775,0xabce,0x83ef,fourier_signed_shape;fourier_sign_profile;anf_degree_profile
505,NOR,4,10,14,43996,11765,0xabdc,0x2df5,fourier_signed_shape;fourier_sign_profile;anf_degree_profile
522,NOR,4,12,16,44281,11227,0xacf9,0x2bdb,fourier_signed_shape;fourier_sign_profile;anf_degree_profile;local_sensitivity_profile;constant_restriction_profile;certificate_profile
524,NOR,4,12,16,7918,36583,0x1eee,0x8ee7,fourier_signed_shape;fourier_sign_profile;anf_degree_profile;local_sensitivity_profile;constant_restriction_profile;certificate_profile
536,NOR,4,14,18,44518,38830,0xade6,0x97ae,fourier_signed_shape;fourier_sign_profile;anf_degree_profile
545,NOR,4,16,20,7929,27351,0x1ef9,0x6ad7,fourier_signed_shape;fourier_sign_profile;anf_degree_profile
549,NOR,4,16,20,43486,27055,0xa9de,0x69af,fourier_signed_shape;fourier_sign_profile;anf_degree_profile
550,NOR,4,17,21,7915,34683,0x1eeb,0x877b,fourier_signed_shape;fourier_sign_profile;anf_degree_profile
557,NOR,4,19,23,40681,27039,0x9ee9,0x699f,fourier_signed_shape;fourier_sign_profile;anf_degree_profile
564,NOR,4,9,13,60139,33791,0xeaeb,0x83ff,fourier_signed_shape;fourier_sign_profile;anf_degree_profile
570,NOR,4,12,16,39422,27627,0x99fe,0x6beb,fourier_signed_shape;fourier_sign_profile;anf_degree_profile
574,NOR,4,9,13,60156,6079,0xeafc,0x17bf,fourier_signed_shape;fourier_sign_profile;anf_degree_profile
581,NOR,4,12,16,35838,27375,0x8bfe,0x6aef,fourier_signed_shape;fourier_sign_profile;anf_degree_profile
587,NOR,4,13,17,39902,40946,0x9bde,0x9ff2,fourier_signed_shape;fourier_absolute_shape;fourier_l1_by_degree;fourier_sign_profile;anf_degree_profile;local_sensitivity_profile;constant_restriction_profile;certificate_profile
593,NOR,4,14,18,60093,27389,0xeabd,0x6afd,fourier_signed_shape;fourier_sign_profile;anf_degree_profile
610,NOR,4,18,22,59838,27071,0xe9be,0x69bf,fourier_signed_shape;fourier_sign_profile;anf_degree_profile
619,NOR,4,8,12,65258,6143,0xfeea,0x17ff,fourier_signed_shape;fourier_sign_profile;anf_degree_profile
620,NOR,4,9,13,44541,44791,0xadfd,0xaef7,local_sensitivity_profile;constant_restriction_profile;certificate_profile
622,NOR,4,11,15,8190,32494,0x1ffe,0x7eee,fourier_signed_shape;fourier_sign_profile;anf_degree_profile
629,NOR,4,10,14,44030,27391,0xabfe,0x6aff,fourier_signed_shape;fourier_sign_profile;anf_degree_profile
631,NOR,4,12,16,45049,28407,0xaff9,0x6ef7,fourier_signed_shape;fourier_sign_profile;anf_degree_profile
653,NOR,4,10,14,45054,28415,0xaffe,0x6eff,fourier_signed_shape;fourier_sign_profile;anf_degree_profile
660,NOR,4,13,17,60414,27647,0xebfe,0x6bff,fourier_signed_shape;fourier_sign_profile;anf_degree_profile
663,NOR,4,6,10,65278,16383,0xfefe,0x3fff,fourier_signed_shape;fourier_sign_profile;anf_degree_profile
670,NOR,4,10,14,65263,28671,0xfeef,0x6fff,fourier_signed_shape;fourier_sign_profile;anf_degree_profile
36,AND_OR_NOT,3,6,9,904,708,0x0388,0x02c4,local_sensitivity_profile;constant_restriction_profile;certificate_profile
83,AND_OR_NOT,3,8,11,33672,709,0x8388,0x02c5,fourier_signed_shape;fourier_sign_profile;anf_degree_profile;local_sensitivity_profile;constant_restriction_profile;certificate_profile
92,AND_OR_NOT,3,9,12,856,6289,0x0358,0x1891,fourier_signed_shape;fourier_absolute_shape;fourier_l1_by_degree;fourier_sign_profile;anf_degree_profile;local_sensitivity_profile;constant_restriction_profile;certificate_profile
136,AND_OR_NOT,3,7,10,748,717,0x02ec,0x02cd,fourier_signed_shape;fourier_sign_profile;anf_degree_profile
142,AND_OR_NOT,3,6,9,1638,6545,0x0666,0x1991,fourier_signed_shape;fourier_sign_profile;anf_degree_profile;local_sensitivity_profile;constant_restriction_profile;certificate_profile
149,AND_OR_NOT,3,8,11,1960,1953,0x07a8,0x07a1,fourier_signed_shape;fourier_sign_profile;anf_degree_profile;local_sensitivity_profile;constant_restriction_profile;certificate_profile
166,AND_OR_NOT,3,10,13,1708,1699,0x06ac,0x06a3,fourier_signed_shape;fourier_sign_profile;anf_degree_profile;local_sensitivity_profile;constant_restriction_profile;certificate_profile
226,AND_OR_NOT,3,7,10,32927,445,0x809f,0x01bd,fourier_signed_shape;fourier_sign_profile;anf_degree_profile;local_sensitivity_profile;constant_restriction_profile;certificate_profile
239,AND_OR_NOT,3,9,12,878,1715,0x036e,0x06b3,fourier_signed_shape;fourier_sign_profile;anf_degree_profile;local_sensitivity_profile;constant_restriction_profile;certificate_profile
240,AND_OR_NOT,3,9,12,862,6385,0x035e,0x18f1,fourier_signed_shape;fourier_sign_profile;anf_degree_profile;local_sensitivity_profile;constant_restriction_profile;certificate_profile
242,AND_OR_NOT,3,8,11,1770,33485,0x06ea,0x82cd,fourier_signed_shape;fourier_sign_profile;anf_degree_profile
243,AND_OR_NOT,3,8,11,43220,33359,0xa8d4,0x824f,fourier_signed_shape;fourier_absolute_shape;fourier_l1_by_degree;fourier_sign_profile;anf_degree_profile;local_sensitivity_profile;constant_restriction_profile;certificate_profile
257,AND_OR_NOT,3,10,13,33708,1717,0x83ac,0x06b5,fourier_signed_shape;fourier_absolute_shape;fourier_l1_by_degree;fourier_sign_profile;anf_degree_profile;local_sensitivity_profile;certificate_profile
259,AND_OR_NOT,3,10,13,1658,2774,0x067a,0x0ad6,fourier_signed_shape;fourier_sign_profile;anf_degree_profile;local_sensitivity_profile;constant_restriction_profile;certificate_profile
260,AND_OR_NOT,3,10,13,34967,6025,0x8897,0x1789,fourier_signed_shape;fourier_sign_profile;anf_degree_profile;local_sensitivity_profile;constant_restriction_profile;certificate_profile
276,AND_OR_NOT,3,12,15,34418,33625,0x8672,0x8359,fourier_signed_shape;fourier_sign_profile;anf_degree_profile
285,AND_OR_NOT,3,14,17,34410,10454,0x866a,0x28d6,fourier_signed_shape;fourier_sign_profile;anf_degree_profile
309,AND_OR_NOT,3,4,7,60104,2767,0xeac8,0x0acf,fourier_signed_shape;fourier_sign_profile;anf_degree_profile
322,AND_OR_NOT,3,8,11,1786,1779,0x06fa,0x06f3,fourier_signed_shape;fourier_sign_profile;anf_degree_profile
357,AND_OR_NOT,3,11,14,34538,10462,0x86ea,0x28de,fourier_signed_shape;fourier_sign_profile;anf_degree_profile
369,AND_OR_NOT,3,12,15,5866,10684,0x16ea,0x29bc,fourier_signed_shape;fourier_sign_profile;anf_degree_profile;local_sensitivity_profile;constant_restriction_profile;certificate_profile
407,AND_OR_NOT,3,7,10,1790,6031,0x06fe,0x178f,fourier_signed_shape;fourier_sign_profile;anf_degree_profile;local_sensitivity_profile;constant_restriction_profile;certificate_profile
420,AND_OR_NOT,3,9,12,33695,1981,0x839f,0x07bd,fourier_signed_shape;fourier_sign_profile;anf_degree_profile;local_sensitivity_profile;constant_restriction_profile;certificate_profile
421,AND_OR_NOT,3,9,12,33631,10941,0x835f,0x2abd,fourier_signed_shape;fourier_sign_profile;anf_degree_profile;local_sensitivity_profile;constant_restriction_profile;certificate_profile
423,AND_OR_NOT,3,8,11,43167,10974,0xa89f,0x2ade,fourier_signed_shape;fourier_sign_profile;anf_degree_profile
424,AND_OR_NOT,3,8,11,36600,3038,0x8ef8,0x0bde,fourier_signed_shape;fourier_absolute_shape;fourier_l1_by_degree;fourier_sign_profile;anf_degree_profile;local_sensitivity_profile;constant_restriction_profile;certificate_profile
438,AND_OR_NOT,3,10,13,39410,6635,0x99f2,0x19eb,fourier_signed_shape;fourier_absolute_shape;fourier_l1_by_degree;fourier_sign_profile;anf_degree_profile;local_sensitivity_profile;certificate_profile
440,AND_OR_NOT,3,10,13,35255,6590,0x89b7,0x19be,fourier_signed_shape;fourier_sign_profile;anf_degree_profile
441,AND_OR_NOT,3,10,13,5870,10685,0x16ee,0x29bd,fourier_signed_shape;fourier_sign_profile;anf_degree_profile;local_sensitivity_profile;constant_restriction_profile;certificate_profile
457,AND_OR_NOT,3,12,15,35798,7126,0x8bd6,0x1bd6,fourier_signed_shape;fourier_sign_profile;anf_degree_profile
466,AND_OR_NOT,3,14,17,43422,34553,0xa99e,0x86f9,fourier_signed_shape;fourier_sign_profile;anf_degree_profile
492,AND_OR_NOT,3,7,10,43231,10975,0xa8df,0x2adf,fourier_signed_shape;fourier_sign_profile;anf_degree_profile
498,AND_OR_NOT,3,6,9,36856,4086,0x8ff8,0x0ff6,fourier_signed_shape;fourier_sign_profile;anf_degree_profile;local_sensitivity_profile;constant_restriction_profile;certificate_profile
505,AND_OR_NOT,3,8,11,7930,11229,0x1efa,0x2bdd,fourier_signed_shape;fourier_sign_profile;anf_degree_profile;local_sensitivity_profile;constant_restriction_profile;certificate_profile
522,AND_OR_NOT,3,10,13,39676,11227,0x9afc,0x2bdb,fourier_signed_shape;fourier_sign_profile;anf_degree_profile;local_sensitivity_profile;constant_restriction_profile;certificate_profile
578,AND_OR_NOT,3,8,11,44540,12023,0xadfc,0x2ef7,fourier_signed_shape;fourier_sign_profile;anf_degree_profile;local_sensitivity_profile;constant_restriction_profile;certificate_profile
587,AND_OR_NOT,3,9,12,39895,12281,0x9bd7,0x2ff9,fourier_signed_shape;fourier_absolute_shape;fourier_l1_by_degree;fourier_sign_profile;anf_degree_profile;local_sensitivity_profile;constant_restriction_profile;certificate_profile
620,AND_OR_NOT,3,6,9,44541,44791,0xadfd,0xaef7,local_sensitivity_profile;constant_restriction_profile;certificate_profile
14,NAND,3,8,11,42,11,0x002a,0x000b,fourier_signed_shape;fourier_sign_profile;anf_degree_profile
15,NAND,3,7,10,2184,7,0x0888,0x0007,fourier_signed_shape;fourier_sign_profile;anf_degree_profile
17,NAND,3,11,14,32771,32897,0x8003,0x8081,fourier_signed_shape;fourier_sign_profile;anf_degree_profile
18,NAND,3,10,13,2208,26,0x08a0,0x001a,fourier_signed_shape;fourier_sign_profile;anf_degree_profile
21,NAND,3,13,16,1664,296,0x0680,0x0128,fourier_signed_shape;fourier_sign_profile;anf_degree_profile
22,NAND,3,14,17,6272,280,0x1880,0x0118,fourier_signed_shape;fourier_sign_profile;anf_degree_profile
29,NAND,3,3,6,34952,15,0x8888,0x000f,fourier_signed_shape;fourier_sign_profile;anf_degree_profile
33,NAND,3,8,11,2216,27,0x08a8,0x001b,fourier_signed_shape;fourier_sign_profile;anf_degree_profile
43,NAND,3,12,15,32782,2185,0x800e,0x0889,fourier_signed_shape;fourier_sign_profile;anf_degree_profile
48,NAND,3,13,16,6304,300,0x18a0,0x012c,fourier_signed_shape;fourier_sign_profile;anf_degree_profile
49,NAND,3,13,16,32812,649,0x802c,0x0289,fourier_signed_shape;fourier_sign_profile;anf_degree_profile
58,NAND,3,16,19,10372,390,0x2884,0x0186,fourier_signed_shape;fourier_sign_profile;anf_degree_profile
59,NAND,3,16,19,33320,150,0x8228,0x0096,fourier_signed_shape;fourier_sign_profile;anf_degree_profile
61,NAND,3,17,20,32872,553,0x8068,0x0229,fourier_signed_shape;fourier_sign_profile;anf_degree_profile
71,NAND,3,10,13,6296,961,0x1898,0x03c1,fourier_signed_shape;fourier_sign_profile;anf_degree_profile
77,NAND,3,9,12,35520,583,0x8ac0,0x0247,fourier_signed_shape;fourier_sign_profile;anf_degree_profile
81,NAND,3,11,14,33000,555,0x80e8,0x022b,fourier_signed_shape;fourier_sign_profile;anf_degree_profile
85,NAND,3,13,16,6016,43137,0x1780,0xa881,fourier_signed_shape;fourier_sign_profile;anf_degree_profile
88,NAND,3,12,15,618,398,0x026a,0x018e,fourier_signed_shape;fourier_sign_profile;anf_degree_profile
90,NAND,3,13,16,33322,233,0x822a,0x00e9,fourier_signed_shape;fourier_sign_profile;anf_degree_profile
101,NAND,3,14,17,32874,557,0x806a,0x022d,fourier_signed_shape;fourier_sign_profile;anf_degree_profile
105,NAND,3,16,19,33368,1697,0x8258,0x06a1,fourier_signed_shape;fourier_sign_profile;anf_degree_profile
106,NAND,3,16,19,10373,916,0x2885,0x0394,fourier_signed_shape;fourier_sign_profile;anf_degree_profile
107,NAND,3,16,19,33324,1673,0x822c,0x0689,fourier_signed_shape;fourier_sign_profile;anf_degree_profile
108,NAND,3,16,19,38528,361,0x9680,0x0169,fourier_signed_shape;fourier_sign_profile;anf_degree_profile
111,NAND,3,21,24,26753,33046,0x6881,0x8116,fourier_signed_shape;fourier_sign_profile;anf_degree_profile
112,NAND,3,17,20,10388,2450,0x2894,0x0992,fourier_signed_shape;fourier_sign_profile;anf_degree_profile
116,NAND,3,20,23,26754,406,0x6882,0x0196,fourier_signed_shape;fourier_sign_profile;anf_degree_profile
118,NAND,3,3,6,43176,63,0xa8a8,0x003f,fourier_signed_shape;fourier_sign_profile;anf_degree_profile
122,NAND,3,10,13,15552,828,0x3cc0,0x033c,fourier_signed_shape;fourier_sign_profile;anf_degree_profile
124,NAND,3,10,13,10920,126,0x2aa8,0x007e,fourier_signed_shape;fourier_sign_profile;anf_degree_profile
136,NAND,3,10,13,10444,430,0x28cc,0x01ae,fourier_signed_shape;fourier_sign_profile;anf_degree_profile
137,NAND,3,11,14,2016,33729,0x07e0,0x83c1,fourier_signed_shape;fourier_sign_profile;anf_degree_profile
142,NAND,3,10,13,1638,35224,0x0666,0x8998,fourier_signed_shape;fourier_sign_profile;anf_degree_profile;local_sensitivity_profile;constant_restriction_profile;certificate_profile
144,NAND,3,10,13,2786,606,0x0ae2,0x025e,fourier_signed_shape;fourier_sign_profile;anf_degree_profile
150,NAND,3,11,14,11200,980,0x2bc0,0x03d4,fourier_signed_shape;fourier_sign_profile;anf_degree_profile
151,NAND,3,10,13,11488,858,0x2ce0,0x035a,fourier_signed_shape;fourier_sign_profile;anf_degree_profile
153,NAND,3,13,16,11460,444,0x2cc4,0x01bc,fourier_signed_shape;fourier_sign_profile;anf_degree_profile
155,NAND,3,13,16,11464,10409,0x2cc8,0x28a9,fourier_signed_shape;fourier_sign_profile;anf_degree_profile
158,NAND,3,13,16,10393,924,0x2899,0x039c,fourier_signed_shape;fourier_sign_profile;anf_degree_profile
161,NAND,3,15,18,10435,33430,0x28c3,0x8296,fourier_signed_shape;fourier_sign_profile;anf_degree_profile
165,NAND,3,13,16,1937,43201,0x0791,0xa8c1,fourier_signed_shape;fourier_sign_profile;anf_degree_profile
173,NAND,3,12,15,38784,489,0x9780,0x01e9,fourier_signed_shape;fourier_sign_profile;anf_degree_profile
175,NAND,3,13,16,33326,2281,0x822e,0x08e9,fourier_signed_shape;fourier_sign_profile;anf_degree_profile
181,NAND,3,15,18,6370,10441,0x18e2,0x28c9,fourier_signed_shape;fourier_sign_profile;anf_degree_profile
183,NAND,3,14,17,34528,1635,0x86e0,0x0663,fourier_signed_shape;fourier_sign_profile;anf_degree_profile
184,NAND,3,15,18,34472,2230,0x86a8,0x08b6,fourier_signed_shape;fourier_sign_profile;anf_degree_profile
202,NAND,3,4,7,35498,239,0x8aaa,0x00ef,fourier_signed_shape;fourier_sign_profile;anf_degree_profile
203,NAND,3,5,8,10922,254,0x2aaa,0x00fe,fourier_signed_shape;fourier_sign_profile;anf_degree_profile
217,NAND,3,11,14,15560,956,0x3cc8,0x03bc,fourier_signed_shape;fourier_sign_profile;anf_degree_profile
224,NAND,3,8,11,43968,33195,0xabc0,0x81ab,fourier_signed_shape;fourier_sign_profile;anf_degree_profile
228,NAND,3,10,13,10474,367,0x28ea,0x016f,fourier_signed_shape;fourier_sign_profile;anf_degree_profile
234,NAND,3,12,15,26794,446,0x68aa,0x01be,fourier_signed_shape;fourier_sign_profile;anf_degree_profile
239,NAND,3,11,14,11496,1703,0x2ce8,0x06a7,fourier_signed_shape;fourier_sign_profile;anf_degree_profile
243,NAND,3,11,14,39624,1651,0x9ac8,0x0673,fourier_signed_shape;fourier_sign_profile;anf_degree_profile
247,NAND,3,11,14,34736,1972,0x87b0,0x07b4,fourier_signed_shape;fourier_sign_profile;anf_degree_profile
249,NAND,3,12,15,2024,6554,0x07e8,0x199a,fourier_signed_shape;fourier_sign_profile;anf_degree_profile
253,NAND,3,14,17,10649,2996,0x2999,0x0bb4,fourier_signed_shape;fourier_sign_profile;anf_degree_profile
263,NAND,3,14,17,11466,1694,0x2cca,0x069e,fourier_signed_shape;fourier_sign_profile;anf_degree_profile
269,NAND,3,16,19,27048,1942,0x69a8,0x0796,fourier_signed_shape;fourier_sign_profile;anf_degree_profile
270,NAND,3,16,19,33644,6881,0x836c,0x1ae1,fourier_signed_shape;fourier_sign_profile;anf_degree_profile
276,NAND,3,16,19,34418,6857,0x8672,0x1ac9,fourier_signed_shape;fourier_sign_profile;anf_degree_profile
280,NAND,3,16,19,34536,1643,0x86e8,0x066b,fourier_signed_shape;fourier_sign_profile;anf_degree_profile
281,NAND,3,16,19,26766,2462,0x688e,0x099e,fourier_signed_shape;fourier_sign_profile;anf_degree_profile
283,NAND,3,18,21,5738,43412,0x166a,0xa994,fourier_signed_shape;fourier_sign_profile;anf_degree_profile
284,NAND,3,19,22,26778,2486,0x689a,0x09b6,fourier_signed_shape;fourier_sign_profile;anf_degree_profile
285,NAND,3,18,21,34410,1769,0x866a,0x06e9,fourier_signed_shape;fourier_sign_profile;anf_degree_profile
287,NAND,3,19,22,34424,5801,0x8678,0x16a9,fourier_signed_shape;fourier_sign_profile;anf_degree_profile
291,NAND,3,23,26,38504,5737,0x9668,0x1669,fourier_signed_shape;fourier_sign_profile;anf_degree_profile
303,NAND,3,8,11,33007,447,0x80ef,0x01bf,fourier_signed_shape;fourier_sign_profile;anf_degree_profile
306,NAND,3,10,13,39594,765,0x9aaa,0x02fd,fourier_signed_shape;fourier_sign_profile;anf_degree_profile
310,NAND,3,7,10,11500,989,0x2cec,0x03dd,fourier_signed_shape;fourier_sign_profile;anf_degree_profile
316,NAND,3,8,11,10988,43213,0x2aec,0xa8cd,fourier_signed_shape;fourier_sign_profile;anf_degree_profile;local_sensitivity_profile;constant_restriction_profile;certificate_profile
317,NAND,3,7,10,10958,2491,0x2ace,0x09bb,fourier_signed_shape;fourier_sign_profile;anf_degree_profile;local_sensitivity_profile;certificate_profile
321,NAND,3,9,12,39100,1973,0x98bc,0x07b5,fourier_signed_shape;fourier_sign_profile;anf_degree_profile
327,NAND,3,11,14,6634,1980,0x19ea,0x07bc,fourier_signed_shape;fourier_sign_profile;anf_degree_profile;local_sensitivity_profile;constant_restriction_profile;certificate_profile
331,NAND,3,12,15,15562,34455,0x3cca,0x8697,fourier_signed_shape;fourier_sign_profile;anf_degree_profile
333,NAND,3,15,18,27112,6038,0x69e8,0x1796,fourier_signed_shape;fourier_sign_profile;anf_degree_profile
337,NAND,3,15,18,27049,34710,0x69a9,0x8796,fourier_signed_shape;fourier_sign_profile;anf_degree_profile
339,NAND,3,9,12,6876,35539,0x1adc,0x8ad3,fourier_signed_shape;fourier_sign_profile;anf_degree_profile;local_sensitivity_profile;constant_restriction_profile;certificate_profile
344,NAND,3,9,12,39055,3814,0x988f,0x0ee6,fourier_signed_shape;fourier_sign_profile;anf_degree_profile;local_sensitivity_profile;constant_restriction_profile;certificate_profile
348,NAND,3,10,13,11498,1726,0x2cea,0x06be,fourier_signed_shape;fourier_sign_profile;anf_degree_profile
349,NAND,3,12,15,44234,1695,0xacca,0x069f,fourier_signed_shape;fourier_sign_profile;anf_degree_profile
352,NAND,3,12,15,6060,7122,0x17ac,0x1bd2,fourier_signed_shape;fourier_sign_profile;anf_degree_profile
355,NAND,3,14,17,34490,35510,0x86ba,0x8ab6,fourier_signed_shape;fourier_sign_profile;anf_degree_profile;local_sensitivity_profile;constant_restriction_profile;certificate_profile
365,NAND,3,14,17,27331,7092,0x6ac3,0x1bb4,fourier_signed_shape;fourier_sign_profile;anf_degree_profile;local_sensitivity_profile;certificate_profile
370,NAND,3,14,17,59527,6558,0xe887,0x199e,fourier_signed_shape;fourier_sign_profile;anf_degree_profile
371,NAND,3,15,18,10699,5787,0x29cb,0x169b,fourier_signed_shape;fourier_sign_profile;anf_degree_profile
386,NAND,3,6,9,43733,4082,0xaad5,0x0ff2,fourier_signed_shape;fourier_sign_profile;anf_degree_profile
394,NAND,3,8,11,15596,39354,0x3cec,0x99ba,fourier_signed_shape;fourier_sign_profile;anf_degree_profile
395,NAND,3,9,12,11471,35310,0x2ccf,0x89ee,fourier_signed_shape;fourier_sign_profile;anf_degree_profile
400,NAND,3,14,17,27113,38806,0x69e9,0x9796,fourier_signed_shape;fourier_sign_profile;anf_degree_profile
403,NAND,3,6,9,1911,61152,0x0777,0xeee0,fourier_signed_shape;fourier_sign_profile;anf_degree_profile
409,NAND,3,9,12,44238,2543,0xacce,0x09ef,fourier_signed_shape;fourier_sign_profile;anf_degree_profile
411,NAND,3,9,12,10431,43198,0x28bf,0xa8be,fourier_signed_shape;fourier_sign_profile;anf_degree_profile
414,NAND,3,11,14,10463,43438,0x28df,0xa9ae,fourier_signed_shape;fourier_sign_profile;anf_degree_profile
422,NAND,3,12,15,36582,1918,0x8ee6,0x077e,fourier_signed_shape;fourier_sign_profile;anf_degree_profile
423,NAND,3,9,12,34731,35577,0x87ab,0x8af9,fourier_signed_shape;fourier_sign_profile;anf_degree_profile
427,NAND,3,11,14,34542,3006,0x86ee,0x0bbe,fourier_signed_shape;fourier_sign_profile;anf_degree_profile
428,NAND,3,10,13,11749,7156,0x2de5,0x1bf4,fourier_signed_shape;fourier_sign_profile;anf_degree_profile
431,NAND,3,12,15,27354,3062,0x6ada,0x0bf6,fourier_signed_shape;fourier_sign_profile;anf_degree_profile
432,NAND,3,12,15,10967,3833,0x2ad7,0x0ef9,fourier_signed_shape;fourier_sign_profile;anf_degree_profile
434,NAND,3,12,15,34808,7921,0x87f8,0x1ef1,fourier_signed_shape;fourier_sign_profile;anf_degree_profile
450,NAND,3,15,18,27051,48329,0x69ab,0xbcc9,fourier_signed_shape;fourier_sign_profile;anf_degree_profile
461,NAND,3,14,17,10655,10686,0x299f,0x29be,fourier_signed_shape;fourier_sign_profile;anf_degree_profile
464,NAND,3,16,19,38888,6121,0x97e8,0x17e9,fourier_signed_shape;fourier_sign_profile;anf_degree_profile
465,NAND,3,17,20,34427,39657,0x867b,0x9ae9,fourier_signed_shape;fourier_sign_profile;anf_degree_profile
472,NAND,3,21,24,27031,59798,0x6997,0xe996,fourier_signed_shape;fourier_sign_profile;anf_degree_profile
474,NAND,3,2,5,35071,43695,0x88ff,0xaaaf,fourier_signed_shape;fourier_sign_profile;anf_degree_profile
476,NAND,3,5,8,15612,4090,0x3cfc,0x0ffa,fourier_signed_shape;fourier_sign_profile;anf_degree_profile
481,NAND,3,6,9,10495,43710,0x28ff,0xaabe,fourier_signed_shape;fourier_sign_profile;anf_degree_profile
483,NAND,3,5,8,12014,3838,0x2eee,0x0efe,fourier_signed_shape;fourier_sign_profile;anf_degree_profile
485,NAND,3,6,9,43199,3039,0xa8bf,0x0bdf,fourier_signed_shape;fourier_sign_profile;anf_degree_profile
486,NAND,3,6,9,44270,35582,0xacee,0x8afe,fourier_signed_shape;fourier_sign_profile;anf_degree_profile
500,NAND,3,7,10,7155,35834,0x1bf3,0x8bfa,fourier_signed_shape;fourier_sign_profile;anf_degree_profile
501,NAND,3,8,11,33775,35263,0x83ef,0x89bf,fourier_signed_shape;fourier_sign_profile;anf_degree_profile
503,NAND,3,8,11,6047,59627,0x179f,0xe8eb,fourier_signed_shape;fourier_sign_profile;anf_degree_profile
505,NAND,3,9,12,11765,11229,0x2df5,0x2bdd,anf_degree_profile;local_sensitivity_profile;constant_restriction_profile;certificate_profile
509,NAND,3,11,14,27626,6654,0x6bea,0x19fe,fourier_signed_shape;fourier_sign_profile;anf_degree_profile
512,NAND,3,11,14,11487,43502,0x2cdf,0xa9ee,fourier_signed_shape;fourier_sign_profile;anf_degree_profile
516,NAND,3,14,17,48327,38814,0xbcc7,0x979e,fourier_signed_shape;fourier_sign_profile;anf_degree_profile
517,NAND,3,13,16,15575,39414,0x3cd7,0x99f6,fourier_signed_shape;fourier_sign_profile;anf_degree_profile
524,NAND,3,11,14,7918,36583,0x1eee,0x8ee7,fourier_signed_shape;fourier_sign_profile;anf_degree_profile;local_sensitivity_profile;constant_restriction_profile;certificate_profile
532,NAND,3,12,15,10687,59582,0x29bf,0xe8be,fourier_signed_shape;fourier_sign_profile;anf_degree_profile
536,NAND,3,13,16,11751,35830,0x2de7,0x8bf6,fourier_signed_shape;fourier_sign_profile;anf_degree_profile
539,NAND,3,12,15,11223,36601,0x2bd7,0x8ef9,fourier_signed_shape;fourier_sign_profile;anf_degree_profile
547,NAND,3,16,19,27325,39862,0x6abd,0x9bb6,fourier_signed_shape;fourier_sign_profile;anf_degree_profile
548,NAND,3,17,20,7911,28393,0x1ee7,0x6ee9,fourier_signed_shape;fourier_sign_profile;anf_degree_profile
549,NAND,3,15,18,27055,43486,0x69af,0xa9de,fourier_signed_shape;fourier_sign_profile;anf_degree_profile
551,NAND,3,17,20,27069,44502,0x69bd,0xadd6,fourier_signed_shape;fourier_sign_profile;anf_degree_profile
565,NAND,3,6,9,44533,43997,0xadf5,0xabdd,anf_degree_profile
576,NAND,3,9,12,11199,59646,0x2bbf,0xe8fe,fourier_signed_shape;fourier_sign_profile;anf_degree_profile
583,NAND,3,9,12,34799,11262,0x87ef,0x2bfe,fourier_signed_shape;fourier_sign_profile;anf_degree_profile
585,NAND,3,10,13,26879,43966,0x68ff,0xabbe,fourier_signed_shape;fourier_sign_profile;anf_degree_profile
593,NAND,3,12,15,27389,39870,0x6afd,0x9bbe,fourier_signed_shape;fourier_sign_profile;anf_degree_profile
600,NAND,3,13,16,27611,44534,0x6bdb,0xadf6,fourier_signed_shape;fourier_sign_profile;anf_degree_profile
601,NAND,3,13,16,38894,16109,0x97ee,0x3eed,fourier_signed_shape;fourier_sign_profile;anf_degree_profile
602,NAND,3,13,16,27119,44510,0x69ef,0xadde,fourier_signed_shape;fourier_sign_profile;anf_degree_profile
605,NAND,3,17,20,27581,48598,0x6bbd,0xbdd6,fourier_signed_shape;fourier_sign_profile;anf_degree_profile
606,NAND,3,19,22,38782,32489,0x977e,0x7ee9,fourier_signed_shape;fourier_sign_profile;anf_degree_profile
607,NAND,3,14,17,38891,40697,0x97eb,0x9ef9,fourier_signed_shape;fourier_sign_profile;anf_degree_profile
611,NAND,3,17,20,38527,48873,0x967f,0xbee9,fourier_signed_shape;fourier_sign_profile;anf_degree_profile
617,NAND,3,5,8,7167,61178,0x1bff,0xeefa,fourier_signed_shape;fourier_sign_profile;anf_degree_profile
627,NAND,3,9,12,8183,36862,0x1ff7,0x8ffe,fourier_signed_shape;fourier_sign_profile;anf_degree_profile
632,NAND,3,10,13,39927,39934,0x9bf7,0x9bfe,fourier_signed_shape;fourier_sign_profile;anf_degree_profile
633,NAND,3,10,13,27631,44542,0x6bef,0xadfe,fourier_signed_shape;fourier_sign_profile;anf_degree_profile
642,NAND,3,13,16,27615,48877,0x6bdf,0xbeed,fourier_signed_shape;fourier_sign_profile;anf_degree_profile
643,NAND,3,13,16,27135,48875,0x69ff,0xbeeb,fourier_signed_shape;fourier_sign_profile;anf_degree_profile
645,NAND,3,14,17,27583,59902,0x6bbf,0xe9fe,fourier_signed_shape;fourier_sign_profile;anf_degree_profile
648,NAND,3,5,8,12287,61182,0x2fff,0xeefe,fourier_signed_shape;fourier_sign_profile;anf_degree_profile
649,NAND,3,4,7,8191,61167,0x1fff,0xeeef,fourier_signed_shape;fourier_sign_profile;anf_degree_profile
651,NAND,3,8,11,32510,16382,0x7efe,0x3ffe,fourier_signed_shape;fourier_sign_profile;anf_degree_profile
652,NAND,3,7,10,39935,61179,0x9bff,0xeefb,fourier_signed_shape;fourier_sign_profile;anf_degree_profile
655,NAND,3,10,13,48607,48638,0xbddf,0xbdfe,fourier_signed_shape;fourier_sign_profile;anf_degree_profile
656,NAND,3,11,14,40951,61433,0x9ff7,0xeff9,fourier_signed_shape;fourier_sign_profile;anf_degree_profile
14,NOR,3,5,8,11,32904,0x000b,0x8088,fourier_signed_shape;fourier_sign_profile;anf_degree_profile
15,NOR,3,4,7,7,2184,0x0007,0x0888,fourier_signed_shape;fourier_sign_profile;anf_degree_profile
17,NOR,3,8,11,32897,32771,0x8081,0x8003,fourier_signed_shape;fourier_sign_profile;anf_degree_profile
18,NOR,3,7,10,26,2208,0x001a,0x08a0,fourier_signed_shape;fourier_sign_profile;anf_degree_profile
21,NOR,3,10,13,296,1664,0x0128,0x0680,fourier_signed_shape;fourier_sign_profile;anf_degree_profile
22,NOR,3,11,14,280,6272,0x0118,0x1880,fourier_signed_shape;fourier_sign_profile;anf_degree_profile
33,NOR,3,5,8,27,34976,0x001b,0x88a0,fourier_signed_shape;fourier_sign_profile;anf_degree_profile
43,NOR,3,9,12,281,32782,0x0119,0x800e,fourier_signed_shape;fourier_sign_profile;anf_degree_profile
48,NOR,3,10,13,300,6304,0x012c,0x18a0,fourier_signed_shape;fourier_sign_profile;anf_degree_profile
49,NOR,3,10,13,649,32812,0x0289,0x802c,fourier_signed_shape;fourier_sign_profile;anf_degree_profile
58,NOR,3,13,16,390,10372,0x0186,0x2884,fourier_signed_shape;fourier_sign_profile;anf_degree_profile
59,NOR,3,13,16,105,10370,0x0069,0x2882,fourier_signed_shape;fourier_sign_profile;anf_degree_profile
61,NOR,3,14,17,553,32872,0x0229,0x8068,fourier_signed_shape;fourier_sign_profile;anf_degree_profile
70,NOR,3,6,9,968,1952,0x03c8,0x07a0,anf_degree_profile
81,NOR,3,9,12,555,33000,0x022b,0x80e8,fourier_signed_shape;fourier_sign_profile;anf_degree_profile
88,NOR,3,9,12,398,618,0x018e,0x026a,fourier_signed_shape;fourier_sign_profile;anf_degree_profile
90,NOR,3,10,13,233,33322,0x00e9,0x822a,fourier_signed_shape;fourier_sign_profile;anf_degree_profile
98,NOR,3,12,15,2273,33066,0x08e1,0x812a,fourier_signed_shape;fourier_sign_profile;anf_degree_profile
105,NOR,3,13,16,1697,33368,0x06a1,0x8258,fourier_signed_shape;fourier_sign_profile;anf_degree_profile
106,NOR,3,13,16,33158,10373,0x8186,0x2885,fourier_signed_shape;fourier_sign_profile;anf_degree_profile
107,NOR,3,13,16,1673,33324,0x0689,0x822c,fourier_signed_shape;fourier_sign_profile;anf_degree_profile
110,NOR,3,17,20,5761,33128,0x1681,0x8168,fourier_signed_shape;fourier_sign_profile;anf_degree_profile
111,NOR,3,19,22,33046,26753,0x8116,0x6881,fourier_signed_shape;fourier_sign_profile;anf_degree_profile
112,NOR,3,14,17,2450,10388,0x0992,0x2894,fourier_signed_shape;fourier_sign_profile;anf_degree_profile
116,NOR,3,17,20,406,26754,0x0196,0x6882,fourier_signed_shape;fourier_sign_profile;anf_degree_profile
118,NOR,3,2,5,238,2730,0x00ee,0x0aaa,fourier_signed_shape;fourier_sign_profile;anf_degree_profile
120,NOR,3,5,8,34969,33667,0x8899,0x8383,fourier_signed_shape;fourier_sign_profile;anf_degree_profile
125,NOR,3,6,9,235,10410,0x00eb,0x28aa,fourier_signed_shape;fourier_sign_profile;anf_degree_profile
127,NOR,3,5,8,938,32911,0x03aa,0x808f,fourier_signed_shape;fourier_sign_profile;anf_degree_profile
129,NOR,3,6,9,746,591,0x02ea,0x024f,fourier_signed_shape;fourier_sign_profile;anf_degree_profile
130,NOR,3,6,9,34988,32942,0x88ac,0x80ae,fourier_signed_shape;fourier_sign_profile;anf_degree_profile
144,NOR,3,7,10,429,2786,0x01ad,0x0ae2,fourier_signed_shape;fourier_sign_profile;anf_degree_profile
145,NOR,3,8,11,910,622,0x038e,0x026e,fourier_signed_shape;fourier_sign_profile;anf_degree_profile
147,NOR,3,8,11,317,10472,0x013d,0x28e8,fourier_signed_shape;fourier_sign_profile;anf_degree_profile
149,NOR,3,9,12,966,1953,0x03c6,0x07a1,fourier_signed_shape;fourier_sign_profile;anf_degree_profile;local_sensitivity_profile;constant_restriction_profile;certificate_profile
153,NOR,3,11,14,444,32829,0x01bc,0x803d,fourier_signed_shape;fourier_sign_profile;anf_degree_profile
156,NOR,3,11,14,685,34442,0x02ad,0x868a,fourier_signed_shape;fourier_sign_profile;anf_degree_profile
160,NOR,3,14,17,6820,33084,0x1aa4,0x813c,fourier_signed_shape;fourier_sign_profile;anf_degree_profile
161,NOR,3,13,16,1689,33340,0x0699,0x823c,fourier_signed_shape;fourier_sign_profile;anf_degree_profile
168,NOR,3,11,14,34951,6286,0x8887,0x188e,fourier_signed_shape;fourier_sign_profile;anf_degree_profile;local_sensitivity_profile;constant_restriction_profile;certificate_profile
176,NOR,3,12,15,619,33512,0x026b,0x82e8,fourier_signed_shape;fourier_sign_profile;anf_degree_profile
180,NOR,3,13,16,1713,33372,0x06b1,0x825c,fourier_signed_shape;fourier_sign_profile;anf_degree_profile
183,NOR,3,12,15,1635,10452,0x0663,0x28d4,fourier_signed_shape;fourier_sign_profile;anf_degree_profile
191,NOR,3,16,19,6369,33130,0x18e1,0x816a,fourier_signed_shape;fourier_sign_profile;anf_degree_profile
192,NOR,3,17,20,6279,26761,0x1887,0x6889,fourier_signed_shape;fourier_sign_profile;anf_degree_profile
193,NOR,3,15,18,1705,33388,0x06a9,0x826c,fourier_signed_shape;fourier_sign_profile;anf_degree_profile
195,NOR,3,17,20,5769,33640,0x1689,0x8368,fourier_signed_shape;fourier_sign_profile;anf_degree_profile
205,NOR,3,6,9,3824,33731,0x0ef0,0x83c3,fourier_signed_shape;fourier_sign_profile;anf_degree_profile
213,NOR,3,8,11,1004,33740,0x03ec,0x83cc,fourier_signed_shape;fourier_sign_profile;anf_degree_profile
214,NOR,3,9,12,2733,34446,0x0aad,0x868e,fourier_signed_shape;fourier_sign_profile;anf_degree_profile
219,NOR,3,14,17,15553,33596,0x3cc1,0x833c,fourier_signed_shape;fourier_sign_profile;anf_degree_profile
222,NOR,3,6,9,855,60096,0x0357,0xeac0,fourier_signed_shape;fourier_sign_profile;anf_degree_profile
228,NOR,3,9,12,35500,1679,0x8aac,0x068f,fourier_signed_shape;fourier_sign_profile;anf_degree_profile
230,NOR,3,9,12,747,33514,0x02eb,0x82ea,fourier_signed_shape;fourier_sign_profile;anf_degree_profile
233,NOR,3,11,14,749,34474,0x02ed,0x86aa,fourier_signed_shape;fourier_sign_profile;anf_degree_profile
241,NOR,3,12,15,39054,33055,0x988e,0x811f,fourier_signed_shape;fourier_sign_profile;anf_degree_profile
242,NOR,3,9,12,2490,10460,0x09ba,0x28dc,fourier_signed_shape;fourier_sign_profile;anf_degree_profile
246,NOR,3,11,14,34974,33327,0x889e,0x822f,fourier_signed_shape;fourier_sign_profile;anf_degree_profile
247,NOR,3,10,13,3041,10949,0x0be1,0x2ac5,fourier_signed_shape;fourier_sign_profile;anf_degree_profile
250,NOR,3,12,15,2546,33373,0x09f2,0x825d,fourier_signed_shape;fourier_sign_profile;anf_degree_profile
251,NOR,3,12,15,1777,10453,0x06f1,0x28d5,fourier_signed_shape;fourier_sign_profile;anf_degree_profile
253,NOR,3,12,15,39314,10649,0x9992,0x2999,fourier_signed_shape;fourier_sign_profile;anf_degree_profile
269,NOR,3,15,18,1942,27048,0x0796,0x69a8,fourier_signed_shape;fourier_sign_profile;anf_degree_profile
280,NOR,3,14,17,1643,33387,0x066b,0x826b,fourier_signed_shape;fourier_sign_profile;anf_degree_profile
283,NOR,3,16,19,43412,10645,0xa994,0x2995,fourier_signed_shape;fourier_sign_profile;anf_degree_profile
284,NOR,3,17,20,2486,26778,0x09b6,0x689a,fourier_signed_shape;fourier_sign_profile;anf_degree_profile
291,NOR,3,21,24,5737,38504,0x1669,0x9668,fourier_signed_shape;fourier_sign_profile;anf_degree_profile
303,NOR,3,8,11,2302,639,0x08fe,0x027f,fourier_signed_shape;fourier_sign_profile;anf_degree_profile
306,NOR,3,10,13,43434,2295,0xa9aa,0x08f7,fourier_signed_shape;fourier_sign_profile;anf_degree_profile
310,NOR,3,7,10,1006,1959,0x03ee,0x07a7,fourier_signed_shape;fourier_sign_profile;anf_degree_profile
316,NOR,3,8,11,43213,10988,0xa8cd,0x2aec,fourier_signed_shape;fourier_sign_profile;anf_degree_profile;local_sensitivity_profile;constant_restriction_profile;certificate_profile
317,NOR,3,7,10,35531,1963,0x8acb,0x07ab,fourier_signed_shape;fourier_sign_profile;anf_degree_profile;local_sensitivity_profile;certificate_profile
321,NOR,3,9,12,39100,1973,0x98bc,0x07b5,fourier_signed_shape;fourier_sign_profile;anf_degree_profile
327,NOR,3,11,14,3045,33756,0x0be5,0x83dc,fourier_signed_shape;fourier_sign_profile;anf_degree_profile;local_sensitivity_profile;constant_restriction_profile;certificate_profile
331,NOR,3,12,15,44227,5790,0xacc3,0x169e,fourier_signed_shape;fourier_sign_profile;anf_degree_profile
333,NOR,3,15,18,48321,33597,0xbcc1,0x833d,fourier_signed_shape;fourier_sign_profile;anf_degree_profile
337,NOR,3,15,18,15561,6630,0x3cc9,0x19e6,fourier_signed_shape;fourier_sign_profile;anf_degree_profile
339,NOR,3,9,12,35539,6876,0x8ad3,0x1adc,fourier_signed_shape;fourier_sign_profile;anf_degree_profile;local_sensitivity_profile;constant_restriction_profile;certificate_profile
344,NOR,3,9,12,3814,39055,0x0ee6,0x988f,fourier_signed_shape;fourier_sign_profile;anf_degree_profile;local_sensitivity_profile;constant_restriction_profile;certificate_profile
348,NOR,3,10,13,43211,1947,0xa8cb,0x079b,fourier_signed_shape;fourier_sign_profile;anf_degree_profile
349,NOR,3,12,15,44234,1695,0xacca,0x069f,fourier_signed_shape;fourier_sign_profile;anf_degree_profile
352,NOR,3,12,15,6873,33753,0x1ad9,0x83d9,fourier_signed_shape;fourier_sign_profile;anf_degree_profile
355,NOR,3,14,17,35510,34490,0x8ab6,0x86ba,fourier_signed_shape;fourier_sign_profile;anf_degree_profile;local_sensitivity_profile;constant_restriction_profile;certificate_profile
365,NOR,3,14,17,7092,27331,0x1bb4,0x6ac3,fourier_signed_shape;fourier_sign_profile;anf_degree_profile;local_sensitivity_profile;certificate_profile
370,NOR,3,14,17,7912,5742,0x1ee8,0x166e,fourier_signed_shape;fourier_sign_profile;anf_degree_profile
371,NOR,3,15,18,6883,6567,0x1ae3,0x19a7,fourier_signed_shape;fourier_sign_profile;anf_degree_profile
383,NOR,3,4,7,43694,2303,0xaaae,0x08ff,fourier_signed_shape;fourier_sign_profile;anf_degree_profile
384,NOR,3,5,8,43691,33023,0xaaab,0x80ff,fourier_signed_shape;fourier_sign_profile;anf_degree_profile
398,NOR,3,11,14,59817,33788,0xe9a9,0x83fc,fourier_signed_shape;fourier_sign_profile;anf_degree_profile
405,NOR,3,8,11,44772,7098,0xaee4,0x1bba,fourier_signed_shape;fourier_sign_profile;anf_degree_profile
409,NOR,3,10,13,43243,1951,0xa8eb,0x079f,fourier_signed_shape;fourier_sign_profile;anf_degree_profile
415,NOR,3,12,15,43753,27310,0xaae9,0x6aae,fourier_signed_shape;fourier_sign_profile;anf_degree_profile
420,NOR,3,11,14,6894,1981,0x1aee,0x07bd,fourier_signed_shape;fourier_sign_profile;anf_degree_profile;local_sensitivity_profile;constant_restriction_profile;certificate_profile
424,NOR,3,11,14,60102,3031,0xeac6,0x0bd7,fourier_signed_shape;fourier_sign_profile;anf_degree_profile
428,NOR,3,11,14,39356,7156,0x99bc,0x1bf4,fourier_signed_shape;fourier_sign_profile;anf_degree_profile
430,NOR,3,12,15,43477,34801,0xa9d5,0x87f1,fourier_signed_shape;fourier_sign_profile;anf_degree_profile
434,NOR,3,14,17,7921,38809,0x1ef1,0x9799,fourier_signed_shape;fourier_sign_profile;anf_degree_profile
444,NOR,3,14,17,44235,26859,0xaccb,0x68eb,fourier_signed_shape;fourier_sign_profile;anf_degree_profile
450,NOR,3,16,19,35318,27051,0x89f6,0x69ab,fourier_signed_shape;fourier_sign_profile;anf_degree_profile
451,NOR,3,16,19,39350,27053,0x99b6,0x69ad,fourier_signed_shape;fourier_sign_profile;anf_degree_profile
457,NOR,3,16,19,35798,27335,0x8bd6,0x6ac7,fourier_signed_shape;fourier_sign_profile;anf_degree_profile
461,NOR,3,16,19,59550,10655,0xe89e,0x299f,fourier_signed_shape;fourier_sign_profile;anf_degree_profile
462,NOR,3,16,19,36585,34415,0x8ee9,0x866f,fourier_signed_shape;fourier_sign_profile;anf_degree_profile
464,NOR,3,18,21,43415,38888,0xa997,0x97e8,fourier_signed_shape;fourier_sign_profile;anf_degree_profile
465,NOR,3,19,22,10718,34427,0x29de,0x867b,fourier_signed_shape;fourier_sign_profile;anf_degree_profile
466,NOR,3,18,21,43422,26783,0xa99e,0x689f,fourier_signed_shape;fourier_sign_profile;anf_degree_profile
468,NOR,3,19,22,43478,27035,0xa9d6,0x699b,fourier_signed_shape;fourier_sign_profile;anf_degree_profile
472,NOR,3,23,26,59798,27031,0xe996,0x6997,fourier_signed_shape;fourier_sign_profile;anf_degree_profile
474,NOR,3,3,6,60138,1023,0xeaea,0x03ff,fourier_signed_shape;fourier_sign_profile;anf_degree_profile
478,NOR,3,10,13,59881,38807,0xe9e9,0x9797,fourier_signed_shape;fourier_sign_profile;anf_degree_profile
480,NOR,3,10,13,60075,33279,0xeaab,0x81ff,fourier_signed_shape;fourier_sign_profile;anf_degree_profile
492,NOR,3,10,13,3070,10975,0x0bfe,0x2adf,fourier_signed_shape;fourier_sign_profile;anf_degree_profile
493,NOR,3,11,14,43989,12276,0xabd5,0x2ff4,fourier_signed_shape;fourier_sign_profile;anf_degree_profile
498,NOR,3,10,13,8177,28390,0x1ff1,0x6ee6,fourier_signed_shape;fourier_sign_profile;anf_degree_profile;local_sensitivity_profile;constant_restriction_profile;certificate_profile
500,NOR,3,10,13,43979,33759,0xabcb,0x83df,fourier_signed_shape;fourier_sign_profile;anf_degree_profile
506,NOR,3,11,14,44773,15836,0xaee5,0x3ddc,fourier_signed_shape;fourier_sign_profile;anf_degree_profile
507,NOR,3,10,13,44536,7157,0xadf8,0x1bf5,fourier_signed_shape;fourier_sign_profile;anf_degree_profile
509,NOR,3,13,16,44009,27626,0xabe9,0x6bea,fourier_signed_shape;fourier_sign_profile;anf_degree_profile
511,NOR,3,13,16,60077,27371,0xeaad,0x6aeb,fourier_signed_shape;fourier_sign_profile;anf_degree_profile
514,NOR,3,13,16,15597,11763,0x3ced,0x2df3,fourier_signed_shape;fourier_sign_profile;anf_degree_profile
517,NOR,3,15,18,15595,38590,0x3ceb,0x96be,fourier_signed_shape;fourier_sign_profile;anf_degree_profile
521,NOR,3,13,16,7101,28408,0x1bbd,0x6ef8,fourier_signed_shape;fourier_sign_profile;anf_degree_profile
529,NOR,3,12,15,43964,15829,0xabbc,0x3dd5,fourier_signed_shape;fourier_sign_profile;anf_degree_profile
531,NOR,3,13,16,35774,26863,0x8bbe,0x68ef,fourier_signed_shape;fourier_sign_profile;anf_degree_profile
537,NOR,3,15,18,44251,27373,0xacdb,0x6aed,fourier_signed_shape;fourier_sign_profile;anf_degree_profile
539,NOR,3,14,17,60118,11223,0xead6,0x2bd7,fourier_signed_shape;fourier_sign_profile;anf_degree_profile
540,NOR,3,15,18,59822,34555,0xe9ae,0x86fb,fourier_signed_shape;fourier_sign_profile;anf_degree_profile
566,NOR,3,10,13,45041,12277,0xaff1,0x2ff5,fourier_signed_shape;fourier_sign_profile;anf_degree_profile
572,NOR,3,9,12,61170,7135,0xeef2,0x1bdf,fourier_signed_shape;fourier_sign_profile;anf_degree_profile
576,NOR,3,11,14,59646,11199,0xe8fe,0x2bbf,fourier_signed_shape;fourier_sign_profile;anf_degree_profile
580,NOR,3,13,16,43965,32490,0xabbd,0x7eea,fourier_signed_shape;fourier_sign_profile;anf_degree_profile
583,NOR,3,12,15,43455,27390,0xa9bf,0x6afe,fourier_signed_shape;fourier_sign_profile;anf_degree_profile
585,NOR,3,13,16,43966,26879,0xabbe,0x68ff,fourier_signed_shape;fourier_sign_profile;anf_degree_profile
596,NOR,3,14,17,43518,11743,0xa9fe,0x2ddf,fourier_signed_shape;fourier_sign_profile;anf_degree_profile
600,NOR,3,16,19,44534,27611,0xadf6,0x6bdb,fourier_signed_shape;fourier_sign_profile;anf_degree_profile
601,NOR,3,16,19,16109,38845,0x3eed,0x97bd,fourier_signed_shape;fourier_sign_profile;anf_degree_profile
602,NOR,3,16,19,44510,27119,0xadde,0x69ef,fourier_signed_shape;fourier_sign_profile;anf_degree_profile
603,NOR,3,16,19,60348,15831,0xebbc,0x3dd7,fourier_signed_shape;fourier_sign_profile;anf_degree_profile
606,NOR,3,21,24,32489,38782,0x7ee9,0x977e,fourier_signed_shape;fourier_sign_profile;anf_degree_profile
607,NOR,3,17,20,40697,38891,0x9ef9,0x97eb,fourier_signed_shape;fourier_sign_profile;anf_degree_profile
611,NOR,3,20,23,48873,38527,0xbee9,0x967f,fourier_signed_shape;fourier_sign_profile;anf_degree_profile
613,NOR,3,3,6,61166,4095,0xeeee,0x0fff,fourier_signed_shape;fourier_sign_profile;anf_degree_profile
617,NOR,3,8,11,60143,7167,0xeaef,0x1bff,fourier_signed_shape;fourier_sign_profile;anf_degree_profile
627,NOR,3,12,15,36862,28399,0x8ffe,0x6eef,fourier_signed_shape;fourier_sign_profile;anf_degree_profile
632,NOR,3,13,16,60397,28411,0xebed,0x6efb,fourier_signed_shape;fourier_sign_profile;anf_degree_profile
633,NOR,3,13,16,44542,27631,0xadfe,0x6bef,fourier_signed_shape;fourier_sign_profile;anf_degree_profile
642,NOR,3,16,19,48877,38895,0xbeed,0x97ef,fourier_signed_shape;fourier_sign_profile;anf_degree_profile
643,NOR,3,16,19,60350,38655,0xebbe,0x96ff,fourier_signed_shape;fourier_sign_profile;anf_degree_profile
645,NOR,3,17,20,59902,27583,0xe9fe,0x6bbf,fourier_signed_shape;fourier_sign_profile;anf_degree_profile
648,NOR,3,8,11,44031,12287,0xabff,0x2fff,fourier_signed_shape;fourier_sign_profile;anf_degree_profile
649,NOR,3,7,10,61167,8191,0xeeef,0x1fff,fourier_signed_shape;fourier_sign_profile;anf_degree_profile
651,NOR,3,11,14,16382,32510,0x3ffe,0x7efe,fourier_signed_shape;fourier_sign_profile;anf_degree_profile
652,NOR,3,10,13,61179,39935,0xeefb,0x9bff,fourier_signed_shape;fourier_sign_profile;anf_degree_profile
655,NOR,3,13,16,60413,28667,0xebfd,0x6ffb,fourier_signed_shape;fourier_sign_profile;anf_degree_profile
656,NOR,3,14,17,61433,40951,0xeff9,0x9ff7,fourier_signed_shape;fourier_sign_profile;anf_degree_profile
21,AND_OR_NOT,2,10,12,296,641,0x0128,0x0281,fourier_signed_shape;fourier_sign_profile;anf_degree_profile
40,AND_OR_NOT,2,7,9,34960,579,0x8890,0x0243,fourier_signed_shape;fourier_sign_profile;anf_degree_profile
42,AND_OR_NOT,2,8,10,298,643,0x012a,0x0283,fourier_signed_shape;fourier_sign_profile;anf_degree_profile
47,AND_OR_NOT,2,9,11,33154,705,0x8182,0x02c1,fourier_signed_shape;fourier_sign_profile;anf_degree_profile
55,AND_OR_NOT,2,13,15,660,1665,0x0294,0x0681,fourier_signed_shape;fourier_sign_profile;anf_degree_profile
58,AND_OR_NOT,2,12,14,616,585,0x0268,0x0249,fourier_signed_shape;fourier_sign_profile;anf_degree_profile
64,AND_OR_NOT,2,3,5,43144,143,0xa888,0x008f,fourier_signed_shape;fourier_sign_profile;anf_degree_profile
71,AND_OR_NOT,2,7,9,33155,961,0x8183,0x03c1,fourier_signed_shape;fourier_sign_profile;anf_degree_profile
73,AND_OR_NOT,2,7,9,33666,707,0x8382,0x02c3,fourier_signed_shape;fourier_sign_profile;anf_degree_profile
77,AND_OR_NOT,2,6,8,590,583,0x024e,0x0247,fourier_signed_shape;fourier_sign_profile;anf_degree_profile
86,AND_OR_NOT,2,9,11,302,647,0x012e,0x0287,fourier_signed_shape;fourier_sign_profile;anf_degree_profile
91,AND_OR_NOT,2,9,11,33668,1712,0x8384,0x06b0,fourier_signed_shape;fourier_absolute_shape;fourier_l1_by_degree;fourier_sign_profile;anf_degree_profile;local_sensitivity_profile;constant_restriction_profile;certificate_profile
95,AND_OR_NOT,2,8,10,1634,33347,0x0662,0x8243,fourier_signed_shape;fourier_sign_profile;anf_degree_profile
98,AND_OR_NOT,2,11,13,362,2273,0x016a,0x08e1,fourier_signed_shape;fourier_sign_profile;anf_degree_profile
99,AND_OR_NOT,2,10,12,620,410,0x026c,0x019a,fourier_signed_shape;fourier_sign_profile;anf_degree_profile
129,AND_OR_NOT,2,6,8,746,591,0x02ea,0x024f,fourier_signed_shape;fourier_sign_profile;anf_degree_profile
130,AND_OR_NOT,2,6,8,43208,655,0xa8c8,0x028f,fourier_signed_shape;fourier_sign_profile;anf_degree_profile
132,AND_OR_NOT,2,6,8,35048,683,0x88e8,0x02ab,fourier_signed_shape;fourier_sign_profile;anf_degree_profile
133,AND_OR_NOT,2,5,7,59528,2191,0xe888,0x088f,fourier_signed_shape;fourier_sign_profile;anf_degree_profile
135,AND_OR_NOT,2,8,10,490,725,0x01ea,0x02d5,fourier_signed_shape;fourier_sign_profile;anf_degree_profile
137,AND_OR_NOT,2,8,10,2016,3024,0x07e0,0x0bd0,fourier_signed_shape;fourier_sign_profile;anf_degree_profile
141,AND_OR_NOT,2,7,9,2992,2544,0x0bb0,0x09f0,local_sensitivity_profile;constant_restriction_profile;certificate_profile
144,AND_OR_NOT,2,8,10,606,711,0x025e,0x02c7,fourier_signed_shape;fourier_sign_profile;anf_degree_profile
145,AND_OR_NOT,2,8,10,622,603,0x026e,0x025b,fourier_signed_shape;fourier_sign_profile;anf_degree_profile
146,AND_OR_NOT,2,8,10,33422,667,0x828e,0x029b,fourier_signed_shape;fourier_sign_profile;anf_degree_profile
151,AND_OR_NOT,2,8,10,858,2755,0x035a,0x0ac3,fourier_signed_shape;fourier_sign_profile;anf_degree_profile
154,AND_OR_NOT,2,10,12,39074,2275,0x98a2,0x08e3,fourier_signed_shape;fourier_sign_profile;anf_degree_profile
155,AND_OR_NOT,2,10,12,366,1671,0x016e,0x0687,fourier_signed_shape;fourier_sign_profile;anf_degree_profile
157,AND_OR_NOT,2,10,12,318,573,0x013e,0x023d,fourier_signed_shape;fourier_sign_profile;anf_degree_profile
158,AND_OR_NOT,2,10,12,876,924,0x036c,0x039c,fourier_signed_shape;fourier_sign_profile;anf_degree_profile
162,AND_OR_NOT,2,8,10,35248,1762,0x89b0,0x06e2,fourier_signed_shape;fourier_sign_profile;anf_degree_profile
163,AND_OR_NOT,2,8,10,1650,33351,0x0672,0x8247,fourier_signed_shape;fourier_sign_profile;anf_degree_profile
165,AND_OR_NOT,2,10,12,35296,6283,0x89e0,0x188b,fourier_signed_shape;fourier_sign_profile;anf_degree_profile
167,AND_OR_NOT,2,9,11,34696,857,0x8788,0x0359,fourier_signed_shape;fourier_sign_profile;anf_degree_profile;local_sensitivity_profile;constant_restriction_profile;certificate_profile
175,AND_OR_NOT,2,10,12,32926,663,0x809e,0x0297,fourier_signed_shape;fourier_sign_profile;anf_degree_profile
177,AND_OR_NOT,2,11,13,59522,33001,0xe882,0x80e9,fourier_signed_shape;fourier_sign_profile;anf_degree_profile
183,AND_OR_NOT,2,10,12,1642,1635,0x066a,0x0663,fourier_signed_shape;fourier_sign_profile;anf_degree_profile
185,AND_OR_NOT,2,12,14,43142,745,0xa886,0x02e9,fourier_signed_shape;fourier_sign_profile;anf_degree_profile
187,AND_OR_NOT,2,12,14,33684,6849,0x8394,0x1ac1,fourier_signed_shape;fourier_sign_profile;anf_degree_profile
189,AND_OR_NOT,2,12,14,1656,6546,0x0678,0x1992,fourier_signed_shape;fourier_sign_profile;anf_degree_profile
191,AND_OR_NOT,2,14,16,33130,5763,0x816a,0x1683,fourier_signed_shape;fourier_sign_profile;anf_degree_profile
194,AND_OR_NOT,2,13,15,34966,33325,0x8896,0x822d,fourier_signed_shape;fourier_sign_profile;anf_degree_profile
196,AND_OR_NOT,2,15,17,33174,33129,0x8196,0x8169,fourier_signed_shape;fourier_sign_profile;anf_degree_profile
207,AND_OR_NOT,2,5,7,750,719,0x02ee,0x02cf,fourier_signed_shape;fourier_sign_profile;anf_degree_profile
208,AND_OR_NOT,2,6,8,35050,2223,0x88ea,0x08af,fourier_signed_shape;fourier_sign_profile;anf_degree_profile
209,AND_OR_NOT,2,5,7,59560,575,0xe8a8,0x023f,fourier_signed_shape;fourier_sign_profile;anf_degree_profile
212,AND_OR_NOT,2,6,8,1962,967,0x07aa,0x03c7,fourier_signed_shape;fourier_sign_profile;anf_degree_profile
213,AND_OR_NOT,2,7,9,1004,1957,0x03ec,0x07a5,fourier_signed_shape;fourier_sign_profile;anf_degree_profile
216,AND_OR_NOT,2,9,11,39330,2789,0x99a2,0x0ae5,fourier_signed_shape;fourier_sign_profile;anf_degree_profile
228,AND_OR_NOT,2,8,10,44232,1679,0xacc8,0x068f,fourier_signed_shape;fourier_sign_profile;anf_degree_profile
229,AND_OR_NOT,2,9,11,35560,2238,0x8ae8,0x08be,fourier_signed_shape;fourier_sign_profile;anf_degree_profile
230,AND_OR_NOT,2,8,10,43150,747,0xa88e,0x02eb,fourier_signed_shape;fourier_sign_profile;anf_degree_profile
231,AND_OR_NOT,2,11,13,39586,2279,0x9aa2,0x08e7,fourier_signed_shape;fourier_sign_profile;anf_degree_profile
236,AND_OR_NOT,2,8,10,35792,3032,0x8bd0,0x0bd8,fourier_signed_shape;fourier_sign_profile;anf_degree_profile
238,AND_OR_NOT,2,7,9,1654,2545,0x0676,0x09f1,fourier_signed_shape;fourier_sign_profile;anf_degree_profile;local_sensitivity_profile;constant_restriction_profile;certificate_profile
245,AND_OR_NOT,2,10,12,33516,2478,0x82ec,0x09ae,fourier_signed_shape;fourier_sign_profile;anf_degree_profile
249,AND_OR_NOT,2,10,12,2024,2017,0x07e8,0x07e1,fourier_signed_shape;fourier_sign_profile;anf_degree_profile
251,AND_OR_NOT,2,10,12,1784,1777,0x06f8,0x06f1,fourier_signed_shape;fourier_sign_profile;anf_degree_profile
261,AND_OR_NOT,2,11,13,33175,33257,0x8197,0x81e9,fourier_signed_shape;fourier_sign_profile;anf_degree_profile
264,AND_OR_NOT,2,11,13,34998,877,0x88b6,0x036d,fourier_signed_shape;fourier_sign_profile;anf_degree_profile
271,AND_OR_NOT,2,13,15,33686,5785,0x8396,0x1699,fourier_signed_shape;fourier_sign_profile;anf_degree_profile
278,AND_OR_NOT,2,13,15,33182,6295,0x819e,0x1897,fourier_signed_shape;fourier_sign_profile;anf_degree_profile
283,AND_OR_NOT,2,14,16,5738,10645,0x166a,0x2995,fourier_signed_shape;fourier_sign_profile;anf_degree_profile
287,AND_OR_NOT,2,15,17,34424,33641,0x8678,0x8369,fourier_signed_shape;fourier_sign_profile;anf_degree_profile
304,AND_OR_NOT,2,7,9,43242,2287,0xa8ea,0x08ef,fourier_signed_shape;fourier_sign_profile;anf_degree_profile
305,AND_OR_NOT,2,6,8,60072,10923,0xeaa8,0x2aab,fourier_signed_shape;fourier_sign_profile;anf_degree_profile
310,AND_OR_NOT,2,6,8,1006,2781,0x03ee,0x0add,fourier_signed_shape;fourier_sign_profile;anf_degree_profile
315,AND_OR_NOT,2,8,10,2040,3825,0x07f8,0x0ef1,fourier_signed_shape;fourier_sign_profile;anf_degree_profile
319,AND_OR_NOT,2,8,10,33518,1711,0x82ee,0x06af,fourier_signed_shape;fourier_sign_profile;anf_degree_profile
320,AND_OR_NOT,2,8,10,2026,2019,0x07ea,0x07e3,fourier_signed_shape;fourier_sign_profile;anf_degree_profile
321,AND_OR_NOT,2,9,11,1978,1973,0x07ba,0x07b5,fourier_signed_shape;fourier_sign_profile;anf_degree_profile
323,AND_OR_NOT,2,10,12,35306,2791,0x89ea,0x0ae7,fourier_signed_shape;fourier_sign_profile;anf_degree_profile;local_sensitivity_profile;constant_restriction_profile;certificate_profile
325,AND_OR_NOT,2,9,11,39146,2797,0x98ea,0x0aed,fourier_signed_shape;fourier_sign_profile;anf_degree_profile;local_sensitivity_profile;constant_restriction_profile;certificate_profile
326,AND_OR_NOT,2,9,11,48328,6827,0xbcc8,0x1aab,fourier_signed_shape;fourier_sign_profile;anf_degree_profile;local_sensitivity_profile;constant_restriction_profile;certificate_profile
327,AND_OR_NOT,2,10,12,1980,3045,0x07bc,0x0be5,fourier_signed_shape;fourier_sign_profile;anf_degree_profile
335,AND_OR_NOT,2,13,15,33598,5783,0x833e,0x1697,fourier_signed_shape;fourier_sign_profile;anf_degree_profile
346,AND_OR_NOT,2,9,11,35816,6334,0x8be8,0x18be,fourier_signed_shape;fourier_sign_profile;anf_degree_profile
347,AND_OR_NOT,2,9,11,1662,1767,0x067e,0x06e7,fourier_signed_shape;fourier_sign_profile;anf_degree_profile
348,AND_OR_NOT,2,10,12,1726,10955,0x06be,0x2acb,fourier_signed_shape;fourier_sign_profile;anf_degree_profile
352,AND_OR_NOT,2,11,13,6060,7122,0x17ac,0x1bd2,fourier_signed_shape;fourier_sign_profile;anf_degree_profile
354,AND_OR_NOT,2,10,12,39904,1974,0x9be0,0x07b6,fourier_signed_shape;fourier_sign_profile;anf_degree_profile
356,AND_OR_NOT,2,13,15,1950,2535,0x079e,0x09e7,fourier_signed_shape;fourier_sign_profile;anf_degree_profile
365,AND_OR_NOT,2,11,13,33750,6633,0x83d6,0x19e9,fourier_signed_shape;fourier_sign_profile;anf_degree_profile
377,AND_OR_NOT,2,14,16,34426,5805,0x867a,0x16ad,fourier_signed_shape;fourier_sign_profile;anf_degree_profile
388,AND_OR_NOT,2,5,7,35007,2783,0x88bf,0x0adf,fourier_signed_shape;fourier_sign_profile;anf_degree_profile
389,AND_OR_NOT,2,6,8,43246,2799,0xa8ee,0x0aef,fourier_signed_shape;fourier_sign_profile;anf_degree_profile
390,AND_OR_NOT,2,5,7,60136,959,0xeae8,0x03bf,fourier_signed_shape;fourier_sign_profile;anf_degree_profile
393,AND_OR_NOT,2,6,8,3834,2035,0x0efa,0x07f3,fourier_signed_shape;fourier_sign_profile;anf_degree_profile
394,AND_OR_NOT,2,7,9,2042,3061,0x07fa,0x0bf5,fourier_signed_shape;fourier_sign_profile;anf_degree_profile
397,AND_OR_NOT,2,9,11,39402,11507,0x99ea,0x2cf3,fourier_signed_shape;fourier_sign_profile;anf_degree_profile
409,AND_OR_NOT,2,8,10,60076,2543,0xeaac,0x09ef,fourier_signed_shape;fourier_sign_profile;anf_degree_profile
410,AND_OR_NOT,2,9,11,59566,33519,0xe8ae,0x82ef,fourier_signed_shape;fourier_sign_profile;anf_degree_profile
411,AND_OR_NOT,2,8,10,36586,10431,0x8eea,0x28bf,fourier_signed_shape;fourier_sign_profile;anf_degree_profile
412,AND_OR_NOT,2,11,13,43498,6383,0xa9ea,0x18ef,fourier_signed_shape;fourier_sign_profile;anf_degree_profile
417,AND_OR_NOT,2,8,10,39896,35801,0x9bd8,0x8bd9,fourier_signed_shape;fourier_sign_profile;anf_degree_profile
419,AND_OR_NOT,2,7,9,33751,2038,0x83d7,0x07f6,fourier_signed_shape;fourier_sign_profile;anf_degree_profile;local_sensitivity_profile;constant_restriction_profile;certificate_profile
426,AND_OR_NOT,2,10,12,43230,34479,0xa8de,0x86af,fourier_signed_shape;fourier_sign_profile;anf_degree_profile
430,AND_OR_NOT,2,10,12,6122,11221,0x17ea,0x2bd5,fourier_signed_shape;fourier_sign_profile;anf_degree_profile
432,AND_OR_NOT,2,10,12,40688,3833,0x9ef0,0x0ef9,fourier_signed_shape;fourier_sign_profile;anf_degree_profile
442,AND_OR_NOT,2,11,13,5758,11196,0x167e,0x2bbc,fourier_signed_shape;fourier_sign_profile;anf_degree_profile
445,AND_OR_NOT,2,11,13,34554,5807,0x86fa,0x16af,fourier_signed_shape;fourier_sign_profile;anf_degree_profile
452,AND_OR_NOT,2,13,15,34682,11731,0x877a,0x2dd3,fourier_signed_shape;fourier_sign_profile;anf_degree_profile
459,AND_OR_NOT,2,13,15,34430,5821,0x867e,0x16bd,fourier_signed_shape;fourier_sign_profile;anf_degree_profile
464,AND_OR_NOT,2,14,16,43415,6121,0xa997,0x17e9,fourier_signed_shape;fourier_sign_profile;anf_degree_profile
468,AND_OR_NOT,2,15,17,43478,11734,0xa9d6,0x2dd6,fourier_signed_shape;fourier_sign_profile;anf_degree_profile
485,AND_OR_NOT,2,6,8,43199,3039,0xa8bf,0x0bdf,fourier_signed_shape;fourier_sign_profile;anf_degree_profile
486,AND_OR_NOT,2,6,8,60140,3055,0xeaec,0x0bef,fourier_signed_shape;fourier_sign_profile;anf_degree_profile
488,AND_OR_NOT,2,6,8,59630,10943,0xe8ee,0x2abf,fourier_signed_shape;fourier_sign_profile;anf_degree_profile
489,AND_OR_NOT,2,5,7,61160,3823,0xeee8,0x0eef,fourier_signed_shape;fourier_sign_profile;anf_degree_profile
491,AND_OR_NOT,2,8,10,2046,3831,0x07fe,0x0ef7,fourier_signed_shape;fourier_sign_profile;anf_degree_profile
493,AND_OR_NOT,2,8,10,43989,12276,0xabd5,0x2ff4,fourier_signed_shape;fourier_sign_profile;anf_degree_profile
497,AND_OR_NOT,2,7,9,12274,39865,0x2ff2,0x9bb9,fourier_signed_shape;fourier_sign_profile;anf_degree_profile;local_sensitivity_profile;constant_restriction_profile;certificate_profile
500,AND_OR_NOT,2,8,10,6910,6879,0x1afe,0x1adf,fourier_signed_shape;fourier_sign_profile;anf_degree_profile
501,AND_OR_NOT,2,8,10,35263,6591,0x89bf,0x19bf,fourier_signed_shape;fourier_sign_profile;anf_degree_profile
502,AND_OR_NOT,2,8,10,35822,6847,0x8bee,0x1abf,fourier_signed_shape;fourier_sign_profile;anf_degree_profile
507,AND_OR_NOT,2,8,10,34743,12019,0x87b7,0x2ef3,fourier_signed_shape;fourier_sign_profile;anf_degree_profile
510,AND_OR_NOT,2,10,12,44522,11515,0xadea,0x2cfb,fourier_signed_shape;fourier_sign_profile;anf_degree_profile
511,AND_OR_NOT,2,10,12,33790,6639,0x83fe,0x19ef,fourier_signed_shape;fourier_sign_profile;anf_degree_profile
513,AND_OR_NOT,2,10,12,33663,6647,0x837f,0x19f7,fourier_signed_shape;fourier_sign_profile;anf_degree_profile
514,AND_OR_NOT,2,10,12,34810,11763,0x87fa,0x2df3,fourier_signed_shape;fourier_sign_profile;anf_degree_profile
518,AND_OR_NOT,2,8,10,39928,12022,0x9bf8,0x2ef6,fourier_signed_shape;fourier_sign_profile;anf_degree_profile
519,AND_OR_NOT,2,8,10,35799,7134,0x8bd7,0x1bde,fourier_signed_shape;fourier_sign_profile;anf_degree_profile
521,AND_OR_NOT,2,10,12,48600,12007,0xbdd8,0x2ee7,fourier_signed_shape;fourier_sign_profile;anf_degree_profile
523,AND_OR_NOT,2,9,11,43516,6077,0xa9fc,0x17bd,fourier_signed_shape;fourier_sign_profile;anf_degree_profile;local_sensitivity_profile;constant_restriction_profile;certificate_profile
531,AND_OR_NOT,2,10,12,34558,5823,0x86fe,0x16bf,fourier_signed_shape;fourier_sign_profile;anf_degree_profile
533,AND_OR_NOT,2,11,13,48872,11198,0xbee8,0x2bbe,fourier_signed_shape;fourier_sign_profile;anf_degree_profile
539,AND_OR_NOT,2,10,12,40696,11223,0x9ef8,0x2bd7,fourier_signed_shape;fourier_sign_profile;anf_degree_profile
541,AND_OR_NOT,2,12,14,40682,10750,0x9eea,0x29fe,fourier_signed_shape;fourier_sign_profile;anf_degree_profile
543,AND_OR_NOT,2,12,14,38844,27609,0x97bc,0x6bd9,fourier_signed_shape;fourier_sign_profile;anf_degree_profile
545,AND_OR_NOT,2,12,14,43479,7929,0xa9d7,0x1ef9,fourier_signed_shape;fourier_sign_profile;anf_degree_profile
547,AND_OR_NOT,2,14,16,39862,11739,0x9bb6,0x2ddb,fourier_signed_shape;fourier_sign_profile;anf_degree_profile
550,AND_OR_NOT,2,13,15,38638,11742,0x96ee,0x2dde,fourier_signed_shape;fourier_sign_profile;anf_degree_profile
552,AND_OR_NOT,2,15,17,38526,15830,0x967e,0x3dd6,fourier_signed_shape;fourier_sign_profile;anf_degree_profile
559,AND_OR_NOT,2,3,5,61162,3839,0xeeea,0x0eff,fourier_signed_shape;fourier_sign_profile;anf_degree_profile
566,AND_OR_NOT,2,7,9,8186,12277,0x1ffa,0x2ff5,fourier_signed_shape;fourier_sign_profile;anf_degree_profile
568,AND_OR_NOT,2,7,9,36858,12275,0x8ffa,0x2ff3,fourier_signed_shape;fourier_sign_profile;anf_degree_profile
572,AND_OR_NOT,2,6,8,35807,7135,0x8bdf,0x1bdf,fourier_signed_shape;fourier_sign_profile;anf_degree_profile
581,AND_OR_NOT,2,9,11,34751,7151,0x87bf,0x1bef,fourier_signed_shape;fourier_sign_profile;anf_degree_profile
586,AND_OR_NOT,2,9,11,39932,44519,0x9bfc,0xade7,fourier_signed_shape;fourier_absolute_shape;fourier_l1_by_degree;fourier_sign_profile;anf_degree_profile;local_sensitivity_profile;constant_restriction_profile;certificate_profile
590,AND_OR_NOT,2,8,10,43991,12278,0xabd7,0x2ff6,fourier_signed_shape;fourier_sign_profile;anf_degree_profile
593,AND_OR_NOT,2,11,13,34814,27389,0x87fe,0x6afd,fourier_signed_shape;fourier_sign_profile;anf_degree_profile
594,AND_OR_NOT,2,10,12,40698,11767,0x9efa,0x2df7,fourier_signed_shape;fourier_sign_profile;anf_degree_profile
624,AND_OR_NOT,2,7,9,48892,12279,0xbefc,0x2ff7,fourier_signed_shape;fourier_sign_profile;anf_degree_profile
626,AND_OR_NOT,2,8,10,39871,12283,0x9bbf,0x2ffb,fourier_signed_shape;fourier_sign_profile;anf_degree_profile
631,AND_OR_NOT,2,9,11,40954,28407,0x9ffa,0x6ef7,fourier_signed_shape;fourier_sign_profile;anf_degree_profile
639,AND_OR_NOT,2,13,15,40695,27645,0x9ef7,0x6bfd,fourier_signed_shape;fourier_sign_profile;anf_degree_profile
642,AND_OR_NOT,2,12,14,59839,27615,0xe9bf,0x6bdf,fourier_signed_shape;fourier_sign_profile;anf_degree_profile
655,AND_OR_NOT,2,10,12,48607,28667,0xbddf,0x6ffb,fourier_signed_shape;fourier_sign_profile;anf_degree_profile
2,NAND,2,9,11,128,2,0x0080,0x0002,fourier_signed_shape;fourier_sign_profile;anf_degree_profile
9,NAND,2,11,13,640,24,0x0280,0x0018,fourier_signed_shape;fourier_sign_profile;anf_degree_profile
10,NAND,2,13,15,32770,129,0x8002,0x0081,fourier_signed_shape;fourier_sign_profile;anf_degree_profile
23,NAND,2,14,16,584,386,0x0248,0x0182,fourier_signed_shape;fourier_sign_profile;anf_degree_profile
25,NAND,2,15,17,33344,577,0x8240,0x0241,fourier_signed_shape;fourier_sign_profile;anf_degree_profile
32,NAND,2,8,10,2720,60,0x0aa0,0x003c,fourier_signed_shape;fourier_sign_profile;anf_degree_profile
34,NAND,2,9,11,32936,43,0x80a8,0x002b,fourier_signed_shape;fourier_sign_profile;anf_degree_profile
39,NAND,2,11,13,2224,394,0x08b0,0x018a,fourier_signed_shape;fourier_sign_profile;anf_degree_profile
40,NAND,2,12,14,387,579,0x0183,0x0243,fourier_signed_shape;fourier_sign_profile;anf_degree_profile
42,NAND,2,11,13,2272,298,0x08e0,0x012a,fourier_signed_shape;fourier_sign_profile;anf_degree_profile
44,NAND,2,12,14,2210,45,0x08a2,0x002d,fourier_signed_shape;fourier_sign_profile;anf_degree_profile
46,NAND,2,12,14,1696,900,0x06a0,0x0384,fourier_signed_shape;fourier_sign_profile;anf_degree_profile
55,NAND,2,17,19,6274,1665,0x1882,0x0681,fourier_signed_shape;fourier_sign_profile;anf_degree_profile
56,NAND,2,17,19,5760,360,0x1680,0x0168,fourier_signed_shape;fourier_sign_profile;anf_degree_profile
63,NAND,2,6,8,34984,47,0x88a8,0x002f,fourier_signed_shape;fourier_sign_profile;anf_degree_profile
66,NAND,2,9,11,899,426,0x0383,0x01aa,fourier_signed_shape;fourier_sign_profile;anf_degree_profile
68,NAND,2,9,11,33418,173,0x828a,0x00ad,fourier_signed_shape;fourier_sign_profile;anf_degree_profile
70,NAND,2,9,11,1952,964,0x07a0,0x03c4,fourier_signed_shape;fourier_sign_profile;anf_degree_profile
73,NAND,2,10,12,39056,409,0x9890,0x0199,fourier_signed_shape;fourier_sign_profile;anf_degree_profile
76,NAND,2,9,11,714,906,0x02ca,0x038a,fourier_signed_shape;fourier_sign_profile;anf_degree_profile
78,NAND,2,10,12,32940,651,0x80ac,0x028b,fourier_signed_shape;fourier_sign_profile;anf_degree_profile
89,NAND,2,13,15,10378,158,0x288a,0x009e,fourier_signed_shape;fourier_sign_profile;anf_degree_profile
91,NAND,2,13,15,1700,920,0x06a4,0x0398,fourier_signed_shape;fourier_sign_profile;anf_degree_profile
95,NAND,2,13,15,1634,33473,0x0662,0x82c1,fourier_signed_shape;fourier_sign_profile;anf_degree_profile
96,NAND,2,13,15,2449,35216,0x0991,0x8990,fourier_signed_shape;fourier_sign_profile;anf_degree_profile
97,NAND,2,15,17,6306,668,0x18a2,0x029c,fourier_signed_shape;anf_degree_profile
104,NAND,2,16,18,5762,1681,0x1682,0x0691,fourier_signed_shape;fourier_sign_profile;anf_degree_profile
110,NAND,2,20,22,33128,5761,0x8168,0x1681,fourier_signed_shape;fourier_sign_profile;anf_degree_profile
117,NAND,2,4,6,34986,175,0x88aa,0x00af,fourier_signed_shape;fourier_sign_profile;anf_degree_profile
120,NAND,2,7,9,33667,34969,0x8383,0x8899,fourier_signed_shape;fourier_sign_profile;anf_degree_profile
135,NAND,2,11,13,6384,43145,0x18f0,0xa889,fourier_signed_shape;fourier_sign_profile;anf_degree_profile
143,NAND,2,10,12,6328,970,0x18b8,0x03ca,fourier_signed_shape;fourier_sign_profile;anf_degree_profile
146,NAND,2,10,12,35042,667,0x88e2,0x029b,fourier_signed_shape;fourier_sign_profile;anf_degree_profile
148,NAND,2,11,13,6568,35233,0x19a8,0x89a1,fourier_signed_shape;fourier_sign_profile;anf_degree_profile
152,NAND,2,13,15,2229,729,0x08b5,0x02d9,fourier_signed_shape;fourier_sign_profile;anf_degree_profile
156,NAND,2,13,15,34442,685,0x868a,0x02ad,fourier_signed_shape;fourier_sign_profile;anf_degree_profile
160,NAND,2,16,18,5766,11457,0x1686,0x2cc1,fourier_signed_shape;fourier_sign_profile;anf_degree_profile
162,NAND,2,12,14,1762,35248,0x06e2,0x89b0,fourier_signed_shape;fourier_sign_profile;anf_degree_profile
163,NAND,2,13,15,1650,35521,0x0672,0x8ac1,fourier_signed_shape;fourier_sign_profile;anf_degree_profile
172,NAND,2,12,14,10946,726,0x2ac2,0x02d6,fourier_signed_shape;fourier_sign_profile;anf_degree_profile
174,NAND,2,14,16,10442,670,0x28ca,0x029e,fourier_signed_shape;fourier_sign_profile;anf_degree_profile
176,NAND,2,15,17,10382,619,0x288e,0x026b,fourier_signed_shape;fourier_sign_profile;anf_degree_profile
177,NAND,2,15,17,33323,407,0x822b,0x0197,fourier_signed_shape;fourier_sign_profile;anf_degree_profile
178,NAND,2,14,16,6850,33688,0x1ac2,0x8398,fourier_signed_shape;fourier_sign_profile;anf_degree_profile
179,NAND,2,14,16,6624,10945,0x19e0,0x2ac1,fourier_signed_shape;fourier_sign_profile;anf_degree_profile
187,NAND,2,16,18,5784,33684,0x1698,0x8394,fourier_signed_shape;fourier_sign_profile;anf_degree_profile
188,NAND,2,17,19,10692,2484,0x29c4,0x09b4,fourier_signed_shape;fourier_sign_profile;anf_degree_profile
191,NAND,2,17,19,33130,5763,0x816a,0x1683,fourier_signed_shape;fourier_sign_profile;anf_degree_profile
192,NAND,2,18,20,6279,33054,0x1887,0x811e,fourier_signed_shape;fourier_sign_profile;anf_degree_profile
195,NAND,2,19,21,33640,5769,0x8368,0x1689,fourier_signed_shape;fourier_sign_profile;anf_degree_profile
205,NAND,2,8,10,2032,39065,0x07f0,0x9899,fourier_signed_shape;fourier_sign_profile;anf_degree_profile
207,NAND,2,7,9,911,431,0x038f,0x01af,anf_degree_profile
210,NAND,2,9,11,2291,35242,0x08f3,0x89aa,fourier_signed_shape;fourier_sign_profile;anf_degree_profile
214,NAND,2,11,13,34446,2733,0x868e,0x0aad,fourier_signed_shape;fourier_sign_profile;anf_degree_profile
216,NAND,2,11,13,34470,2789,0x86a6,0x0ae5,fourier_signed_shape;fourier_sign_profile;anf_degree_profile
219,NAND,2,15,17,15554,15553,0x3cc2,0x3cc1,fourier_signed_shape;fourier_sign_profile;anf_degree_profile
220,NAND,2,4,6,35064,939,0x88f8,0x03ab,fourier_signed_shape;fourier_sign_profile;anf_degree_profile
223,NAND,2,8,10,35544,1955,0x8ad8,0x07a3,fourier_signed_shape;fourier_sign_profile;anf_degree_profile
227,NAND,2,10,12,43210,671,0xa8ca,0x029f,fourier_signed_shape;fourier_sign_profile;anf_degree_profile
230,NAND,2,10,12,33514,415,0x82ea,0x019f,fourier_signed_shape;fourier_sign_profile;anf_degree_profile
231,NAND,2,14,16,39586,701,0x9aa2,0x02bd,fourier_signed_shape;fourier_sign_profile;anf_degree_profile
233,NAND,2,12,14,34474,749,0x86aa,0x02ed,fourier_signed_shape;fourier_sign_profile;anf_degree_profile
235,NAND,2,11,13,6872,35537,0x1ad8,0x8ad1,fourier_signed_shape;fourier_sign_profile;anf_degree_profile
238,NAND,2,11,13,1766,1654,0x06e6,0x0676,fourier_signed_shape;fourier_sign_profile;anf_degree_profile
241,NAND,2,12,14,6287,59529,0x188f,0xe889,fourier_signed_shape;fourier_sign_profile;anf_degree_profile
244,NAND,2,12,14,36576,1639,0x8ee0,0x0667,fourier_signed_shape;fourier_sign_profile;anf_degree_profile
245,NAND,2,12,14,10446,1707,0x28ce,0x06ab,fourier_signed_shape;fourier_sign_profile;anf_degree_profile
246,NAND,2,11,13,10383,875,0x288f,0x036b,fourier_signed_shape;fourier_sign_profile;anf_degree_profile
248,NAND,2,13,15,11204,3026,0x2bc4,0x0bd2,fourier_signed_shape;fourier_sign_profile;anf_degree_profile
256,NAND,2,12,14,6632,6040,0x19e8,0x1798,fourier_signed_shape;fourier_sign_profile;anf_degree_profile
261,NAND,2,14,16,59523,33175,0xe883,0x8197,fourier_signed_shape;fourier_sign_profile;anf_degree_profile
262,NAND,2,14,16,39138,1691,0x98e2,0x069b,fourier_signed_shape;fourier_sign_profile;anf_degree_profile
265,NAND,2,15,17,6565,11489,0x19a5,0x2ce1,fourier_signed_shape;fourier_sign_profile;anf_degree_profile
266,NAND,2,16,18,6311,39078,0x18a7,0x98a6,fourier_signed_shape;fourier_sign_profile;anf_degree_profile
267,NAND,2,17,19,6374,11465,0x18e6,0x2cc9,fourier_signed_shape;fourier_sign_profile;anf_degree_profile
277,NAND,2,16,18,34488,5771,0x86b8,0x168b,fourier_signed_shape;fourier_sign_profile;anf_degree_profile
294,NAND,2,4,6,43724,975,0xaacc,0x03cf,fourier_signed_shape;fourier_sign_profile;anf_degree_profile
298,NAND,2,7,9,15564,1020,0x3ccc,0x03fc,fourier_signed_shape;fourier_sign_profile;anf_degree_profile
302,NAND,2,7,9,2239,751,0x08bf,0x02ef,fourier_signed_shape;fourier_sign_profile;anf_degree_profile
311,NAND,2,8,10,12016,2034,0x2ef0,0x07f2,fourier_signed_shape;fourier_sign_profile;anf_degree_profile
313,NAND,2,9,11,36592,2033,0x8ef0,0x07f1,fourier_signed_shape;fourier_sign_profile;anf_degree_profile
314,NAND,2,11,13,11760,3060,0x2df0,0x0bf4,fourier_signed_shape;fourier_sign_profile;anf_degree_profile
319,NAND,2,9,11,10415,879,0x28af,0x036f,fourier_signed_shape;fourier_sign_profile;anf_degree_profile
325,NAND,2,11,13,10447,2797,0x28cf,0x0aed,fourier_signed_shape;fourier_sign_profile;anf_degree_profile;local_sensitivity_profile;constant_restriction_profile;certificate_profile
332,NAND,2,15,17,11463,35302,0x2cc7,0x89e6,fourier_signed_shape;fourier_sign_profile;anf_degree_profile
335,NAND,2,16,18,48322,5783,0xbcc2,0x1697,fourier_signed_shape;fourier_sign_profile;anf_degree_profile
336,NAND,2,15,17,11475,39334,0x2cd3,0x99a6,fourier_signed_shape;fourier_sign_profile;anf_degree_profile
353,NAND,2,12,14,11752,6042,0x2de8,0x179a,fourier_signed_shape;fourier_sign_profile;anf_degree_profile
363,NAND,2,15,17,10455,1785,0x28d7,0x06f9,fourier_signed_shape;fourier_sign_profile;anf_degree_profile
367,NAND,2,16,18,6855,27337,0x1ac7,0x6ac9,fourier_signed_shape;fourier_sign_profile;anf_degree_profile
368,NAND,2,15,17,34729,34531,0x87a9,0x86e3,local_sensitivity_profile;constant_restriction_profile;certificate_profile
378,NAND,2,20,22,26782,10654,0x689e,0x299e,fourier_signed_shape;fourier_sign_profile;anf_degree_profile
379,NAND,2,20,22,10647,5739,0x2997,0x166b,fourier_signed_shape;fourier_sign_profile;anf_degree_profile
380,NAND,2,21,23,27034,10710,0x699a,0x29d6,fourier_signed_shape;fourier_sign_profile;anf_degree_profile
383,NAND,2,5,7,2303,43694,0x08ff,0xaaae,fourier_signed_shape;fourier_sign_profile;anf_degree_profile
390,NAND,2,7,9,895,35070,0x037f,0x88fe,fourier_signed_shape;fourier_sign_profile;anf_degree_profile
393,NAND,2,7,9,3059,3066,0x0bf3,0x0bfa,fourier_signed_shape;fourier_sign_profile;anf_degree_profile
398,NAND,2,10,12,33788,15565,0x83fc,0x3ccd,fourier_signed_shape;fourier_sign_profile;anf_degree_profile
399,NAND,2,13,15,15559,39398,0x3cc7,0x99e6,fourier_signed_shape;fourier_sign_profile;anf_degree_profile
405,NAND,2,8,10,12012,2030,0x2eec,0x07ee,fourier_signed_shape;fourier_sign_profile;anf_degree_profile
408,NAND,2,9,11,44266,1727,0xacea,0x06bf,fourier_signed_shape;fourier_sign_profile;anf_degree_profile
412,NAND,2,12,14,6391,6383,0x18f7,0x18ef,fourier_signed_shape;fourier_sign_profile;anf_degree_profile
416,NAND,2,9,11,7160,7130,0x1bf8,0x1bda,fourier_signed_shape;fourier_sign_profile;anf_degree_profile
417,NAND,2,9,11,39896,7129,0x9bd8,0x1bd9,fourier_signed_shape;fourier_sign_profile;anf_degree_profile
429,NAND,2,12,14,34787,11228,0x87e3,0x2bdc,fourier_signed_shape;fourier_sign_profile;anf_degree_profile
430,NAND,2,12,14,6122,36593,0x17ea,0x8ef1,fourier_signed_shape;fourier_sign_profile;anf_degree_profile
436,NAND,2,13,15,11225,39890,0x2bd9,0x9bd2,fourier_signed_shape;fourier_sign_profile;anf_degree_profile
437,NAND,2,12,14,15848,6076,0x3de8,0x17bc,fourier_signed_shape;fourier_sign_profile;anf_degree_profile
444,NAND,2,13,15,10731,33726,0x29eb,0x83be,fourier_signed_shape;fourier_sign_profile;anf_degree_profile
448,NAND,2,16,18,27309,27369,0x6aad,0x6ae9,fourier_signed_shape;fourier_sign_profile;anf_degree_profile
449,NAND,2,14,16,11479,6893,0x2cd7,0x1aed,fourier_signed_shape;fourier_sign_profile;anf_degree_profile
456,NAND,2,14,16,38828,7145,0x97ac,0x1be9,fourier_signed_shape;fourier_sign_profile;anf_degree_profile
458,NAND,2,16,18,10715,44246,0x29db,0xacd6,fourier_signed_shape;fourier_sign_profile;anf_degree_profile
478,NAND,2,9,11,38807,59881,0x9797,0xe9e9,fourier_signed_shape;fourier_sign_profile;anf_degree_profile
488,NAND,2,7,9,10943,43262,0x2abf,0xa8fe,fourier_signed_shape;fourier_sign_profile;anf_degree_profile
489,NAND,2,7,9,1919,3823,0x077f,0x0eef,fourier_signed_shape;fourier_sign_profile;anf_degree_profile
490,NAND,2,9,11,35575,3069,0x8af7,0x0bfd,fourier_signed_shape;fourier_sign_profile;anf_degree_profile
493,NAND,2,9,11,39897,12276,0x9bd9,0x2ff4,fourier_signed_shape;fourier_sign_profile;anf_degree_profile
494,NAND,2,9,11,8184,36849,0x1ff8,0x8ff1,fourier_signed_shape;fourier_sign_profile;anf_degree_profile
495,NAND,2,8,10,44517,39357,0xade5,0x99bd,fourier_signed_shape;fourier_sign_profile;anf_degree_profile
496,NAND,2,10,12,8178,12273,0x1ff2,0x2ff1,fourier_signed_shape;fourier_sign_profile;anf_degree_profile
497,NAND,2,8,10,12274,39865,0x2ff2,0x9bb9,fourier_signed_shape;fourier_sign_profile;anf_degree_profile;local_sensitivity_profile;constant_restriction_profile;certificate_profile
502,NAND,2,8,10,6847,35822,0x1abf,0x8bee,fourier_signed_shape;fourier_sign_profile;anf_degree_profile
504,NAND,2,9,11,15852,7164,0x3dec,0x1bfc,fourier_signed_shape;fourier_sign_profile;anf_degree_profile
507,NAND,2,9,11,7150,39418,0x1bee,0x99fa,fourier_signed_shape;fourier_sign_profile;anf_degree_profile
508,NAND,2,10,12,11511,6909,0x2cf7,0x1afd,fourier_signed_shape;fourier_sign_profile;anf_degree_profile
511,NAND,2,11,13,39159,6639,0x98f7,0x19ef,fourier_signed_shape;fourier_sign_profile;anf_degree_profile
518,NAND,2,9,11,39928,7161,0x9bf8,0x1bf9,fourier_signed_shape;fourier_sign_profile;anf_degree_profile
519,NAND,2,10,12,28402,7134,0x6ef2,0x1bde,fourier_signed_shape;fourier_sign_profile;anf_degree_profile
520,NAND,2,11,13,44263,11245,0xace7,0x2bed,fourier_signed_shape;fourier_sign_profile;anf_degree_profile
525,NAND,2,14,16,11197,48596,0x2bbd,0xbdd4,fourier_signed_shape;fourier_sign_profile;anf_degree_profile
530,NAND,2,12,14,10735,44267,0x29ef,0xaceb,fourier_signed_shape;fourier_sign_profile;anf_degree_profile
533,NAND,2,13,15,5759,11198,0x167f,0x2bbe,fourier_signed_shape;fourier_sign_profile;anf_degree_profile
535,NAND,2,12,14,15833,7926,0x3dd9,0x1ef6,fourier_signed_shape;fourier_sign_profile;anf_degree_profile
537,NAND,2,13,15,7143,27373,0x1be7,0x6aed,fourier_signed_shape;fourier_sign_profile;anf_degree_profile
540,NAND,2,14,16,10719,59822,0x29df,0xe9ae,fourier_signed_shape;fourier_sign_profile;anf_degree_profile
544,NAND,2,14,16,38829,11766,0x97ad,0x2df6,fourier_signed_shape;fourier_sign_profile;anf_degree_profile
558,NAND,2,4,6,35583,43759,0x8aff,0xaaef,fourier_signed_shape;fourier_sign_profile;anf_degree_profile
563,NAND,2,6,8,11519,44014,0x2cff,0xabee,fourier_signed_shape;fourier_sign_profile;anf_degree_profile
566,NAND,2,8,10,16124,12284,0x3efc,0x2ffc,fourier_signed_shape;fourier_sign_profile;anf_degree_profile
571,NAND,2,6,8,35835,12030,0x8bfb,0x2efe,fourier_signed_shape;fourier_sign_profile;anf_degree_profile
572,NAND,2,7,9,7135,61170,0x1bdf,0xeef2,fourier_signed_shape;fourier_sign_profile;anf_degree_profile
573,NAND,2,7,9,11247,44286,0x2bef,0xacfe,fourier_signed_shape;fourier_sign_profile;anf_degree_profile
574,NAND,2,8,10,6079,61176,0x17bf,0xeef8,fourier_signed_shape;fourier_sign_profile;anf_degree_profile
584,NAND,2,10,12,34559,44779,0x86ff,0xaeeb,fourier_signed_shape;fourier_sign_profile;anf_degree_profile
586,NAND,2,10,12,44531,44537,0xadf3,0xadf9,fourier_signed_shape;fourier_sign_profile;anf_degree_profile
588,NAND,2,12,14,28664,8182,0x6ff8,0x1ff6,fourier_signed_shape;fourier_sign_profile;anf_degree_profile
590,NAND,2,10,12,43991,12278,0xabd7,0x2ff6,fourier_signed_shape;fourier_sign_profile;anf_degree_profile
591,NAND,2,10,12,40952,8185,0x9ff8,0x1ff9,fourier_signed_shape;fourier_sign_profile;anf_degree_profile
598,NAND,2,14,16,27629,39926,0x6bed,0x9bf6,fourier_signed_shape;fourier_sign_profile;anf_degree_profile
599,NAND,2,14,16,44507,15851,0xaddb,0x3deb,fourier_signed_shape;fourier_sign_profile;anf_degree_profile
603,NAND,2,14,16,38654,16107,0x96fe,0x3eeb,fourier_signed_shape;fourier_sign_profile;anf_degree_profile
613,NAND,2,1,3,4095,61166,0x0fff,0xeeee,fourier_signed_shape;fourier_sign_profile;anf_degree_profile
616,NAND,2,5,7,39423,45050,0x99ff,0xaffa,fourier_signed_shape;fourier_sign_profile;anf_degree_profile
618,NAND,2,6,8,11263,44783,0x2bff,0xaeef,fourier_signed_shape;fourier_sign_profile;anf_degree_profile
619,NAND,2,7,9,6143,65258,0x17ff,0xfeea,fourier_signed_shape;fourier_sign_profile;anf_degree_profile
623,NAND,2,8,10,39931,44797,0x9bfb,0xaefd,fourier_signed_shape;fourier_sign_profile;anf_degree_profile
624,NAND,2,9,11,12279,12286,0x2ff7,0x2ffe,fourier_signed_shape;fourier_sign_profile;anf_degree_profile
626,NAND,2,8,10,39871,12283,0x9bbf,0x2ffb,fourier_signed_shape;fourier_sign_profile;anf_degree_profile
628,NAND,2,9,11,11775,60398,0x2dff,0xebee,fourier_signed_shape;fourier_sign_profile;anf_degree_profile
630,NAND,2,9,11,44535,48621,0xadf7,0xbded,fourier_signed_shape;fourier_sign_profile;anf_degree_profile
639,NAND,2,14,16,27645,48606,0x6bfd,0xbdde,fourier_signed_shape;fourier_sign_profile;anf_degree_profile
640,NAND,2,14,16,48599,32491,0xbdd7,0x7eeb,fourier_signed_shape;fourier_sign_profile;anf_degree_profile
657,NAND,2,11,13,60383,48893,0xebdf,0xbefd,fourier_signed_shape;fourier_sign_profile;anf_degree_profile
659,NAND,2,12,14,28663,61430,0x6ff7,0xeff6,fourier_signed_shape;fourier_sign_profile;anf_degree_profile
667,NAND,2,8,10,48639,61435,0xbdff,0xeffb,fourier_signed_shape;fourier_sign_profile;anf_degree_profile
668,NAND,2,10,12,32511,49150,0x7eff,0xbffe,fourier_signed_shape;fourier_sign_profile;anf_degree_profile
672,NAND,2,6,8,49151,65279,0xbfff,0xfeff,fourier_signed_shape;fourier_sign_profile;anf_degree_profile
2,NOR,2,6,8,2,128,0x0002,0x0080,fourier_signed_shape;fourier_sign_profile;anf_degree_profile
9,NOR,2,8,10,24,640,0x0018,0x0280,fourier_signed_shape;fourier_sign_profile;anf_degree_profile
10,NOR,2,10,12,129,32770,0x0081,0x8002,fourier_signed_shape;fourier_sign_profile;anf_degree_profile
23,NOR,2,11,13,584,2192,0x0248,0x0890,fourier_signed_shape;fourier_sign_profile;anf_degree_profile
25,NOR,2,12,14,577,33344,0x0241,0x8240,fourier_signed_shape;fourier_sign_profile;anf_degree_profile
29,NOR,2,1,3,15,34952,0x000f,0x8888,fourier_signed_shape;fourier_sign_profile;anf_degree_profile
32,NOR,2,5,7,60,2720,0x003c,0x0aa0,fourier_signed_shape;fourier_sign_profile;anf_degree_profile
34,NOR,2,6,8,43,2186,0x002b,0x088a,fourier_signed_shape;fourier_sign_profile;anf_degree_profile
35,NOR,2,7,9,23,43136,0x0017,0xa880,fourier_signed_shape;fourier_sign_profile;anf_degree_profile
39,NOR,2,8,10,394,2224,0x018a,0x08b0,fourier_signed_shape;fourier_sign_profile;anf_degree_profile
40,NOR,2,9,11,579,32779,0x0243,0x800b,fourier_signed_shape;fourier_sign_profile;anf_degree_profile
42,NOR,2,8,10,298,643,0x012a,0x0283,fourier_signed_shape;fourier_sign_profile;anf_degree_profile
44,NOR,2,9,11,45,33416,0x002d,0x8288,fourier_signed_shape;fourier_sign_profile;anf_degree_profile
46,NOR,2,9,11,600,2464,0x0258,0x09a0,fourier_signed_shape;fourier_sign_profile
55,NOR,2,14,16,660,33064,0x0294,0x8128,fourier_signed_shape;fourier_sign_profile;anf_degree_profile
56,NOR,2,14,16,360,5760,0x0168,0x1680,fourier_signed_shape;fourier_sign_profile;anf_degree_profile
63,NOR,2,4,6,174,2218,0x00ae,0x08aa,fourier_signed_shape;fourier_sign_profile;anf_degree_profile
68,NOR,2,6,8,173,33418,0x00ad,0x828a,fourier_signed_shape;fourier_sign_profile;anf_degree_profile
71,NOR,2,8,10,962,6296,0x03c2,0x1898,fourier_signed_shape;fourier_sign_profile;anf_degree_profile
76,NOR,2,6,8,714,2232,0x02ca,0x08b8,fourier_signed_shape;fourier_sign_profile;anf_degree_profile
77,NOR,2,7,9,583,35520,0x0247,0x8ac0,fourier_signed_shape;fourier_sign_profile;anf_degree_profile
78,NOR,2,7,9,651,32940,0x028b,0x80ac,fourier_signed_shape;fourier_sign_profile;anf_degree_profile
79,NOR,2,8,10,283,43200,0x011b,0xa8c0,fourier_signed_shape;fourier_sign_profile;anf_degree_profile
89,NOR,2,10,12,158,10378,0x009e,0x288a,fourier_signed_shape;fourier_sign_profile;anf_degree_profile
91,NOR,2,10,12,1700,6560,0x06a4,0x19a0,fourier_signed_shape;fourier_sign_profile;anf_degree_profile
93,NOR,2,12,14,39041,33049,0x9881,0x8119,fourier_signed_shape;fourier_sign_profile;anf_degree_profile
95,NOR,2,10,12,1634,33347,0x0662,0x8243,fourier_signed_shape;fourier_sign_profile;anf_degree_profile
96,NOR,2,10,12,35216,2449,0x8990,0x0991,fourier_signed_shape;fourier_sign_profile;anf_degree_profile
103,NOR,2,14,16,1682,33068,0x0692,0x812c,fourier_signed_shape;fourier_sign_profile;anf_degree_profile
104,NOR,2,14,16,1688,6275,0x0698,0x1883,fourier_signed_shape;fourier_sign_profile;anf_degree_profile
108,NOR,2,14,16,32918,10371,0x8096,0x2883,fourier_signed_shape;fourier_sign_profile;anf_degree_profile
122,NOR,2,9,11,828,15552,0x033c,0x3cc0,fourier_signed_shape;fourier_sign_profile;anf_degree_profile
132,NOR,2,7,9,683,33002,0x02ab,0x80ea,fourier_signed_shape;fourier_sign_profile;anf_degree_profile
133,NOR,2,7,9,287,2191,0x011f,0x088f,fourier_signed_shape;fourier_sign_profile;anf_degree_profile
134,NOR,2,9,11,732,1923,0x02dc,0x0783,fourier_signed_shape;fourier_sign_profile;anf_degree_profile
137,NOR,2,9,11,2016,33729,0x07e0,0x83c1,fourier_signed_shape;fourier_sign_profile;anf_degree_profile
138,NOR,2,9,11,35217,6552,0x8991,0x1998,fourier_signed_shape;fourier_sign_profile;anf_degree_profile
139,NOR,2,8,10,3040,1968,0x0be0,0x07b0,fourier_signed_shape;fourier_sign_profile;anf_degree_profile
140,NOR,2,10,12,33177,6297,0x8199,0x1899,fourier_signed_shape;fourier_sign_profile;anf_degree_profile
141,NOR,2,8,10,2992,2544,0x0bb0,0x09f0,local_sensitivity_profile;constant_restriction_profile;certificate_profile
146,NOR,2,8,10,667,33422,0x029b,0x828e,fourier_signed_shape;fourier_sign_profile;anf_degree_profile
148,NOR,2,9,11,984,1956,0x03d8,0x07a4,fourier_signed_shape;fourier_sign_profile;anf_degree_profile
151,NOR,2,9,11,858,11488,0x035a,0x2ce0,fourier_signed_shape;fourier_sign_profile;anf_degree_profile
152,NOR,2,10,12,729,2229,0x02d9,0x08b5,fourier_signed_shape;fourier_sign_profile;anf_degree_profile
155,NOR,2,11,13,700,1671,0x02bc,0x0687,fourier_signed_shape;fourier_sign_profile;anf_degree_profile
162,NOR,2,9,11,1762,2481,0x06e2,0x09b1,fourier_signed_shape;fourier_sign_profile;anf_degree_profile
163,NOR,2,10,12,1650,33351,0x0672,0x8247,fourier_signed_shape;fourier_sign_profile;anf_degree_profile
164,NOR,2,11,13,6316,6321,0x18ac,0x18b1,fourier_signed_shape;fourier_sign_profile;anf_degree_profile
169,NOR,2,14,16,6017,33256,0x1781,0x81e8,fourier_signed_shape;fourier_sign_profile;anf_degree_profile
174,NOR,2,12,14,670,10442,0x029e,0x28ca,fourier_signed_shape;fourier_sign_profile;anf_degree_profile
177,NOR,2,13,15,407,33323,0x0197,0x822b,fourier_signed_shape;fourier_sign_profile;anf_degree_profile
179,NOR,2,12,14,2529,1944,0x09e1,0x0798,fourier_signed_shape;fourier_sign_profile;anf_degree_profile
181,NOR,2,13,15,1683,10441,0x0693,0x28c9,fourier_signed_shape;fourier_sign_profile;anf_degree_profile
184,NOR,2,14,16,621,34472,0x026d,0x86a8,fourier_signed_shape;fourier_sign_profile;anf_degree_profile
188,NOR,2,14,16,2484,10692,0x09b4,0x29c4,fourier_signed_shape;fourier_sign_profile;anf_degree_profile
202,NOR,2,5,7,239,35498,0x00ef,0x8aaa,fourier_signed_shape;fourier_sign_profile;anf_degree_profile
209,NOR,2,7,9,319,33006,0x013f,0x80ee,fourier_signed_shape;fourier_sign_profile;anf_degree_profile
212,NOR,2,7,9,971,10956,0x03cb,0x2acc,fourier_signed_shape;fourier_sign_profile;anf_degree_profile
217,NOR,2,10,12,34694,892,0x8786,0x037c,fourier_signed_shape;fourier_sign_profile;anf_degree_profile
218,NOR,2,13,15,6821,38534,0x1aa5,0x9686,fourier_signed_shape;fourier_sign_profile;anf_degree_profile
224,NOR,2,8,10,1002,33167,0x03ea,0x818f,fourier_signed_shape;fourier_sign_profile;anf_degree_profile
227,NOR,2,9,11,43210,671,0xa8ca,0x029f,fourier_signed_shape;fourier_sign_profile;anf_degree_profile
231,NOR,2,12,14,701,2279,0x02bd,0x08e7,fourier_signed_shape;fourier_sign_profile;anf_degree_profile
235,NOR,2,9,11,6872,2018,0x1ad8,0x07e2,fourier_signed_shape;fourier_sign_profile;anf_degree_profile
236,NOR,2,9,11,35792,3025,0x8bd0,0x0bd1,fourier_signed_shape;fourier_sign_profile;anf_degree_profile
248,NOR,2,12,14,3026,34721,0x0bd2,0x87a1,fourier_signed_shape;fourier_sign_profile;anf_degree_profile
249,NOR,2,12,14,2017,10964,0x07e1,0x2ad4,fourier_signed_shape;fourier_sign_profile;anf_degree_profile
255,NOR,2,13,15,6865,33752,0x1ad1,0x83d8,fourier_signed_shape;fourier_sign_profile;anf_degree_profile
256,NOR,2,12,14,43457,6040,0xa9c1,0x1798,fourier_signed_shape;fourier_sign_profile;anf_degree_profile
263,NOR,2,13,15,6819,33342,0x1aa3,0x823e,fourier_signed_shape;fourier_sign_profile;anf_degree_profile
267,NOR,2,16,18,11465,26793,0x2cc9,0x68a9,fourier_signed_shape;fourier_sign_profile;anf_degree_profile
268,NOR,2,14,16,1721,10439,0x06b9,0x28c7,fourier_signed_shape;fourier_sign_profile;anf_degree_profile
275,NOR,2,14,16,35252,10693,0x89b4,0x29c5,fourier_signed_shape;fourier_sign_profile;anf_degree_profile
277,NOR,2,16,18,5771,34488,0x168b,0x86b8,fourier_signed_shape;fourier_sign_profile;anf_degree_profile
294,NOR,2,4,6,43724,975,0xaacc,0x03cf,fourier_signed_shape;fourier_sign_profile;anf_degree_profile
298,NOR,2,7,9,1020,15564,0x03fc,0x3ccc,fourier_signed_shape;fourier_sign_profile;anf_degree_profile
302,NOR,2,7,9,751,2239,0x02ef,0x08bf,fourier_signed_shape;fourier_sign_profile;anf_degree_profile
311,NOR,2,8,10,43717,2034,0xaac5,0x07f2,fourier_signed_shape;fourier_sign_profile;anf_degree_profile
313,NOR,2,9,11,3832,2033,0x0ef8,0x07f1,fourier_signed_shape;fourier_sign_profile;anf_degree_profile
314,NOR,2,11,13,3060,34725,0x0bf4,0x87a5,fourier_signed_shape;fourier_sign_profile;anf_degree_profile
319,NOR,2,9,11,2750,879,0x0abe,0x036f,fourier_signed_shape;fourier_sign_profile;anf_degree_profile
325,NOR,2,11,13,2797,10447,0x0aed,0x28cf,fourier_signed_shape;fourier_sign_profile;anf_degree_profile;local_sensitivity_profile;constant_restriction_profile;certificate_profile
332,NOR,2,15,17,6829,38542,0x1aad,0x968e,fourier_signed_shape;fourier_sign_profile;anf_degree_profile
335,NOR,2,16,18,48322,5783,0xbcc2,0x1697,fourier_signed_shape;fourier_sign_profile;anf_degree_profile
336,NOR,2,15,17,6885,38554,0x1ae5,0x969a,fourier_signed_shape;fourier_sign_profile;anf_degree_profile
353,NOR,2,12,14,44241,6042,0xacd1,0x179a,fourier_signed_shape;fourier_sign_profile;anf_degree_profile
363,NOR,2,15,17,1785,10455,0x06f9,0x28d7,fourier_signed_shape;fourier_sign_profile;anf_degree_profile
367,NOR,2,16,18,6855,27337,0x1ac7,0x6ac9,fourier_signed_shape;fourier_sign_profile;anf_degree_profile
368,NOR,2,15,17,10716,11206,0x29dc,0x2bc6,local_sensitivity_profile;constant_restriction_profile;certificate_profile
378,NOR,2,20,22,10654,34411,0x299e,0x866b,fourier_signed_shape;fourier_sign_profile;anf_degree_profile
379,NOR,2,20,22,5739,10647,0x166b,0x2997,fourier_signed_shape;fourier_sign_profile;anf_degree_profile
380,NOR,2,21,23,27034,34425,0x699a,0x8679,fourier_signed_shape;fourier_sign_profile;anf_degree_profile
386,NOR,2,8,10,39323,12272,0x999b,0x2ff0,fourier_signed_shape;fourier_sign_profile;anf_degree_profile
388,NOR,2,7,9,1007,1967,0x03ef,0x07af,anf_degree_profile
391,NOR,2,9,11,2813,39610,0x0afd,0x9aba,fourier_signed_shape;fourier_sign_profile;anf_degree_profile
395,NOR,2,11,13,35310,11471,0x89ee,0x2ccf,fourier_signed_shape;fourier_sign_profile;anf_degree_profile
397,NOR,2,11,13,39342,11507,0x99ae,0x2cf3,fourier_signed_shape;fourier_sign_profile;anf_degree_profile
400,NOR,2,15,17,38806,27113,0x9796,0x69e9,fourier_signed_shape;fourier_sign_profile;anf_degree_profile
401,NOR,2,4,6,43260,3003,0xa8fc,0x0bbb,fourier_signed_shape;fourier_sign_profile;anf_degree_profile
404,NOR,2,8,10,44276,3035,0xacf4,0x0bdb,fourier_signed_shape;fourier_sign_profile;anf_degree_profile
408,NOR,2,10,12,44266,1727,0xacea,0x06bf,fourier_signed_shape;fourier_sign_profile;anf_degree_profile
411,NOR,2,10,12,43198,1663,0xa8be,0x067f,fourier_signed_shape;fourier_sign_profile;anf_degree_profile
412,NOR,2,14,16,43498,6391,0xa9ea,0x18f7,fourier_signed_shape;fourier_sign_profile;anf_degree_profile
414,NOR,2,12,14,43438,10463,0xa9ae,0x28df,fourier_signed_shape;fourier_sign_profile;anf_degree_profile
416,NOR,2,11,13,7160,12020,0x1bf8,0x2ef4,fourier_signed_shape;fourier_sign_profile;anf_degree_profile
419,NOR,2,11,13,2038,28386,0x07f6,0x6ee2,fourier_signed_shape;fourier_sign_profile;anf_degree_profile
422,NOR,2,12,14,1918,28392,0x077e,0x6ee8,fourier_signed_shape;fourier_sign_profile;anf_degree_profile
425,NOR,2,12,14,60116,6559,0xead4,0x199f,fourier_signed_shape;fourier_sign_profile;anf_degree_profile
426,NOR,2,12,14,35565,10671,0x8aed,0x29af,fourier_signed_shape;fourier_sign_profile;anf_degree_profile
427,NOR,2,11,13,3006,1915,0x0bbe,0x077b,fourier_signed_shape;fourier_sign_profile;anf_degree_profile
429,NOR,2,13,15,39641,11764,0x9ad9,0x2df4,fourier_signed_shape;fourier_sign_profile;anf_degree_profile
437,NOR,2,12,14,7100,6076,0x1bbc,0x17bc,fourier_signed_shape;fourier_sign_profile;anf_degree_profile
442,NOR,2,14,16,16104,5758,0x3ee8,0x167e,fourier_signed_shape;fourier_sign_profile;anf_degree_profile
443,NOR,2,14,16,44250,6839,0xacda,0x1ab7,fourier_signed_shape;fourier_sign_profile;anf_degree_profile
446,NOR,2,15,17,7141,27353,0x1be5,0x6ad9,fourier_signed_shape;fourier_sign_profile;anf_degree_profile
447,NOR,2,16,18,6887,39654,0x1ae7,0x9ae6,fourier_signed_shape;fourier_sign_profile;anf_degree_profile
448,NOR,2,17,19,34718,27309,0x879e,0x6aad,fourier_signed_shape;fourier_sign_profile;anf_degree_profile
458,NOR,2,16,18,44246,10715,0xacd6,0x29db,fourier_signed_shape;fourier_sign_profile;anf_degree_profile
473,NOR,2,4,6,43758,2815,0xaaee,0x0aff,fourier_signed_shape;fourier_sign_profile;anf_degree_profile
476,NOR,2,7,9,4090,15612,0x0ffa,0x3cfc,fourier_signed_shape;fourier_sign_profile;anf_degree_profile
491,NOR,2,11,13,2046,28394,0x07fe,0x6eea,fourier_signed_shape;fourier_sign_profile;anf_degree_profile
499,NOR,2,10,12,43981,35827,0xabcd,0x8bf3,fourier_signed_shape;fourier_sign_profile;anf_degree_profile
502,NOR,2,10,12,44282,6847,0xacfa,0x1abf,fourier_signed_shape;fourier_sign_profile;anf_degree_profile
504,NOR,2,11,13,39898,15852,0x9bda,0x3dec,fourier_signed_shape;fourier_sign_profile;anf_degree_profile
508,NOR,2,13,15,6909,11511,0x1afd,0x2cf7,fourier_signed_shape;fourier_sign_profile;anf_degree_profile
512,NOR,2,13,15,43502,11487,0xa9ee,0x2cdf,fourier_signed_shape;fourier_sign_profile;anf_degree_profile
516,NOR,2,16,18,39399,27625,0x99e7,0x6be9,fourier_signed_shape;fourier_sign_profile;anf_degree_profile
518,NOR,2,12,14,7161,39928,0x1bf9,0x9bf8,fourier_signed_shape;fourier_sign_profile;anf_degree_profile
519,NOR,2,13,15,7134,28402,0x1bde,0x6ef2,fourier_signed_shape;fourier_sign_profile;anf_degree_profile
528,NOR,2,12,14,44508,34551,0xaddc,0x86f7,fourier_signed_shape;fourier_sign_profile;anf_degree_profile
530,NOR,2,14,16,44254,34495,0xacde,0x86bf,fourier_signed_shape;fourier_sign_profile;anf_degree_profile
532,NOR,2,15,17,36587,10687,0x8eeb,0x29bf,fourier_signed_shape;fourier_sign_profile;anf_degree_profile
533,NOR,2,15,17,11198,5759,0x2bbe,0x167f,fourier_signed_shape;fourier_sign_profile;anf_degree_profile
534,NOR,2,14,16,44515,39924,0xade3,0x9bf4,fourier_signed_shape;fourier_sign_profile;anf_degree_profile
535,NOR,2,14,16,7926,28387,0x1ef6,0x6ee3,fourier_signed_shape;fourier_sign_profile;anf_degree_profile
543,NOR,2,16,18,15849,38844,0x3de9,0x97bc,fourier_signed_shape;fourier_sign_profile;anf_degree_profile
544,NOR,2,17,19,39913,27610,0x9be9,0x6bda,fourier_signed_shape;fourier_sign_profile;anf_degree_profile
547,NOR,2,17,19,39862,11739,0x9bb6,0x2ddb,fourier_signed_shape;fourier_sign_profile;anf_degree_profile
548,NOR,2,18,20,7911,34686,0x1ee7,0x877e,fourier_signed_shape;fourier_sign_profile;anf_degree_profile
551,NOR,2,19,21,44502,27069,0xadd6,0x69bd,fourier_signed_shape;fourier_sign_profile;anf_degree_profile
558,NOR,2,6,8,60142,3071,0xeaee,0x0bff,fourier_signed_shape;fourier_sign_profile;anf_degree_profile
561,NOR,2,9,11,4091,39867,0x0ffb,0x9bbb,fourier_signed_shape;fourier_sign_profile;anf_degree_profile
563,NOR,2,9,11,44014,11519,0xabee,0x2cff,fourier_signed_shape;fourier_sign_profile;anf_degree_profile
565,NOR,2,9,11,43997,39899,0xabdd,0x9bdb,fourier_signed_shape;fourier_sign_profile;anf_degree_profile
568,NOR,2,10,12,45048,8179,0xaff8,0x1ff3,fourier_signed_shape;fourier_sign_profile;anf_degree_profile
571,NOR,2,9,11,43983,12030,0xabcf,0x2efe,fourier_signed_shape;fourier_sign_profile;anf_degree_profile
573,NOR,2,10,12,44286,11247,0xacfe,0x2bef,fourier_signed_shape;fourier_sign_profile;anf_degree_profile
584,NOR,2,13,15,44779,34559,0xaeeb,0x86ff,fourier_signed_shape;fourier_sign_profile;anf_degree_profile
586,NOR,2,13,15,44531,39925,0xadf3,0x9bf5,fourier_signed_shape;fourier_sign_profile;anf_degree_profile
590,NOR,2,13,15,43991,28406,0xabd7,0x6ef6,fourier_signed_shape;fourier_sign_profile;anf_degree_profile
591,NOR,2,13,15,8185,40952,0x1ff9,0x9ff8,fourier_signed_shape;fourier_sign_profile;anf_degree_profile
592,NOR,2,15,17,44523,39671,0xadeb,0x9af7,fourier_signed_shape;anf_degree_profile
599,NOR,2,16,18,44507,15835,0xaddb,0x3ddb,fourier_signed_shape;fourier_sign_profile;anf_degree_profile
605,NOR,2,20,22,48598,27581,0xbdd6,0x6bbd,fourier_signed_shape;fourier_sign_profile;anf_degree_profile
616,NOR,2,8,10,60395,15615,0xebeb,0x3cff,fourier_signed_shape;fourier_sign_profile;anf_degree_profile
618,NOR,2,9,11,60158,11263,0xeafe,0x2bff,fourier_signed_shape;fourier_sign_profile;anf_degree_profile
623,NOR,2,11,13,44797,39931,0xaefd,0x9bfb,fourier_signed_shape;fourier_sign_profile;anf_degree_profile
624,NOR,2,12,14,8187,12279,0x1ffb,0x2ff7,fourier_signed_shape;fourier_sign_profile;anf_degree_profile
626,NOR,2,11,13,60157,12283,0xeafd,0x2ffb,fourier_signed_shape;fourier_sign_profile;anf_degree_profile
628,NOR,2,12,14,44795,11775,0xaefb,0x2dff,fourier_signed_shape;fourier_sign_profile;anf_degree_profile
630,NOR,2,12,14,60379,39933,0xebdb,0x9bfd,fourier_signed_shape;fourier_sign_profile
639,NOR,2,17,19,48606,27645,0xbdde,0x6bfd,fourier_signed_shape;fourier_sign_profile;anf_degree_profile
640,NOR,2,17,19,60349,38910,0xebbd,0x97fe,fourier_signed_shape;fourier_sign_profile;anf_degree_profile
657,NOR,2,14,16,60383,40955,0xebdf,0x9ffb,fourier_signed_shape;fourier_sign_profile;anf_degree_profile
659,NOR,2,15,17,61430,28663,0xeff6,0x6ff7,fourier_signed_shape;fourier_sign_profile;anf_degree_profile
667,NOR,2,11,13,61435,48639,0xeffb,0xbdff,fourier_signed_shape;fourier_sign_profile;anf_degree_profile
668,NOR,2,13,15,49150,32511,0xbffe,0x7eff,fourier_signed_shape;fourier_sign_profile;anf_degree_profile
672,NOR,2,9,11,65279,49151,0xfeff,0xbfff,fourier_signed_shape;fourier_sign_profile;anf_degree_profile
3,AND_OR_NOT,1,3,4,32768,1,0x8000,0x0001,fourier_signed_shape;fourier_sign_profile;anf_degree_profile
5,AND_OR_NOT,1,2,3,32896,3,0x8080,0x0003,fourier_signed_shape;fourier_sign_profile;anf_degree_profile
10,AND_OR_NOT,1,7,8,32770,129,0x8002,0x0081,fourier_signed_shape;fourier_sign_profile;anf_degree_profile
11,AND_OR_NOT,1,6,7,40,130,0x0028,0x0082,fourier_signed_shape;fourier_sign_profile;anf_degree_profile
12,AND_OR_NOT,1,6,7,6,9,0x0006,0x0009,fourier_signed_shape;fourier_sign_profile;anf_degree_profile
14,AND_OR_NOT,1,4,5,42,11,0x002a,0x000b,fourier_signed_shape;fourier_sign_profile;anf_degree_profile
15,AND_OR_NOT,1,3,4,34944,7,0x8880,0x0007,fourier_signed_shape;fourier_sign_profile;anf_degree_profile
17,AND_OR_NOT,1,7,8,32771,385,0x8003,0x0181,fourier_signed_shape;fourier_sign_profile;anf_degree_profile
19,AND_OR_NOT,1,6,7,32778,25,0x800a,0x0019,fourier_signed_shape;fourier_sign_profile;anf_degree_profile
22,AND_OR_NOT,1,10,11,280,2177,0x0118,0x0881,fourier_signed_shape;fourier_sign_profile;anf_degree_profile
23,AND_OR_NOT,1,9,10,584,386,0x0248,0x0182,fourier_signed_shape;fourier_sign_profile;anf_degree_profile
25,AND_OR_NOT,1,10,11,33344,577,0x8240,0x0241,fourier_signed_shape;fourier_sign_profile;anf_degree_profile
26,AND_OR_NOT,1,9,10,32808,41,0x8028,0x0029,fourier_signed_shape;fourier_sign_profile;anf_degree_profile
29,AND_OR_NOT,1,1,2,34952,15,0x8888,0x000f,fourier_signed_shape;fourier_sign_profile;anf_degree_profile
32,AND_OR_NOT,1,5,6,60,153,0x003c,0x0099,fourier_signed_shape;fourier_sign_profile;anf_degree_profile
33,AND_OR_NOT,1,5,6,46,27,0x002e,0x001b,fourier_signed_shape;fourier_sign_profile;anf_degree_profile
34,AND_OR_NOT,1,6,7,32936,43,0x80a8,0x002b,fourier_signed_shape;fourier_sign_profile;anf_degree_profile
35,AND_OR_NOT,1,5,6,43136,23,0xa880,0x0017,fourier_signed_shape;fourier_sign_profile;anf_degree_profile
39,AND_OR_NOT,1,7,8,586,394,0x024a,0x018a,fourier_signed_shape;fourier_sign_profile;anf_degree_profile
43,AND_OR_NOT,1,8,9,32782,281,0x800e,0x0119,fourier_signed_shape;fourier_sign_profile;anf_degree_profile
44,AND_OR_NOT,1,8,9,33416,45,0x8288,0x002d,fourier_signed_shape;fourier_sign_profile;anf_degree_profile
45,AND_OR_NOT,1,7,8,30,135,0x001e,0x0087,fourier_signed_shape;fourier_sign_profile;anf_degree_profile
46,AND_OR_NOT,1,9,10,600,900,0x0258,0x0384,fourier_signed_shape;fourier_sign_profile;anf_degree_profile
48,AND_OR_NOT,1,10,11,300,645,0x012c,0x0285,fourier_signed_shape;fourier_sign_profile;anf_degree_profile
49,AND_OR_NOT,1,10,11,32812,646,0x802c,0x0286,fourier_signed_shape;fourier_sign_profile;anf_degree_profile
50,AND_OR_NOT,1,9,10,282,297,0x011a,0x0129,fourier_signed_shape;fourier_sign_profile;anf_degree_profile
52,AND_OR_NOT,1,13,14,33048,6273,0x8118,0x1881,fourier_signed_shape;fourier_sign_profile;anf_degree_profile
54,AND_OR_NOT,1,8,9,1632,33345,0x0660,0x8241,fourier_signed_shape;fourier_sign_profile;anf_degree_profile
56,AND_OR_NOT,1,13,14,360,10369,0x0168,0x2881,fourier_signed_shape;fourier_sign_profile;anf_degree_profile
59,AND_OR_NOT,1,12,13,33320,105,0x8228,0x0069,fourier_signed_shape;fourier_sign_profile;anf_degree_profile
61,AND_OR_NOT,1,13,14,32872,553,0x8068,0x0229,fourier_signed_shape;fourier_sign_profile;anf_degree_profile
63,AND_OR_NOT,1,4,5,34984,47,0x88a8,0x002f,fourier_signed_shape;fourier_sign_profile;anf_degree_profile
66,AND_OR_NOT,1,6,7,426,899,0x01aa,0x0383,fourier_signed_shape;fourier_sign_profile;anf_degree_profile
67,AND_OR_NOT,1,6,7,32783,597,0x800f,0x0255,fourier_signed_shape;fourier_sign_profile;anf_degree_profile
68,AND_OR_NOT,1,6,7,33418,155,0x828a,0x009b,fourier_signed_shape;fourier_sign_profile;anf_degree_profile
69,AND_OR_NOT,1,6,7,62,61,0x003e,0x003d,fourier_signed_shape;fourier_sign_profile;anf_degree_profile
70,AND_OR_NOT,1,7,8,968,964,0x03c8,0x03c4,fourier_signed_shape;fourier_sign_profile;anf_degree_profile
72,AND_OR_NOT,1,7,8,602,908,0x025a,0x038c,fourier_signed_shape;fourier_sign_profile;anf_degree_profile
74,AND_OR_NOT,1,9,10,33414,665,0x8286,0x0299,fourier_signed_shape;fourier_sign_profile;anf_degree_profile
75,AND_OR_NOT,1,9,10,316,1670,0x013c,0x0686,fourier_signed_shape;fourier_sign_profile;anf_degree_profile
76,AND_OR_NOT,1,6,7,34992,395,0x88b0,0x018b,fourier_signed_shape;fourier_sign_profile;anf_degree_profile
78,AND_OR_NOT,1,8,9,654,651,0x028e,0x028b,fourier_signed_shape;fourier_sign_profile;anf_degree_profile
79,AND_OR_NOT,1,7,8,558,283,0x022e,0x011b,fourier_signed_shape;fourier_sign_profile;anf_degree_profile
81,AND_OR_NOT,1,9,10,33000,555,0x80e8,0x022b,fourier_signed_shape;fourier_sign_profile;anf_degree_profile
82,AND_OR_NOT,1,7,8,59520,279,0xe880,0x0117,fourier_signed_shape;fourier_sign_profile;anf_degree_profile
87,AND_OR_NOT,1,10,11,33480,587,0x82c8,0x024b,fourier_signed_shape;fourier_sign_profile;anf_degree_profile
88,AND_OR_NOT,1,9,10,618,391,0x026a,0x0187,fourier_signed_shape;fourier_sign_profile;anf_degree_profile
89,AND_OR_NOT,1,9,10,33448,107,0x82a8,0x006b,fourier_signed_shape;fourier_sign_profile;anf_degree_profile
90,AND_OR_NOT,1,9,10,33322,151,0x822a,0x0097,fourier_signed_shape;fourier_sign_profile;anf_degree_profile
93,AND_OR_NOT,1,11,12,33049,6281,0x8119,0x1889,fourier_signed_shape;fourier_sign_profile;anf_degree_profile
96,AND_OR_NOT,1,8,9,35216,2449,0x8990,0x0991,fourier_signed_shape;fourier_sign_profile;anf_degree_profile
97,AND_OR_NOT,1,12,13,668,1667,0x029c,0x0683,fourier_signed_shape;fourier_sign_profile;anf_degree_profile
101,AND_OR_NOT,1,11,12,32874,557,0x806a,0x022d,fourier_signed_shape;fourier_sign_profile;anf_degree_profile
102,AND_OR_NOT,1,10,11,286,2183,0x011e,0x0887,fourier_signed_shape;fourier_sign_profile;anf_degree_profile
103,AND_OR_NOT,1,13,14,33068,1682,0x812c,0x0692,fourier_signed_shape;fourier_sign_profile;anf_degree_profile
104,AND_OR_NOT,1,13,14,1688,1681,0x0698,0x0691,fourier_signed_shape;fourier_sign_profile;anf_degree_profile
105,AND_OR_NOT,1,13,14,2468,1697,0x09a4,0x06a1,fourier_signed_shape;fourier_sign_profile;anf_degree_profile
106,AND_OR_NOT,1,12,13,872,916,0x0368,0x0394,fourier_signed_shape;fourier_sign_profile;anf_degree_profile
107,AND_OR_NOT,1,13,14,662,1673,0x0296,0x0689,fourier_signed_shape;fourier_sign_profile;anf_degree_profile
108,AND_OR_NOT,1,12,13,32918,361,0x8096,0x0169,fourier_signed_shape;fourier_sign_profile;anf_degree_profile
110,AND_OR_NOT,1,16,17,33128,5761,0x8168,0x1681,fourier_signed_shape;fourier_sign_profile;anf_degree_profile
111,AND_OR_NOT,1,16,17,33046,26753,0x8116,0x6881,fourier_signed_shape;fourier_sign_profile;anf_degree_profile
114,AND_OR_NOT,1,12,13,34400,1633,0x8660,0x0661,fourier_signed_shape;fourier_sign_profile;anf_degree_profile
115,AND_OR_NOT,1,15,16,33384,617,0x8268,0x0269,fourier_signed_shape;fourier_sign_profile;anf_degree_profile
116,AND_OR_NOT,1,16,17,406,32873,0x0196,0x8069,fourier_signed_shape;fourier_sign_profile;anf_degree_profile
117,AND_OR_NOT,1,3,4,34986,175,0x88aa,0x00af,fourier_signed_shape;fourier_sign_profile;anf_degree_profile
118,AND_OR_NOT,1,2,3,43176,63,0xa8a8,0x003f,fourier_signed_shape;fourier_sign_profile;anf_degree_profile
120,AND_OR_NOT,1,5,6,33667,963,0x8383,0x03c3,fourier_signed_shape;fourier_sign_profile;anf_degree_profile
121,AND_OR_NOT,1,8,9,34438,2725,0x8686,0x0aa5,fourier_signed_shape;fourier_sign_profile;anf_degree_profile
123,AND_OR_NOT,1,7,8,35490,189,0x8aa2,0x00bd,fourier_signed_shape;fourier_sign_profile;anf_degree_profile
125,AND_OR_NOT,1,6,7,33450,111,0x82aa,0x006f,fourier_signed_shape;fourier_sign_profile;anf_degree_profile
126,AND_OR_NOT,1,5,6,35000,718,0x88b8,0x02ce,fourier_signed_shape;fourier_sign_profile;anf_degree_profile
127,AND_OR_NOT,1,5,6,938,427,0x03aa,0x01ab,fourier_signed_shape;fourier_sign_profile;anf_degree_profile
134,AND_OR_NOT,1,9,10,732,1923,0x02dc,0x0783,fourier_signed_shape;fourier_sign_profile;anf_degree_profile
138,AND_OR_NOT,1,8,9,35217,6552,0x8991,0x1998,fourier_signed_shape;fourier_sign_profile;anf_degree_profile
140,AND_OR_NOT,1,9,10,33177,6297,0x8199,0x1899,fourier_signed_shape;fourier_sign_profile;anf_degree_profile
143,AND_OR_NOT,1,8,9,970,965,0x03ca,0x03c5,fourier_signed_shape;fourier_sign_profile;anf_degree_profile
147,AND_OR_NOT,1,8,9,574,317,0x023e,0x013d,fourier_signed_shape;fourier_sign_profile;anf_degree_profile
148,AND_OR_NOT,1,9,10,984,2769,0x03d8,0x0ad1,fourier_signed_shape;fourier_sign_profile;anf_degree_profile
150,AND_OR_NOT,1,9,10,1000,980,0x03e8,0x03d4,fourier_signed_shape;fourier_sign_profile;anf_degree_profile
152,AND_OR_NOT,1,10,11,34466,729,0x86a2,0x02d9,fourier_signed_shape;fourier_sign_profile;anf_degree_profile
153,AND_OR_NOT,1,10,11,636,444,0x027c,0x01bc,fourier_signed_shape;fourier_sign_profile;anf_degree_profile
156,AND_OR_NOT,1,10,11,34442,685,0x868a,0x02ad,fourier_signed_shape;fourier_sign_profile;anf_degree_profile
159,AND_OR_NOT,1,13,14,34450,6309,0x8692,0x18a5,fourier_signed_shape;fourier_sign_profile;anf_degree_profile
160,AND_OR_NOT,1,13,14,5766,11457,0x1686,0x2cc1,fourier_signed_shape;fourier_sign_profile;anf_degree_profile
161,AND_OR_NOT,1,12,13,33340,1686,0x823c,0x0696,fourier_signed_shape;fourier_sign_profile;anf_degree_profile
164,AND_OR_NOT,1,11,12,33196,1714,0x81ac,0x06b2,fourier_signed_shape;fourier_sign_profile;anf_degree_profile
169,AND_OR_NOT,1,13,14,33256,6017,0x81e8,0x1781,fourier_signed_shape;fourier_sign_profile;anf_degree_profile
172,AND_OR_NOT,1,10,11,726,1929,0x02d6,0x0789,fourier_signed_shape;fourier_sign_profile;anf_degree_profile
173,AND_OR_NOT,1,9,10,32919,489,0x8097,0x01e9,fourier_signed_shape;fourier_sign_profile;anf_degree_profile
174,AND_OR_NOT,1,11,12,33452,670,0x82ac,0x029e,fourier_signed_shape;fourier_sign_profile;anf_degree_profile
176,AND_OR_NOT,1,12,13,2206,619,0x089e,0x026b,fourier_signed_shape;fourier_sign_profile;anf_degree_profile
178,AND_OR_NOT,1,11,12,33688,1716,0x8398,0x06b4,fourier_signed_shape;fourier_sign_profile;anf_degree_profile
179,AND_OR_NOT,1,11,12,1944,2529,0x0798,0x09e1,fourier_signed_shape;fourier_sign_profile;anf_degree_profile
180,AND_OR_NOT,1,12,13,1720,1713,0x06b8,0x06b1,fourier_signed_shape;fourier_sign_profile;anf_degree_profile
181,AND_OR_NOT,1,13,14,1690,1683,0x069a,0x0693,fourier_signed_shape;fourier_sign_profile;anf_degree_profile
184,AND_OR_NOT,1,13,14,34472,621,0x86a8,0x026d,fourier_signed_shape;fourier_sign_profile;anf_degree_profile
188,AND_OR_NOT,1,14,15,2484,33369,0x09b4,0x8259,fourier_signed_shape;fourier_sign_profile;anf_degree_profile
192,AND_OR_NOT,1,14,15,33054,6279,0x811e,0x1887,fourier_signed_shape;fourier_sign_profile;anf_degree_profile
193,AND_OR_NOT,1,14,15,33388,1705,0x826c,0x06a9,fourier_signed_shape;fourier_sign_profile;anf_degree_profile
195,AND_OR_NOT,1,15,16,33640,5769,0x8368,0x1689,fourier_signed_shape;fourier_sign_profile;anf_degree_profile
201,AND_OR_NOT,1,15,16,34408,1641,0x8668,0x0669,fourier_signed_shape;fourier_sign_profile;anf_degree_profile
202,AND_OR_NOT,1,4,5,35498,191,0x8aaa,0x00bf,fourier_signed_shape;fourier_sign_profile;anf_degree_profile
203,AND_OR_NOT,1,3,4,43688,127,0xaaa8,0x007f,fourier_signed_shape;fourier_sign_profile;anf_degree_profile
205,AND_OR_NOT,1,6,7,2032,33731,0x07f0,0x83c3,fourier_signed_shape;fourier_sign_profile;anf_degree_profile
206,AND_OR_NOT,1,6,7,35225,6553,0x8999,0x1999,fourier_signed_shape;fourier_sign_profile;anf_degree_profile
210,AND_OR_NOT,1,8,9,35242,733,0x89aa,0x02dd,fourier_signed_shape;fourier_sign_profile;anf_degree_profile
211,AND_OR_NOT,1,7,8,494,1927,0x01ee,0x0787,fourier_signed_shape;fourier_sign_profile;anf_degree_profile
214,AND_OR_NOT,1,9,10,34446,2727,0x868e,0x0aa7,fourier_signed_shape;fourier_sign_profile;anf_degree_profile
215,AND_OR_NOT,1,9,10,830,829,0x033e,0x033d,fourier_signed_shape;fourier_sign_profile;anf_degree_profile
217,AND_OR_NOT,1,9,10,892,956,0x037c,0x03bc,fourier_signed_shape;fourier_sign_profile;anf_degree_profile
218,AND_OR_NOT,1,12,13,34454,6821,0x8696,0x1aa5,fourier_signed_shape;fourier_sign_profile;anf_degree_profile
219,AND_OR_NOT,1,12,13,33596,5782,0x833c,0x1696,fourier_signed_shape;fourier_sign_profile;anf_degree_profile
220,AND_OR_NOT,1,4,5,35064,939,0x88f8,0x03ab,fourier_signed_shape;fourier_sign_profile;anf_degree_profile
222,AND_OR_NOT,1,3,4,60096,855,0xeac0,0x0357,fourier_signed_shape;fourier_sign_profile;anf_degree_profile
223,AND_OR_NOT,1,8,9,35544,1955,0x8ad8,0x07a3,fourier_signed_shape;fourier_sign_profile;anf_degree_profile
224,AND_OR_NOT,1,7,8,1002,981,0x03ea,0x03d5,fourier_signed_shape;fourier_sign_profile;anf_degree_profile
227,AND_OR_NOT,1,9,10,33454,671,0x82ae,0x029f,fourier_signed_shape;fourier_sign_profile;anf_degree_profile
232,AND_OR_NOT,1,11,12,382,10921,0x017e,0x2aa9,fourier_signed_shape;fourier_sign_profile;anf_degree_profile
233,AND_OR_NOT,1,10,11,34474,749,0x86aa,0x02ed,fourier_signed_shape;fourier_sign_profile;anf_degree_profile
234,AND_OR_NOT,1,11,12,446,637,0x01be,0x027d,fourier_signed_shape;fourier_sign_profile;anf_degree_profile
235,AND_OR_NOT,1,9,10,2018,6584,0x07e2,0x19b8,fourier_signed_shape;fourier_sign_profile;anf_degree_profile
241,AND_OR_NOT,1,10,11,33055,6287,0x811f,0x188f,fourier_signed_shape;fourier_sign_profile;anf_degree_profile
244,AND_OR_NOT,1,8,9,1646,1639,0x066e,0x0667,fourier_signed_shape;fourier_sign_profile;anf_degree_profile
246,AND_OR_NOT,1,9,10,34974,875,0x889e,0x036b,fourier_signed_shape;fourier_sign_profile;anf_degree_profile
247,AND_OR_NOT,1,10,11,1976,1972,0x07b8,0x07b4,fourier_signed_shape;fourier_sign_profile;anf_degree_profile
253,AND_OR_NOT,1,11,12,39314,2996,0x9992,0x0bb4,fourier_signed_shape;fourier_sign_profile;anf_degree_profile
254,AND_OR_NOT,1,10,11,1912,3809,0x0778,0x0ee1,fourier_signed_shape;fourier_sign_profile;anf_degree_profile
255,AND_OR_NOT,1,11,12,33752,6572,0x83d8,0x19ac,fourier_signed_shape;fourier_sign_profile;anf_degree_profile
256,AND_OR_NOT,1,10,11,33748,6040,0x83d4,0x1798,fourier_signed_shape;fourier_sign_profile;anf_degree_profile
262,AND_OR_NOT,1,12,13,33438,1691,0x829e,0x069b,fourier_signed_shape;fourier_sign_profile;anf_degree_profile
263,AND_OR_NOT,1,12,13,1694,1687,0x069e,0x0697,fourier_signed_shape;fourier_sign_profile;anf_degree_profile
265,AND_OR_NOT,1,12,13,5786,6565,0x169a,0x19a5,fourier_signed_shape;fourier_sign_profile;anf_degree_profile
266,AND_OR_NOT,1,14,15,34458,6311,0x869a,0x18a7,fourier_signed_shape;fourier_sign_profile;anf_degree_profile
267,AND_OR_NOT,1,14,15,33086,5767,0x813e,0x1687,fourier_signed_shape;fourier_sign_profile;anf_degree_profile
268,AND_OR_NOT,1,13,14,35238,1721,0x89a6,0x06b9,fourier_signed_shape;fourier_sign_profile;anf_degree_profile
269,AND_OR_NOT,1,13,14,33404,1942,0x827c,0x0796,fourier_signed_shape;fourier_sign_profile;anf_degree_profile
270,AND_OR_NOT,1,13,14,33644,6566,0x836c,0x19a6,fourier_signed_shape;fourier_sign_profile;anf_degree_profile
272,AND_OR_NOT,1,13,14,34712,6625,0x8798,0x19e1,fourier_signed_shape;fourier_sign_profile;anf_degree_profile
274,AND_OR_NOT,1,12,13,33622,27329,0x8356,0x6ac1,fourier_signed_shape;fourier_sign_profile;anf_degree_profile
275,AND_OR_NOT,1,13,14,5804,6580,0x16ac,0x19b4,fourier_signed_shape;fourier_sign_profile;anf_degree_profile
277,AND_OR_NOT,1,14,15,34488,5771,0x86b8,0x168b,fourier_signed_shape;fourier_sign_profile;anf_degree_profile
280,AND_OR_NOT,1,13,14,34536,1643,0x86e8,0x066b,fourier_signed_shape;fourier_sign_profile;anf_degree_profile
281,AND_OR_NOT,1,12,13,59526,2455,0xe886,0x0997,fourier_signed_shape;fourier_sign_profile;anf_degree_profile
282,AND_OR_NOT,1,16,17,34403,10652,0x8663,0x299c,fourier_signed_shape;fourier_sign_profile;anf_degree_profile
288,AND_OR_NOT,1,15,16,35222,6550,0x8996,0x1996,fourier_signed_shape;fourier_sign_profile;anf_degree_profile
291,AND_OR_NOT,1,17,18,38504,5737,0x9668,0x1669,fourier_signed_shape;fourier_sign_profile;anf_degree_profile
292,AND_OR_NOT,1,0,1,43690,255,0xaaaa,0x00ff,fourier_signed_shape;fourier_sign_profile;anf_degree_profile
294,AND_OR_NOT,1,4,5,2810,975,0x0afa,0x03cf,fourier_signed_shape;fourier_sign_profile;anf_degree_profile
295,AND_OR_NOT,1,5,6,35054,2735,0x88ee,0x0aaf,fourier_signed_shape;fourier_sign_profile;anf_degree_profile
296,AND_OR_NOT,1,4,5,59624,831,0xe8e8,0x033f,fourier_signed_shape;fourier_sign_profile;anf_degree_profile
297,AND_OR_NOT,1,7,8,39338,2805,0x99aa,0x0af5,fourier_signed_shape;fourier_sign_profile;anf_degree_profile
299,AND_OR_NOT,1,11,12,38550,15555,0x9696,0x3cc3,fourier_signed_shape;fourier_sign_profile;anf_degree_profile
300,AND_OR_NOT,1,7,8,35514,735,0x8aba,0x02df,fourier_signed_shape;fourier_sign_profile;anf_degree_profile
301,AND_OR_NOT,1,6,7,766,495,0x02fe,0x01ef,fourier_signed_shape;fourier_sign_profile;anf_degree_profile
302,AND_OR_NOT,1,7,8,35562,751,0x8aea,0x02ef,fourier_signed_shape;fourier_sign_profile;anf_degree_profile
303,AND_OR_NOT,1,7,8,43752,447,0xaae8,0x01bf,fourier_signed_shape;fourier_sign_profile;anf_degree_profile
306,AND_OR_NOT,1,9,10,39594,765,0x9aaa,0x02fd,fourier_signed_shape;fourier_sign_profile;anf_degree_profile
308,AND_OR_NOT,1,5,6,35066,943,0x88fa,0x03af,fourier_signed_shape;fourier_sign_profile;anf_degree_profile
311,AND_OR_NOT,1,7,8,35824,2034,0x8bf0,0x07f2,fourier_signed_shape;fourier_sign_profile;anf_degree_profile
313,AND_OR_NOT,1,8,9,3832,2033,0x0ef8,0x07f1,fourier_signed_shape;fourier_sign_profile;anf_degree_profile
316,AND_OR_NOT,1,8,9,1966,987,0x07ae,0x03db,fourier_signed_shape;fourier_sign_profile;anf_degree_profile
317,AND_OR_NOT,1,7,8,35576,1963,0x8af8,0x07ab,fourier_signed_shape;fourier_sign_profile;anf_degree_profile
318,AND_OR_NOT,1,6,7,1774,983,0x06ee,0x03d7,fourier_signed_shape;fourier_sign_profile;anf_degree_profile;local_sensitivity_profile;certificate_profile
324,AND_OR_NOT,1,10,11,894,957,0x037e,0x03bd,fourier_signed_shape;fourier_sign_profile;anf_degree_profile
328,AND_OR_NOT,1,10,11,33772,6574,0x83ec,0x19ae,fourier_signed_shape;fourier_sign_profile;anf_degree_profile
329,AND_OR_NOT,1,9,10,1914,2997,0x077a,0x0bb5,fourier_signed_shape;fourier_sign_profile;anf_degree_profile
330,AND_OR_NOT,1,11,12,34486,6837,0x86b6,0x1ab5,fourier_signed_shape;fourier_sign_profile;anf_degree_profile
331,AND_OR_NOT,1,11,12,33724,5790,0x83bc,0x169e,fourier_signed_shape;fourier_sign_profile;anf_degree_profile
332,AND_OR_NOT,1,13,14,35302,6829,0x89e6,0x1aad,fourier_signed_shape;fourier_sign_profile;anf_degree_profile
334,AND_OR_NOT,1,13,14,34462,6823,0x869e,0x1aa7,fourier_signed_shape;fourier_sign_profile;anf_degree_profile
336,AND_OR_NOT,1,13,14,38554,6885,0x969a,0x1ae5,fourier_signed_shape;fourier_sign_profile;anf_degree_profile
337,AND_OR_NOT,1,13,14,33660,6630,0x837c,0x19e6,fourier_signed_shape;fourier_sign_profile;anf_degree_profile
340,AND_OR_NOT,1,8,9,35800,2022,0x8bd8,0x07e6,fourier_signed_shape;fourier_sign_profile;anf_degree_profile;local_sensitivity_profile;constant_restriction_profile;certificate_profile
341,AND_OR_NOT,1,11,12,35810,6333,0x8be2,0x18bd,fourier_signed_shape;fourier_sign_profile;anf_degree_profile
343,AND_OR_NOT,1,8,9,35320,3001,0x89f8,0x0bb9,fourier_signed_shape;fourier_sign_profile;anf_degree_profile;local_sensitivity_profile;constant_restriction_profile;certificate_profile
349,AND_OR_NOT,1,11,12,33470,1695,0x82be,0x069f,fourier_signed_shape;fourier_sign_profile;anf_degree_profile
351,AND_OR_NOT,1,8,9,36584,1647,0x8ee8,0x066f,fourier_signed_shape;fourier_sign_profile;anf_degree_profile
353,AND_OR_NOT,1,11,12,33754,6042,0x83da,0x179a,fourier_signed_shape;fourier_sign_profile;anf_degree_profile
355,AND_OR_NOT,1,13,14,34490,1725,0x86ba,0x06bd,fourier_signed_shape;fourier_sign_profile;anf_degree_profile;local_sensitivity_profile;constant_restriction_profile;certificate_profile
358,AND_OR_NOT,1,11,12,7140,11745,0x1be4,0x2de1,fourier_signed_shape;fourier_sign_profile;anf_degree_profile
361,AND_OR_NOT,1,15,16,39590,6375,0x9aa6,0x18e7,fourier_signed_shape;fourier_sign_profile;anf_degree_profile
362,AND_OR_NOT,1,15,16,33150,27305,0x817e,0x6aa9,fourier_signed_shape;fourier_sign_profile;anf_degree_profile
363,AND_OR_NOT,1,13,14,38570,1785,0x96aa,0x06f9,fourier_signed_shape;fourier_sign_profile;anf_degree_profile
364,AND_OR_NOT,1,12,13,34744,6870,0x87b8,0x1ad6,fourier_signed_shape;fourier_sign_profile;anf_degree_profile
366,AND_OR_NOT,1,13,14,34714,6627,0x879a,0x19e3,fourier_signed_shape;fourier_sign_profile;anf_degree_profile
367,AND_OR_NOT,1,13,14,33630,6855,0x835e,0x1ac7,fourier_signed_shape;fourier_sign_profile;anf_degree_profile
368,AND_OR_NOT,1,14,15,10716,11206,0x29dc,0x2bc6,local_sensitivity_profile;constant_restriction_profile;certificate_profile
370,AND_OR_NOT,1,12,13,5742,6558,0x166e,0x199e,fourier_signed_shape;fourier_sign_profile;anf_degree_profile;local_sensitivity_profile;certificate_profile
371,AND_OR_NOT,1,13,14,33646,5787,0x836e,0x169b,fourier_signed_shape;fourier_sign_profile;anf_degree_profile
373,AND_OR_NOT,1,13,14,34552,2998,0x86f8,0x0bb6,fourier_signed_shape;fourier_sign_profile;anf_degree_profile;local_sensitivity_profile;constant_restriction_profile;certificate_profile
374,AND_OR_NOT,1,12,13,34414,1913,0x866e,0x0779,fourier_signed_shape;fourier_sign_profile;anf_degree_profile
376,AND_OR_NOT,1,13,14,34680,7905,0x8778,0x1ee1,fourier_signed_shape;fourier_sign_profile;anf_degree_profile
379,AND_OR_NOT,1,16,17,38632,5739,0x96e8,0x166b,fourier_signed_shape;fourier_sign_profile;anf_degree_profile
381,AND_OR_NOT,1,17,18,38506,5865,0x966a,0x16e9,fourier_signed_shape;fourier_sign_profile;anf_degree_profile
383,AND_OR_NOT,1,4,5,43694,767,0xaaae,0x02ff,fourier_signed_shape;fourier_sign_profile;anf_degree_profile
384,AND_OR_NOT,1,3,4,60074,511,0xeaaa,0x01ff,fourier_signed_shape;fourier_sign_profile;anf_degree_profile
386,AND_OR_NOT,1,6,7,39323,4082,0x999b,0x0ff2,fourier_signed_shape;fourier_sign_profile;anf_degree_profile
387,AND_OR_NOT,1,6,7,4088,4081,0x0ff8,0x0ff1,fourier_signed_shape;fourier_sign_profile;anf_degree_profile
391,AND_OR_NOT,1,8,9,39610,2807,0x9aba,0x0af7,fourier_signed_shape;fourier_sign_profile;anf_degree_profile
392,AND_OR_NOT,1,7,8,1022,1021,0x03fe,0x03fd,fourier_signed_shape;fourier_sign_profile;anf_degree_profile
395,AND_OR_NOT,1,9,10,35310,6831,0x89ee,0x1aaf,fourier_signed_shape;fourier_sign_profile;anf_degree_profile
396,AND_OR_NOT,1,9,10,33599,6039,0x833f,0x1797,fourier_signed_shape;fourier_sign_profile;anf_degree_profile
398,AND_OR_NOT,1,9,10,33788,6638,0x83fc,0x19ee,fourier_signed_shape;fourier_sign_profile;anf_degree_profile
399,AND_OR_NOT,1,12,13,38558,15559,0x969e,0x3cc7,fourier_signed_shape;fourier_sign_profile;anf_degree_profile
400,AND_OR_NOT,1,12,13,38806,27113,0x9796,0x69e9,fourier_signed_shape;fourier_sign_profile;anf_degree_profile
401,AND_OR_NOT,1,4,5,43260,3003,0xa8fc,0x0bbb,fourier_signed_shape;fourier_sign_profile;anf_degree_profile
403,AND_OR_NOT,1,3,4,61152,1911,0xeee0,0x0777,fourier_signed_shape;fourier_sign_profile;anf_degree_profile
404,AND_OR_NOT,1,8,9,44276,3035,0xacf4,0x0bdb,fourier_signed_shape;fourier_sign_profile;anf_degree_profile
405,AND_OR_NOT,1,7,8,2030,2023,0x07ee,0x07e7,fourier_signed_shape;fourier_sign_profile;anf_degree_profile
408,AND_OR_NOT,1,9,10,35518,1727,0x8abe,0x06bf,fourier_signed_shape;fourier_sign_profile;anf_degree_profile
413,AND_OR_NOT,1,11,12,33151,27307,0x817f,0x6aab,fourier_signed_shape;fourier_sign_profile;anf_degree_profile
414,AND_OR_NOT,1,10,11,39658,1787,0x9aea,0x06fb,fourier_signed_shape;fourier_sign_profile;anf_degree_profile
415,AND_OR_NOT,1,11,12,2558,2551,0x09fe,0x09f7,fourier_signed_shape;fourier_sign_profile;anf_degree_profile
416,AND_OR_NOT,1,9,10,35795,7130,0x8bd3,0x1bda,fourier_signed_shape;fourier_sign_profile;anf_degree_profile
422,AND_OR_NOT,1,10,11,1918,3815,0x077e,0x0ee7,fourier_signed_shape;fourier_sign_profile;anf_degree_profile
425,AND_OR_NOT,1,8,9,35231,6559,0x899f,0x199f,fourier_signed_shape;fourier_sign_profile;anf_degree_profile
427,AND_OR_NOT,1,9,10,34542,1915,0x86ee,0x077b,fourier_signed_shape;fourier_sign_profile;anf_degree_profile
428,AND_OR_NOT,1,10,11,7148,7156,0x1bec,0x1bf4,fourier_signed_shape;fourier_sign_profile;anf_degree_profile
434,AND_OR_NOT,1,11,12,34808,7921,0x87f8,0x1ef1,fourier_signed_shape;fourier_sign_profile;anf_degree_profile
435,AND_OR_NOT,1,10,11,39319,27349,0x9997,0x6ad5,fourier_signed_shape;fourier_sign_profile;anf_degree_profile
436,AND_OR_NOT,1,11,12,39890,11225,0x9bd2,0x2bd9,fourier_signed_shape;fourier_sign_profile;anf_degree_profile
437,AND_OR_NOT,1,10,11,34790,6076,0x87e6,0x17bc,fourier_signed_shape;fourier_sign_profile;anf_degree_profile
443,AND_OR_NOT,1,12,13,34494,6839,0x86be,0x1ab7,fourier_signed_shape;fourier_sign_profile;anf_degree_profile
444,AND_OR_NOT,1,12,13,33726,5791,0x83be,0x169f,fourier_signed_shape;fourier_sign_profile;anf_degree_profile
446,AND_OR_NOT,1,12,13,34742,7141,0x87b6,0x1be5,fourier_signed_shape;fourier_sign_profile;anf_degree_profile
447,AND_OR_NOT,1,14,15,39606,6887,0x9ab6,0x1ae7,fourier_signed_shape;fourier_sign_profile;anf_degree_profile
448,AND_OR_NOT,1,14,15,33662,6631,0x837e,0x19e7,fourier_signed_shape;fourier_sign_profile;anf_degree_profile
449,AND_OR_NOT,1,13,14,38574,6893,0x96ae,0x1aed,fourier_signed_shape;fourier_sign_profile;anf_degree_profile
450,AND_OR_NOT,1,13,14,35318,6646,0x89f6,0x19f6,fourier_signed_shape;fourier_sign_profile;anf_degree_profile
451,AND_OR_NOT,1,13,14,39350,27053,0x99b6,0x69ad,fourier_signed_shape;fourier_sign_profile;anf_degree_profile
453,AND_OR_NOT,1,13,14,39860,11737,0x9bb4,0x2dd9,fourier_signed_shape;fourier_sign_profile;anf_degree_profile
455,AND_OR_NOT,1,12,13,34678,28385,0x8776,0x6ee1,fourier_signed_shape;fourier_sign_profile;anf_degree_profile
456,AND_OR_NOT,1,13,14,38828,7145,0x97ac,0x1be9,fourier_signed_shape;fourier_sign_profile;anf_degree_profile
458,AND_OR_NOT,1,14,15,44246,10715,0xacd6,0x29db,fourier_signed_shape;fourier_sign_profile;anf_degree_profile
461,AND_OR_NOT,1,13,14,59550,10655,0xe89e,0x299f,fourier_signed_shape;fourier_sign_profile;anf_degree_profile
462,AND_OR_NOT,1,12,13,40680,5743,0x9ee8,0x166f,fourier_signed_shape;fourier_sign_profile;anf_degree_profile
463,AND_OR_NOT,1,16,17,11222,34793,0x2bd6,0x87e9,fourier_signed_shape;fourier_sign_profile;anf_degree_profile
469,AND_OR_NOT,1,15,16,38510,7913,0x966e,0x1ee9,fourier_signed_shape;fourier_sign_profile;anf_degree_profile
472,AND_OR_NOT,1,17,18,59798,27031,0xe996,0x6997,fourier_signed_shape;fourier_sign_profile;anf_degree_profile
473,AND_OR_NOT,1,3,4,43758,2815,0xaaee,0x0aff,fourier_signed_shape;fourier_sign_profile;anf_degree_profile
474,AND_OR_NOT,1,2,3,60138,1023,0xeaea,0x03ff,fourier_signed_shape;fourier_sign_profile;anf_degree_profile
476,AND_OR_NOT,1,5,6,4090,4083,0x0ffa,0x0ff3,fourier_signed_shape;fourier_sign_profile;anf_degree_profile
477,AND_OR_NOT,1,8,9,39406,15567,0x99ee,0x3ccf,fourier_signed_shape;fourier_sign_profile;anf_degree_profile
479,AND_OR_NOT,1,7,8,44010,6399,0xabea,0x18ff,fourier_signed_shape;fourier_sign_profile;anf_degree_profile
481,AND_OR_NOT,1,6,7,43710,1791,0xaabe,0x06ff,fourier_signed_shape;fourier_sign_profile;anf_degree_profile
482,AND_OR_NOT,1,5,6,44284,3067,0xacfc,0x0bfb,fourier_signed_shape;fourier_sign_profile;anf_degree_profile
483,AND_OR_NOT,1,5,6,3838,2039,0x0efe,0x07f7,fourier_signed_shape;fourier_sign_profile;anf_degree_profile
490,AND_OR_NOT,1,9,10,35575,3069,0x8af7,0x0bfd,fourier_signed_shape;fourier_sign_profile;anf_degree_profile
494,AND_OR_NOT,1,8,9,8184,36849,0x1ff8,0x8ff1,fourier_signed_shape;fourier_sign_profile;anf_degree_profile
496,AND_OR_NOT,1,9,10,8178,12273,0x1ff2,0x2ff1,fourier_signed_shape;fourier_sign_profile;anf_degree_profile
499,AND_OR_NOT,1,8,9,7162,7131,0x1bfa,0x1bdb,fourier_signed_shape;fourier_sign_profile;anf_degree_profile
503,AND_OR_NOT,1,8,9,33727,6047,0x83bf,0x179f,fourier_signed_shape;fourier_sign_profile;anf_degree_profile
504,AND_OR_NOT,1,9,10,7164,12021,0x1bfc,0x2ef5,fourier_signed_shape;fourier_sign_profile;anf_degree_profile
506,AND_OR_NOT,1,9,10,6126,11260,0x17ee,0x2bfc,fourier_signed_shape;fourier_sign_profile;anf_degree_profile
508,AND_OR_NOT,1,10,11,39914,6909,0x9bea,0x1afd,fourier_signed_shape;fourier_sign_profile;anf_degree_profile
509,AND_OR_NOT,1,10,11,35319,6654,0x89f7,0x19fe,fourier_signed_shape;fourier_sign_profile;anf_degree_profile
512,AND_OR_NOT,1,10,11,39662,6895,0x9aee,0x1aef,fourier_signed_shape;fourier_sign_profile;anf_degree_profile
515,AND_OR_NOT,1,13,14,39910,15579,0x9be6,0x3cdb,fourier_signed_shape;fourier_sign_profile;anf_degree_profile
516,AND_OR_NOT,1,13,14,38814,27625,0x979e,0x6be9,fourier_signed_shape;fourier_sign_profile;anf_degree_profile
517,AND_OR_NOT,1,12,13,38590,15575,0x96be,0x3cd7,fourier_signed_shape;fourier_sign_profile;anf_degree_profile
520,AND_OR_NOT,1,11,12,39922,11245,0x9bf2,0x2bed,fourier_signed_shape;fourier_sign_profile;anf_degree_profile
525,AND_OR_NOT,1,13,14,48596,11197,0xbdd4,0x2bbd,fourier_signed_shape;fourier_sign_profile;anf_degree_profile
528,AND_OR_NOT,1,10,11,34551,10749,0x86f7,0x29fd,fourier_signed_shape;fourier_sign_profile;anf_degree_profile
529,AND_OR_NOT,1,9,10,5886,15829,0x16fe,0x3dd5,fourier_signed_shape;fourier_sign_profile;anf_degree_profile
530,AND_OR_NOT,1,11,12,44254,10735,0xacde,0x29ef,fourier_signed_shape;fourier_sign_profile;anf_degree_profile
532,AND_OR_NOT,1,12,13,34543,10687,0x86ef,0x29bf,fourier_signed_shape;fourier_sign_profile;anf_degree_profile
534,AND_OR_NOT,1,11,12,39924,11769,0x9bf4,0x2df9,fourier_signed_shape;fourier_sign_profile;anf_degree_profile
535,AND_OR_NOT,1,11,12,7926,15833,0x1ef6,0x3dd9,fourier_signed_shape;fourier_sign_profile;anf_degree_profile
536,AND_OR_NOT,1,12,13,35830,7149,0x8bf6,0x1bed,fourier_signed_shape;fourier_sign_profile;anf_degree_profile
537,AND_OR_NOT,1,13,14,34750,7143,0x87be,0x1be7,fourier_signed_shape;fourier_sign_profile;anf_degree_profile
540,AND_OR_NOT,1,13,14,59822,10719,0xe9ae,0x29df,fourier_signed_shape;fourier_sign_profile;anf_degree_profile
544,AND_OR_NOT,1,14,15,38829,11766,0x97ad,0x2df6,fourier_signed_shape;fourier_sign_profile;anf_degree_profile
548,AND_OR_NOT,1,14,15,34686,7911,0x877e,0x1ee7,fourier_signed_shape;fourier_sign_profile;anf_degree_profile
549,AND_OR_NOT,1,14,15,43486,27055,0xa9de,0x69af,fourier_signed_shape;fourier_sign_profile;anf_degree_profile
551,AND_OR_NOT,1,15,16,44502,27069,0xadd6,0x69bd,fourier_signed_shape;fourier_sign_profile;anf_degree_profile
557,AND_OR_NOT,1,15,16,59806,27039,0xe99e,0x699f,fourier_signed_shape;fourier_sign_profile;anf_degree_profile
558,AND_OR_NOT,1,4,5,60142,3071,0xeaee,0x0bff,fourier_signed_shape;fourier_sign_profile;anf_degree_profile
561,AND_OR_NOT,1,6,7,39867,4091,0x9bbb,0x0ffb,fourier_signed_shape;fourier_sign_profile;anf_degree_profile
562,AND_OR_NOT,1,6,7,4094,4087,0x0ffe,0x0ff7,fourier_signed_shape;fourier_sign_profile;anf_degree_profile
563,AND_OR_NOT,1,6,7,44014,6911,0xabee,0x1aff,fourier_signed_shape;fourier_sign_profile;anf_degree_profile
564,AND_OR_NOT,1,6,7,33791,6655,0x83ff,0x19ff,fourier_signed_shape;fourier_sign_profile;anf_degree_profile
565,AND_OR_NOT,1,7,8,43997,39899,0xabdd,0x9bdb,fourier_signed_shape;fourier_sign_profile;anf_degree_profile
567,AND_OR_NOT,1,7,8,39359,39419,0x99bf,0x99fb,fourier_signed_shape;fourier_sign_profile;anf_degree_profile
569,AND_OR_NOT,1,9,10,39918,15583,0x9bee,0x3cdf,fourier_signed_shape;fourier_sign_profile;anf_degree_profile
570,AND_OR_NOT,1,9,10,38815,27627,0x979f,0x6beb,fourier_signed_shape;fourier_sign_profile;anf_degree_profile
571,AND_OR_NOT,1,6,7,44796,7163,0xaefc,0x1bfb,fourier_signed_shape;fourier_sign_profile;anf_degree_profile
573,AND_OR_NOT,1,8,9,35823,11247,0x8bef,0x2bef,fourier_signed_shape;fourier_sign_profile;anf_degree_profile
574,AND_OR_NOT,1,7,8,35775,6079,0x8bbf,0x17bf,fourier_signed_shape;fourier_sign_profile;anf_degree_profile
576,AND_OR_NOT,1,9,10,59646,11199,0xe8fe,0x2bbf,fourier_signed_shape;fourier_sign_profile;anf_degree_profile
577,AND_OR_NOT,1,7,8,65256,6015,0xfee8,0x177f,fourier_signed_shape;fourier_sign_profile;anf_degree_profile
582,AND_OR_NOT,1,10,11,60126,11231,0xeade,0x2bdf,fourier_signed_shape;fourier_sign_profile;anf_degree_profile
583,AND_OR_NOT,1,9,10,43455,6127,0xa9bf,0x17ef,fourier_signed_shape;fourier_sign_profile;anf_degree_profile
584,AND_OR_NOT,1,9,10,60094,10751,0xeabe,0x29ff,fourier_signed_shape;fourier_sign_profile;anf_degree_profile
585,AND_OR_NOT,1,9,10,43966,5887,0xabbe,0x16ff,fourier_signed_shape;fourier_sign_profile;anf_degree_profile
588,AND_OR_NOT,1,11,12,8182,28391,0x1ff6,0x6ee7,fourier_signed_shape;fourier_sign_profile;anf_degree_profile
591,AND_OR_NOT,1,8,9,40952,8185,0x9ff8,0x1ff9,fourier_signed_shape;fourier_sign_profile;anf_degree_profile
592,AND_OR_NOT,1,12,13,39671,11771,0x9af7,0x2dfb,fourier_signed_shape;fourier_sign_profile;anf_degree_profile
596,AND_OR_NOT,1,11,12,43518,11743,0xa9fe,0x2ddf,fourier_signed_shape;fourier_sign_profile;anf_degree_profile
597,AND_OR_NOT,1,10,11,34687,7919,0x877f,0x1eef,fourier_signed_shape;fourier_sign_profile;anf_degree_profile
598,AND_OR_NOT,1,13,14,39926,27629,0x9bf6,0x6bed,fourier_signed_shape;fourier_sign_profile;anf_degree_profile
599,AND_OR_NOT,1,13,14,38846,15835,0x97be,0x3ddb,fourier_signed_shape;fourier_sign_profile;anf_degree_profile
600,AND_OR_NOT,1,13,14,39917,27611,0x9bed,0x6bdb,fourier_signed_shape;fourier_sign_profile;anf_degree_profile
601,AND_OR_NOT,1,12,13,38894,15838,0x97ee,0x3dde,fourier_signed_shape;fourier_sign_profile;anf_degree_profile
602,AND_OR_NOT,1,13,14,38591,27119,0x96bf,0x69ef,fourier_signed_shape;fourier_sign_profile;anf_degree_profile
603,AND_OR_NOT,1,12,13,38654,15831,0x96fe,0x3dd7,fourier_signed_shape;fourier_sign_profile;anf_degree_profile
605,AND_OR_NOT,1,16,17,48598,27581,0xbdd6,0x6bbd,fourier_signed_shape;fourier_sign_profile;anf_degree_profile
606,AND_OR_NOT,1,16,17,38782,32489,0x977e,0x7ee9,fourier_signed_shape;fourier_sign_profile;anf_degree_profile
609,AND_OR_NOT,1,12,13,60374,27607,0xebd6,0x6bd7,fourier_signed_shape;fourier_sign_profile;anf_degree_profile
610,AND_OR_NOT,1,15,16,59838,27071,0xe9be,0x69bf,fourier_signed_shape;fourier_sign_profile;anf_degree_profile
611,AND_OR_NOT,1,16,17,38527,27134,0x967f,0x69fe,fourier_signed_shape;fourier_sign_profile;anf_degree_profile
613,AND_OR_NOT,1,1,2,61166,4095,0xeeee,0x0fff,fourier_signed_shape;fourier_sign_profile;anf_degree_profile
616,AND_OR_NOT,1,5,6,39423,15615,0x99ff,0x3cff,fourier_signed_shape;fourier_sign_profile;anf_degree_profile
617,AND_OR_NOT,1,5,6,35839,7167,0x8bff,0x1bff,fourier_signed_shape;fourier_sign_profile;anf_degree_profile
618,AND_OR_NOT,1,6,7,60158,11263,0xeafe,0x2bff,fourier_signed_shape;fourier_sign_profile;anf_degree_profile
619,AND_OR_NOT,1,5,6,65258,6143,0xfeea,0x17ff,fourier_signed_shape;fourier_sign_profile;anf_degree_profile
623,AND_OR_NOT,1,7,8,43999,39931,0xabdf,0x9bfb,fourier_signed_shape;fourier_sign_profile;anf_degree_profile
627,AND_OR_NOT,1,8,9,36862,8183,0x8ffe,0x1ff7,fourier_signed_shape;fourier_sign_profile;anf_degree_profile
628,AND_OR_NOT,1,8,9,60398,11775,0xebee,0x2dff,fourier_signed_shape;fourier_sign_profile;anf_degree_profile
629,AND_OR_NOT,1,7,8,34815,7935,0x87ff,0x1eff,fourier_signed_shape;fourier_sign_profile;anf_degree_profile
630,AND_OR_NOT,1,9,10,44535,39933,0xadf7,0x9bfd,fourier_signed_shape;fourier_sign_profile;anf_degree_profile
632,AND_OR_NOT,1,10,11,39927,15855,0x9bf7,0x3def,fourier_signed_shape;fourier_sign_profile;anf_degree_profile
633,AND_OR_NOT,1,10,11,44542,27631,0xadfe,0x6bef,fourier_signed_shape;fourier_sign_profile;anf_degree_profile
634,AND_OR_NOT,1,9,10,38847,15839,0x97bf,0x3ddf,fourier_signed_shape;fourier_sign_profile;anf_degree_profile
636,AND_OR_NOT,1,13,14,40950,28665,0x9ff6,0x6ff9,fourier_signed_shape;fourier_sign_profile;anf_degree_profile
638,AND_OR_NOT,1,8,9,60375,28662,0xebd7,0x6ff6,fourier_signed_shape;fourier_sign_profile;anf_degree_profile
640,AND_OR_NOT,1,13,14,38910,32491,0x97fe,0x7eeb,fourier_signed_shape;fourier_sign_profile;anf_degree_profile
643,AND_OR_NOT,1,12,13,60350,27135,0xebbe,0x69ff,fourier_signed_shape;fourier_sign_profile;anf_degree_profile
645,AND_OR_NOT,1,13,14,59902,27583,0xe9fe,0x6bbf,fourier_signed_shape;fourier_sign_profile;anf_degree_profile
648,AND_OR_NOT,1,4,5,44031,12287,0xabff,0x2fff,fourier_signed_shape;fourier_sign_profile;anf_degree_profile
649,AND_OR_NOT,1,3,4,65262,8191,0xfeee,0x1fff,fourier_signed_shape;fourier_sign_profile;anf_degree_profile
651,AND_OR_NOT,1,7,8,16382,16381,0x3ffe,0x3ffd,fourier_signed_shape;fourier_sign_profile;anf_degree_profile
653,AND_OR_NOT,1,6,7,45054,15871,0xaffe,0x3dff,fourier_signed_shape;fourier_sign_profile;anf_degree_profile
656,AND_OR_NOT,1,10,11,40951,32495,0x9ff7,0x7eef,fourier_signed_shape;fourier_sign_profile;anf_degree_profile
657,AND_OR_NOT,1,9,10,60383,40955,0xebdf,0x9ffb,fourier_signed_shape;fourier_sign_profile;anf_degree_profile
659,AND_OR_NOT,1,10,11,61430,28663,0xeff6,0x6ff7,fourier_signed_shape;fourier_sign_profile;anf_degree_profile
660,AND_OR_NOT,1,9,10,60414,27647,0xebfe,0x6bff,fourier_signed_shape;fourier_sign_profile;anf_degree_profile
663,AND_OR_NOT,1,2,3,65278,16383,0xfefe,0x3fff,fourier_signed_shape;fourier_sign_profile;anf_degree_profile
668,AND_OR_NOT,1,7,8,49150,32511,0xbffe,0x7eff,fourier_signed_shape;fourier_sign_profile;anf_degree_profile
669,AND_OR_NOT,1,6,7,60415,48895,0xebff,0xbeff,fourier_signed_shape;fourier_sign_profile;anf_degree_profile
670,AND_OR_NOT,1,6,7,40959,28671,0x9fff,0x6fff,fourier_signed_shape;fourier_sign_profile;anf_degree_profile
673,AND_OR_NOT,1,3,4,65534,32767,0xfffe,0x7fff,fourier_signed_shape;fourier_sign_profile;anf_degree_profile
4,NAND,1,7,8,136,10,0x0088,0x000a,fourier_signed_shape;fourier_sign_profile;anf_degree_profile
11,NAND,1,11,12,40,130,0x0028,0x0082,fourier_signed_shape;fourier_sign_profile;anf_degree_profile
16,NAND,1,11,12,704,392,0x02c0,0x0188,fourier_signed_shape;fourier_sign_profile;anf_degree_profile
72,NAND,1,10,11,602,908,0x025a,0x038c,fourier_signed_shape;fourier_sign_profile;anf_degree_profile
74,NAND,1,13,14,2213,665,0x08a5,0x0299,fourier_signed_shape;fourier_sign_profile;anf_degree_profile
87,NAND,1,13,14,33480,587,0x82c8,0x024b,fourier_signed_shape;fourier_sign_profile;anf_degree_profile
93,NAND,1,15,16,33049,6281,0x8119,0x1889,fourier_signed_shape;fourier_sign_profile;anf_degree_profile
103,NAND,1,17,18,1682,6305,0x0692,0x18a1,fourier_signed_shape;fourier_sign_profile;anf_degree_profile
119,NAND,1,7,8,2800,972,0x0af0,0x03cc,fourier_signed_shape;fourier_sign_profile;anf_degree_profile
121,NAND,1,11,12,34438,2725,0x8686,0x0aa5,fourier_signed_shape;fourier_sign_profile;anf_degree_profile
123,NAND,1,10,11,35490,189,0x8aa2,0x00bd,fourier_signed_shape;fourier_sign_profile;anf_degree_profile
126,NAND,1,7,8,2762,718,0x0aca,0x02ce,fourier_signed_shape;fourier_sign_profile;anf_degree_profile
134,NAND,1,11,12,6314,732,0x18aa,0x02dc,fourier_signed_shape;fourier_sign_profile;anf_degree_profile
139,NAND,1,11,12,1968,3040,0x07b0,0x0be0,fourier_signed_shape;fourier_sign_profile;anf_degree_profile
141,NAND,1,11,12,1776,2544,0x06f0,0x09f0,fourier_signed_shape;fourier_sign_profile;anf_degree_profile
154,NAND,1,13,14,39074,669,0x98a2,0x029d,fourier_signed_shape;fourier_sign_profile;anf_degree_profile
159,NAND,1,16,17,6309,34450,0x18a5,0x8692,fourier_signed_shape;fourier_sign_profile;anf_degree_profile
164,NAND,1,14,15,1714,6316,0x06b2,0x18ac,fourier_signed_shape;fourier_sign_profile;anf_degree_profile
171,NAND,1,16,17,33047,59521,0x8117,0xe881,fourier_signed_shape;fourier_sign_profile;anf_degree_profile
182,NAND,1,16,17,10396,2482,0x289c,0x09b2,fourier_signed_shape;fourier_sign_profile;anf_degree_profile
200,NAND,1,20,21,33385,10390,0x8269,0x2896,fourier_signed_shape;fourier_sign_profile;anf_degree_profile
206,NAND,1,8,9,6553,35225,0x1999,0x8999,fourier_signed_shape;fourier_sign_profile;anf_degree_profile
208,NAND,1,7,8,2223,687,0x08af,0x02af,fourier_signed_shape;fourier_sign_profile;anf_degree_profile
218,NAND,1,15,16,11459,6821,0x2cc3,0x1aa5,fourier_signed_shape;fourier_sign_profile;anf_degree_profile
229,NAND,1,10,11,10414,623,0x28ae,0x026f,fourier_signed_shape;fourier_sign_profile;anf_degree_profile
236,NAND,1,12,13,3025,7120,0x0bd1,0x1bd0,fourier_signed_shape;fourier_sign_profile;anf_degree_profile
242,NAND,1,12,13,1770,2483,0x06ea,0x09b3,fourier_signed_shape;fourier_sign_profile;anf_degree_profile
250,NAND,1,14,15,2546,39081,0x09f2,0x98a9,fourier_signed_shape;fourier_sign_profile;anf_degree_profile
255,NAND,1,13,14,6572,6865,0x19ac,0x1ad1,fourier_signed_shape;fourier_sign_profile;anf_degree_profile
282,NAND,1,19,20,34403,10652,0x8663,0x299c,fourier_signed_shape;fourier_sign_profile;anf_degree_profile
290,NAND,1,24,25,26774,10646,0x6896,0x2996,fourier_signed_shape;fourier_sign_profile;anf_degree_profile
292,NAND,1,0,1,43690,255,0xaaaa,0x00ff,fourier_signed_shape;fourier_sign_profile;anf_degree_profile
296,NAND,1,6,7,59624,831,0xe8e8,0x033f,fourier_signed_shape;fourier_sign_profile;anf_degree_profile
297,NAND,1,8,9,39338,2805,0x99aa,0x0af5,fourier_signed_shape;fourier_sign_profile;anf_degree_profile
299,NAND,1,13,14,15555,38550,0x3cc3,0x9696,fourier_signed_shape;fourier_sign_profile;anf_degree_profile
300,NAND,1,8,9,735,2299,0x02df,0x08fb,fourier_signed_shape;fourier_sign_profile;anf_degree_profile
304,NAND,1,8,9,43242,703,0xa8ea,0x02bf,fourier_signed_shape;fourier_sign_profile;anf_degree_profile
305,NAND,1,9,10,33022,383,0x80fe,0x017f,fourier_signed_shape;fourier_sign_profile;anf_degree_profile
308,NAND,1,5,6,2798,943,0x0aee,0x03af,fourier_signed_shape;fourier_sign_profile;anf_degree_profile
309,NAND,1,6,7,35534,863,0x8ace,0x035f,fourier_signed_shape;fourier_sign_profile;anf_degree_profile
312,NAND,1,10,11,11212,3058,0x2bcc,0x0bf2,fourier_signed_shape;fourier_sign_profile;anf_degree_profile
323,NAND,1,12,13,6319,2749,0x18af,0x0abd,anf_degree_profile;local_sensitivity_profile;constant_restriction_profile;certificate_profile
330,NAND,1,13,14,11491,6837,0x2ce3,0x1ab5,fourier_signed_shape;fourier_sign_profile;anf_degree_profile
358,NAND,1,13,14,7140,34740,0x1be4,0x87b4,fourier_signed_shape;fourier_sign_profile;anf_degree_profile
359,NAND,1,15,16,34785,11220,0x87e1,0x2bd4,fourier_signed_shape;fourier_sign_profile;anf_degree_profile
360,NAND,1,15,16,6120,43413,0x17e8,0xa995,fourier_signed_shape;fourier_sign_profile;anf_degree_profile
361,NAND,1,17,18,6375,39590,0x18e7,0x9aa6,fourier_signed_shape;fourier_sign_profile;anf_degree_profile
366,NAND,1,15,16,39079,6627,0x98a7,0x19e3,fourier_signed_shape;fourier_sign_profile;anf_degree_profile
372,NAND,1,16,17,10702,34477,0x29ce,0x86ad,fourier_signed_shape;fourier_sign_profile;anf_degree_profile;local_sensitivity_profile;constant_restriction_profile;certificate_profile
375,NAND,1,17,18,38553,11730,0x9699,0x2dd2,fourier_signed_shape;fourier_sign_profile;anf_degree_profile
389,NAND,1,6,7,2751,2799,0x0abf,0x0aef,fourier_signed_shape;fourier_sign_profile;anf_degree_profile
391,NAND,1,9,10,2807,2813,0x0af7,0x0afd,fourier_signed_shape;fourier_sign_profile;anf_degree_profile
397,NAND,1,10,11,11507,6901,0x2cf3,0x1af5,fourier_signed_shape;fourier_sign_profile;anf_degree_profile
401,NAND,1,6,7,3003,35535,0x0bbb,0x8acf,fourier_signed_shape;fourier_sign_profile;anf_degree_profile
404,NAND,1,9,10,44276,3035,0xacf4,0x0bdb,fourier_signed_shape;fourier_sign_profile;anf_degree_profile
410,NAND,1,10,11,33519,2495,0x82ef,0x09bf,fourier_signed_shape;fourier_sign_profile;anf_degree_profile
425,NAND,1,10,11,6559,35231,0x199f,0x899f,fourier_signed_shape;fourier_sign_profile;anf_degree_profile
426,NAND,1,12,13,10671,35565,0x29af,0x8aed,fourier_signed_shape;fourier_sign_profile;anf_degree_profile
447,NAND,1,16,17,11483,6887,0x2cdb,0x1ae7,fourier_signed_shape;fourier_sign_profile;anf_degree_profile
453,NAND,1,16,17,11737,39623,0x2dd9,0x9ac7,fourier_signed_shape;fourier_sign_profile;anf_degree_profile
455,NAND,1,17,18,34678,28385,0x8776,0x6ee1,fourier_signed_shape;fourier_sign_profile;anf_degree_profile
463,NAND,1,17,18,27350,11222,0x6ad6,0x2bd6,fourier_signed_shape;fourier_sign_profile;anf_degree_profile
473,NAND,1,3,4,2815,43758,0x0aff,0xaaee,fourier_signed_shape;fourier_sign_profile;anf_degree_profile
475,NAND,1,5,6,39355,43741,0x99bb,0xaadd,fourier_signed_shape;fourier_sign_profile;anf_degree_profile
477,NAND,1,9,10,15567,39406,0x3ccf,0x99ee,fourier_signed_shape;fourier_sign_profile;anf_degree_profile
479,NAND,1,7,8,6399,44010,0x18ff,0xabea,fourier_signed_shape;fourier_sign_profile;anf_degree_profile
480,NAND,1,9,10,33279,60075,0x81ff,0xeaab,fourier_signed_shape;fourier_sign_profile;anf_degree_profile
482,NAND,1,6,7,35551,3067,0x8adf,0x0bfb,fourier_signed_shape;fourier_sign_profile;anf_degree_profile
499,NAND,1,8,9,12028,7131,0x2efc,0x1bdb,fourier_signed_shape;fourier_sign_profile;anf_degree_profile
510,NAND,1,11,12,39614,6903,0x9abe,0x1af7,fourier_signed_shape;fourier_sign_profile;anf_degree_profile
515,NAND,1,14,15,15579,39910,0x3cdb,0x9be6,fourier_signed_shape;fourier_sign_profile;anf_degree_profile
528,NAND,1,12,13,10749,44771,0x29fd,0xaee3,fourier_signed_shape;fourier_sign_profile;anf_degree_profile
534,NAND,1,12,13,44515,11769,0xade3,0x2df9,fourier_signed_shape;fourier_sign_profile;anf_degree_profile
538,NAND,1,13,14,27358,11230,0x6ade,0x2bde,fourier_signed_shape;fourier_sign_profile;anf_degree_profile
556,NAND,1,18,19,38635,27070,0x96eb,0x69be,fourier_signed_shape;fourier_sign_profile;anf_degree_profile
567,NAND,1,7,8,39419,39359,0x99fb,0x99bf,fourier_signed_shape;fourier_sign_profile;anf_degree_profile
568,NAND,1,8,9,8179,12275,0x1ff3,0x2ff3,fourier_signed_shape;fourier_sign_profile;anf_degree_profile
569,NAND,1,10,11,15583,15599,0x3cdf,0x3cef,fourier_signed_shape;fourier_sign_profile;anf_degree_profile
592,NAND,1,13,14,11771,44523,0x2dfb,0xadeb,fourier_signed_shape;fourier_sign_profile;anf_degree_profile
650,NAND,1,8,9,45047,45053,0xaff7,0xaffd,fourier_signed_shape;fourier_sign_profile;anf_degree_profile
662,NAND,1,4,5,45055,61183,0xafff,0xeeff,fourier_signed_shape;fourier_sign_profile;anf_degree_profile
669,NAND,1,8,9,60415,48895,0xebff,0xbeff,fourier_signed_shape;fourier_sign_profile;anf_degree_profile
4,NOR,1,4,5,10,136,0x000a,0x0088,fourier_signed_shape;fourier_sign_profile;anf_degree_profile
11,NOR,1,8,9,40,130,0x0028,0x0082,fourier_signed_shape;fourier_sign_profile;anf_degree_profile
16,NOR,1,8,9,392,704,0x0188,0x02c0,fourier_signed_shape;fourier_sign_profile;anf_degree_profile
72,NOR,1,7,8,908,602,0x038c,0x025a,fourier_signed_shape;fourier_sign_profile;anf_degree_profile
73,NOR,1,8,9,409,707,0x0199,0x02c3,fourier_signed_shape;fourier_sign_profile;anf_degree_profile
74,NOR,1,10,11,665,2213,0x0299,0x08a5,fourier_signed_shape;fourier_sign_profile;anf_degree_profile
97,NOR,1,13,14,668,6306,0x029c,0x18a2,fourier_signed_shape;anf_degree_profile
117,NOR,1,3,4,175,34986,0x00af,0x88aa,fourier_signed_shape;fourier_sign_profile;anf_degree_profile
119,NOR,1,5,6,972,2800,0x03cc,0x0af0,fourier_signed_shape;fourier_sign_profile;anf_degree_profile
121,NOR,1,9,10,2725,34438,0x0aa5,0x8686,fourier_signed_shape;fourier_sign_profile;anf_degree_profile
123,NOR,1,7,8,189,35490,0x00bd,0x8aa2,fourier_signed_shape;fourier_sign_profile;anf_degree_profile
124,NOR,1,9,10,126,10920,0x007e,0x2aa8,fourier_signed_shape;fourier_sign_profile;anf_degree_profile
126,NOR,1,6,7,718,907,0x02ce,0x038b,fourier_signed_shape;fourier_sign_profile;anf_degree_profile
143,NOR,1,8,9,970,965,0x03ca,0x03c5,fourier_signed_shape;fourier_sign_profile;anf_degree_profile
154,NOR,1,11,12,33434,669,0x829a,0x029d,fourier_signed_shape;fourier_sign_profile;anf_degree_profile
159,NOR,1,14,15,6309,34450,0x18a5,0x8692,fourier_signed_shape;fourier_sign_profile;anf_degree_profile
172,NOR,1,12,13,726,10946,0x02d6,0x2ac2,fourier_signed_shape;fourier_sign_profile;anf_degree_profile
178,NOR,1,12,13,6850,1716,0x1ac2,0x06b4,fourier_signed_shape;fourier_sign_profile;anf_degree_profile
182,NOR,1,13,14,2482,10396,0x09b2,0x289c,fourier_signed_shape;fourier_sign_profile;anf_degree_profile
200,NOR,1,18,19,10390,33385,0x2896,0x8269,fourier_signed_shape;fourier_sign_profile;anf_degree_profile
208,NOR,1,6,7,687,2223,0x02af,0x08af,fourier_signed_shape;fourier_sign_profile;anf_degree_profile
210,NOR,1,9,10,733,2291,0x02dd,0x08f3,fourier_signed_shape;fourier_sign_profile;anf_degree_profile
216,NOR,1,10,11,2789,2741,0x0ae5,0x0ab5,fourier_signed_shape;fourier_sign_profile;anf_degree_profile
220,NOR,1,6,7,939,2766,0x03ab,0x0ace,fourier_signed_shape;fourier_sign_profile;anf_degree_profile
223,NOR,1,9,10,35544,1955,0x8ad8,0x07a3,fourier_signed_shape;fourier_sign_profile;anf_degree_profile
229,NOR,1,10,11,2238,623,0x08be,0x026f,fourier_signed_shape;fourier_sign_profile;anf_degree_profile
244,NOR,1,10,11,1639,1646,0x0667,0x066e,fourier_signed_shape;fourier_sign_profile;anf_degree_profile
245,NOR,1,12,13,1707,10446,0x06ab,0x28ce,fourier_signed_shape;fourier_sign_profile;anf_degree_profile
266,NOR,1,16,17,6371,6311,0x18e3,0x18a7,fourier_signed_shape;fourier_sign_profile;anf_degree_profile
272,NOR,1,16,17,6625,6854,0x19e1,0x1ac6,fourier_signed_shape;fourier_sign_profile;anf_degree_profile
274,NOR,1,17,18,33622,27329,0x8356,0x6ac1,fourier_signed_shape;fourier_sign_profile;anf_degree_profile
282,NOR,1,17,18,34529,10652,0x86e1,0x299c,fourier_signed_shape;fourier_sign_profile;anf_degree_profile
292,NOR,1,0,1,43690,255,0xaaaa,0x00ff,fourier_signed_shape;fourier_sign_profile;anf_degree_profile
296,NOR,1,6,7,59624,831,0xe8e8,0x033f,fourier_signed_shape;fourier_sign_profile;anf_degree_profile
297,NOR,1,8,9,39338,2805,0x99aa,0x0af5,fourier_signed_shape;fourier_sign_profile;anf_degree_profile
299,NOR,1,13,14,15555,38550,0x3cc3,0x9696,fourier_signed_shape;fourier_sign_profile;anf_degree_profile
300,NOR,1,8,9,735,2299,0x02df,0x08fb,fourier_signed_shape;fourier_sign_profile;anf_degree_profile
304,NOR,1,8,9,43242,703,0xa8ea,0x02bf,fourier_signed_shape;fourier_sign_profile;anf_degree_profile
305,NOR,1,9,10,33022,383,0x80fe,0x017f,fourier_signed_shape;fourier_sign_profile;anf_degree_profile
308,NOR,1,5,6,34991,943,0x88af,0x03af,fourier_signed_shape;fourier_sign_profile;anf_degree_profile
309,NOR,1,6,7,35534,863,0x8ace,0x035f,fourier_signed_shape;fourier_sign_profile;anf_degree_profile
312,NOR,1,10,11,3058,33739,0x0bf2,0x83cb,fourier_signed_shape;fourier_sign_profile;anf_degree_profile
323,NOR,1,12,13,2749,6319,0x0abd,0x18af,anf_degree_profile;local_sensitivity_profile;constant_restriction_profile;certificate_profile
330,NOR,1,13,14,11491,6837,0x2ce3,0x1ab5,fourier_signed_shape;fourier_sign_profile;anf_degree_profile
358,NOR,1,13,14,11745,7140,0x2de1,0x1be4,fourier_signed_shape;fourier_sign_profile;anf_degree_profile
359,NOR,1,15,16,11220,34785,0x2bd4,0x87e1,fourier_signed_shape;fourier_sign_profile;anf_degree_profile
360,NOR,1,15,16,43413,6120,0xa995,0x17e8,fourier_signed_shape;fourier_sign_profile;anf_degree_profile
361,NOR,1,17,18,6375,39590,0x18e7,0x9aa6,fourier_signed_shape;fourier_sign_profile;anf_degree_profile
366,NOR,1,15,16,6886,6627,0x1ae6,0x19e3,fourier_signed_shape;fourier_sign_profile;anf_degree_profile
372,NOR,1,16,17,34477,10702,0x86ad,0x29ce,fourier_signed_shape;fourier_sign_profile;anf_degree_profile;local_sensitivity_profile;constant_restriction_profile;certificate_profile
375,NOR,1,17,18,11730,38553,0x2dd2,0x9699,fourier_signed_shape;fourier_sign_profile;anf_degree_profile
387,NOR,1,8,9,4081,8176,0x0ff1,0x1ff0,fourier_signed_shape;fourier_sign_profile;anf_degree_profile
389,NOR,1,7,8,2799,2751,0x0aef,0x0abf,fourier_signed_shape;fourier_sign_profile;anf_degree_profile
399,NOR,1,15,16,15563,15559,0x3ccb,0x3cc7,fourier_signed_shape;fourier_sign_profile;anf_degree_profile
410,NOR,1,10,11,35563,2495,0x8aeb,0x09bf,fourier_signed_shape;fourier_sign_profile;anf_degree_profile
417,NOR,1,12,13,7129,35801,0x1bd9,0x8bd9,fourier_signed_shape;fourier_sign_profile;anf_degree_profile
423,NOR,1,12,13,35577,2027,0x8af9,0x07eb,fourier_signed_shape;fourier_sign_profile;anf_degree_profile
431,NOR,1,14,15,3062,27354,0x0bf6,0x6ada,fourier_signed_shape;fourier_sign_profile;anf_degree_profile
436,NOR,1,13,14,35813,11225,0x8be5,0x2bd9,fourier_signed_shape;fourier_sign_profile;anf_degree_profile
463,NOR,1,19,20,11222,27350,0x2bd6,0x6ad6,fourier_signed_shape;fourier_sign_profile;anf_degree_profile
471,NOR,1,24,25,38633,38507,0x96e9,0x966b,fourier_signed_shape;fourier_sign_profile;anf_degree_profile
475,NOR,1,7,8,43741,39355,0xaadd,0x99bb,fourier_signed_shape;fourier_sign_profile;anf_degree_profile
477,NOR,1,11,12,39406,15567,0x99ee,0x3ccf,fourier_signed_shape;fourier_sign_profile;anf_degree_profile
479,NOR,1,10,11,44010,6399,0xabea,0x18ff,fourier_signed_shape;fourier_sign_profile;anf_degree_profile
482,NOR,1,7,8,43727,3067,0xaacf,0x0bfb,fourier_signed_shape;fourier_sign_profile;anf_degree_profile
490,NOR,1,11,12,43739,3069,0xaadb,0x0bfd,fourier_signed_shape;fourier_sign_profile;anf_degree_profile
495,NOR,1,11,12,39357,44517,0x99bd,0xade5,fourier_signed_shape;fourier_sign_profile;anf_degree_profile
497,NOR,1,11,12,12274,39865,0x2ff2,0x9bb9,fourier_signed_shape;fourier_sign_profile;anf_degree_profile;local_sensitivity_profile;constant_restriction_profile;certificate_profile
510,NOR,1,13,14,44522,6903,0xadea,0x1af7,fourier_signed_shape;fourier_sign_profile;anf_degree_profile
515,NOR,1,16,17,15579,39910,0x3cdb,0x9be6,fourier_signed_shape;fourier_sign_profile;anf_degree_profile
520,NOR,1,14,15,35815,11245,0x8be7,0x2bed,fourier_signed_shape;fourier_sign_profile;anf_degree_profile
527,NOR,1,16,17,6014,32488,0x177e,0x7ee8,fourier_signed_shape;fourier_sign_profile;anf_degree_profile
538,NOR,1,16,17,11230,34795,0x2bde,0x87eb,fourier_signed_shape;fourier_sign_profile;anf_degree_profile
556,NOR,1,20,21,27070,38635,0x69be,0x96eb,fourier_signed_shape;fourier_sign_profile;anf_degree_profile
567,NOR,1,10,11,39359,39419,0x99bf,0x99fb,fourier_signed_shape;fourier_sign_profile;anf_degree_profile
569,NOR,1,13,14,15599,15583,0x3cef,0x3cdf,fourier_signed_shape;fourier_sign_profile;anf_degree_profile
582,NOR,1,13,14,60126,11231,0xeade,0x2bdf,fourier_signed_shape;fourier_sign_profile;anf_degree_profile
588,NOR,1,15,16,8182,28391,0x1ff6,0x6ee7,fourier_signed_shape;fourier_sign_profile;anf_degree_profile
598,NOR,1,17,18,39911,27629,0x9be7,0x6bed,fourier_signed_shape;fourier_sign_profile;anf_degree_profile
650,NOR,1,11,12,45053,45047,0xaffd,0xaff7,fourier_signed_shape;fourier_sign_profile;anf_degree_profile
662,NOR,1,7,8,61183,45055,0xeeff,0xafff,fourier_signed_shape;fourier_sign_profile;anf_degree_profile
669,NOR,1,11,12,60415,48895,0xebff,0xbeff,fourier_signed_shape;fourier_sign_profile;anf_degree_profile
