truth_table,khrapchenko_product,decision_tree_leaf_count,mean_certificate_size,maximum_certificate_size,mean_certificate_size_output_0,mean_certificate_size_output_1,anf_terms_degree_0,fourier_negative_degree_0,anf_terms_degree_1,fourier_negative_degree_1,anf_terms_degree_2,fourier_negative_degree_2,anf_terms_degree_3,fourier_negative_degree_3,anf_terms_degree_4,fourier_negative_degree_4,exact_aon_cover_upper,exact_minimum_gates,classical_lower_k_plus_1,classical_upper_k_plus_1,predicted_k_plus_1,classical_width,and_factorable_partitions,or_factorable_partitions,canalizing_variable_count,restriction_upper_k_plus_1,factor_upper_k_plus_1,construction_upper_k_plus_1,prime_cover_slack,cohort,baseline_lower_k_plus_1,baseline_upper_k_plus_1,baseline_covered,structure_augmented_lower_k_plus_1,structure_augmented_upper_k_plus_1,structure_augmented_covered,inputs,existing_upper_k_plus_1,source,restriction_gain,factor_gain,exact_k_plus_1,true_slack,residual_slack,model,predicted_residual_slack,calibration_offset,learned_reduction_beyond_construction,refined_upper_k_plus_1,covered
3371665271,5.4,15.0,2.875,4.0,3.5,2.5,1.0,0.0,0.0,0.0,3.0,3.0,1.0,6.0,2.0,3.0,31,12,5.4,31.0,17.729191182301292,25.6,0.0,0.0,0.0,18.0,189.0,18.0,13.270808817698708,cost_12_upper_tail,14.987394397357898,19.187828306347924,False,15.173087181017776,19.109903127249765,False,5,31.0,n5_cost_12_challenge,13.0,0.0,13,18.0,5.0,teacher,2.31073407195279,1.900001760713045,0.41073231123974496,17.589267688760255,True
2846074799,4.4089068825910935,12.0,2.6875,5.0,2.769230769230769,2.631578947368421,1.0,0.0,1.0,1.0,2.0,2.0,3.0,6.0,4.0,4.0,28,12,4.4089068825910935,28.0,15.44948000492828,23.591093117408906,0.0,0.0,0.0,15.0,189.0,15.0,12.55051999507172,cost_12_upper_tail,12.669999470131096,16.896053405047965,True,12.91394929526782,16.818082593778907,True,5,28.0,n5_cost_12_challenge,13.0,0.0,13,15.0,2.0,teacher,2.235449352247709,1.900001760713045,0.33544759153466375,14.664552408465337,True
2415463345,5.142857142857143,15.0,3.125,4.0,3.2857142857142856,3.0,1.0,0.0,2.0,2.0,4.0,1.0,5.0,1.0,1.0,1.0,30,12,5.142857142857143,30.0,18.025957712387218,24.857142857142858,0.0,0.0,0.0,18.0,189.0,18.0,11.974042287612782,cost_12_upper_tail,15.281945870964584,19.46266767631325,False,15.483731411309709,19.41979276945448,False,5,30.0,n5_cost_12_challenge,12.0,0.0,13,17.0,5.0,teacher,1.4022949931197364,1.900001760713045,0.0,18.0,True
4205983551,4.16017316017316,12.0,2.65625,4.0,3.272727272727273,2.333333333333333,1.0,0.0,1.0,3.0,3.0,4.0,3.0,6.0,3.0,3.0,27,12,4.16017316017316,27.0,15.304062680561024,22.83982683982684,0.0,0.0,0.0,15.0,189.0,15.0,11.695937319438976,cost_12_upper_tail,12.735539639841049,16.762601605837727,True,12.818983193022076,16.725042626142315,True,5,27.0,n5_cost_12_challenge,12.0,0.0,13,14.0,2.0,teacher,2.237637043010966,1.900001760713045,0.33763528229792117,14.66236471770208,True
3346517708,4.266666666666667,11.0,2.75,4.0,3.25,2.45,0.0,0.0,2.0,2.0,2.0,5.0,5.0,5.0,4.0,0.0,25,12,4.266666666666667,25.0,13.34180402889228,20.733333333333334,0.0,0.0,0.0,14.0,189.0,14.0,11.65819597110772,cost_12_upper_tail,10.648751129504443,14.729095798832178,True,10.726566291586384,14.702334658343252,True,5,25.0,n5_cost_12_challenge,11.0,0.0,13,12.0,1.0,teacher,2.036021452312812,1.900001760713045,0.1360196915997669,13.863980308400233,True
859189964,5.368627450980392,13.0,2.84375,4.0,2.647058823529412,3.066666666666667,0.0,1.0,1.0,3.0,6.0,7.0,5.0,5.0,4.0,1.0,27,12,5.368627450980392,27.0,15.34822613288572,21.63137254901961,0.0,0.0,0.0,14.0,189.0,14.0,11.65177386711428,cost_12_upper_tail,12.64938770961049,16.774651513497872,True,12.673656715229637,16.737538599541796,True,5,27.0,n5_cost_12_challenge,13.0,0.0,13,14.0,1.0,teacher,2.160817049133117,1.900001760713045,0.26081528842007184,13.739184711579927,True
4277242000,4.0,15.0,2.84375,4.0,3.0625,2.625,0.0,0.0,2.0,5.0,7.0,3.0,4.0,1.0,4.0,5.0,28,12,4.0,28.0,16.382301310790602,24.0,0.0,0.0,0.0,16.0,189.0,16.0,11.617698689209398,cost_12_upper_tail,13.795463874687195,17.895528193940827,False,13.922458372022287,17.777582322706653,False,5,28.0,n5_cost_12_challenge,12.0,0.0,13,15.0,3.0,teacher,1.4199843557659382,1.900001760713045,0.0,16.0,True
520946967,3.571428571428572,13.0,2.5,4.0,2.388888888888889,2.642857142857143,1.0,1.0,0.0,1.0,7.0,2.0,3.0,2.0,1.0,3.0,27,12,3.571428571428572,27.0,15.54050053228066,23.428571428571427,0.0,0.0,0.0,18.0,189.0,18.0,11.45949946771934,cost_12_upper_tail,12.664744727385113,17.00625923710996,True,13.056702191896342,16.9505822281871,False,5,27.0,n5_cost_12_challenge,9.0,0.0,13,14.0,5.0,teacher,2.802897248265267,1.900001760713045,0.9028954875522222,17.09710451244778,True
3743342384,4.266666666666667,11.0,2.71875,4.0,3.333333333333333,2.35,0.0,0.0,2.0,2.0,4.0,6.0,6.0,4.0,3.0,0.0,25,12,4.266666666666667,25.0,13.615836784441283,20.733333333333334,0.0,0.0,0.0,14.0,189.0,14.0,11.384163215558717,cost_12_upper_tail,10.973452754720082,15.02271107258059,True,11.019112477109893,14.99014113768212,True,5,25.0,n5_cost_12_challenge,11.0,0.0,13,12.0,1.0,teacher,2.215818910854685,1.900001760713045,0.31581715014164,13.68418284985836,True
1462766328,5.142857142857143,12.0,3.125,4.0,3.0,3.2857142857142856,0.0,1.0,1.0,1.0,4.0,6.0,6.0,4.0,3.0,0.0,26,12,5.142857142857143,26.0,14.631674365037902,20.857142857142858,0.0,0.0,0.0,16.0,189.0,16.0,11.368325634962098,cost_12_upper_tail,11.837174490249662,16.049944396238974,True,11.983203589098505,16.001845407770045,True,5,26.0,n5_cost_12_challenge,10.0,0.0,13,13.0,3.0,teacher,2.2481611231435643,1.900001760713045,0.34815936243051926,15.651840637569482,True
4002019737,5.5425101214574894,13.0,2.9375,4.0,3.3846153846153846,2.631578947368421,1.0,0.0,2.0,4.0,2.0,1.0,5.0,4.0,3.0,5.0,26,12,5.5425101214574894,26.0,14.721612093117672,20.45748987854251,0.0,0.0,0.0,16.0,189.0,16.0,11.278387906882328,cost_12_upper_tail,12.106912795363169,16.170309057254286,True,12.226833779129525,16.101549182812533,True,5,26.0,n5_cost_12_challenge,10.0,0.0,13,13.0,3.0,teacher,2.0691369658812433,1.900001760713045,0.16913520516819824,15.830864794831802,True
4048822036,4.803921568627451,13.0,2.84375,4.0,2.588235294117647,3.1333333333333333,0.0,1.0,3.0,3.0,4.0,6.0,5.0,8.0,5.0,2.0,27,12,4.803921568627451,27.0,15.88912860736088,22.19607843137255,0.0,0.0,0.0,18.0,189.0,18.0,11.11087139263912,cost_12_upper_tail,13.149936781579598,17.320248967187503,False,13.101230255263255,17.2748530578694,False,5,27.0,n5_cost_12_challenge,9.0,0.0,13,14.0,5.0,teacher,1.8784949348841562,1.900001760713045,0.0,18.0,True
1381003818,4.266666666666667,11.0,2.8125,4.0,2.6,3.1666666666666665,0.0,1.0,1.0,2.0,3.0,5.0,6.0,4.0,2.0,0.0,24,12,4.266666666666667,24.0,12.91045249060575,19.733333333333334,0.0,0.0,0.0,14.0,189.0,14.0,11.08954750939425,cost_12_upper_tail,10.100283571719016,14.332917879122274,True,10.317964679846128,14.281664335829468,True,5,24.0,n5_cost_12_challenge,10.0,0.0,13,11.0,1.0,teacher,2.1060474203545843,1.900001760713045,0.2060456596415392,13.79395434035846,True
4114057898,4.587301587301587,12.0,2.9375,4.0,2.857142857142857,3.0,0.0,0.0,2.0,2.0,1.0,3.0,4.0,6.0,4.0,0.0,26,12,4.587301587301587,26.0,14.924335633966963,21.41269841269841,0.0,0.0,0.0,15.0,189.0,15.0,11.075664366033037,cost_12_upper_tail,12.161656451565648,16.326697483239784,True,12.299826684276567,16.277550616149053,True,5,26.0,n5_cost_12_challenge,11.0,0.0,13,13.0,2.0,teacher,2.211569148111263,1.900001760713045,0.3115673873982181,14.688432612601781,True
2776925678,5.368627450980392,14.0,3.0625,4.0,3.0588235294117645,3.066666666666667,0.0,1.0,3.0,2.0,4.0,6.0,4.0,8.0,4.0,4.0,27,12,5.368627450980392,27.0,16.006969197630912,21.63137254901961,0.0,0.0,0.0,16.0,189.0,16.0,10.993030802369088,cost_12_upper_tail,13.167592230314108,17.476977660586012,False,13.21081385506954,17.40849289612736,False,5,27.0,n5_cost_12_challenge,11.0,0.0,13,14.0,3.0,teacher,1.9391525950580257,1.900001760713045,0.03915083434498068,15.96084916565502,True
682114238,4.270588235294118,12.0,2.75,3.0,2.5294117647058822,3.0,0.0,1.0,3.0,3.0,6.0,4.0,3.0,4.0,4.0,5.0,25,12,4.270588235294118,25.0,14.174634092479453,20.729411764705883,0.0,0.0,0.0,18.0,189.0,18.0,10.825365907520547,cost_12_upper_tail,11.636370289151294,15.672018613608348,True,11.722741056833232,15.59810404440904,True,5,25.0,n5_cost_12_challenge,7.0,0.0,13,12.0,5.0,teacher,1.7484354195545349,1.900001760713045,0.0,18.0,True
2306969559,4.515625,12.0,3.0625,4.0,3.125,3.0,1.0,0.0,0.0,1.0,6.0,1.0,4.0,5.0,2.0,3.0,25,12,4.515625,25.0,14.17722399811945,20.484375,0.0,0.0,0.0,16.0,189.0,16.0,10.82277600188055,cost_12_upper_tail,11.364336397876402,15.646902573257297,True,11.546548916229114,15.55807525846266,True,5,25.0,n5_cost_12_challenge,9.0,0.0,13,12.0,3.0,teacher,2.7525126767524513,1.900001760713045,0.8525109160394062,15.147489083960593,True
4054947735,5.5425101214574894,12.0,2.90625,4.0,3.3846153846153846,2.5789473684210527,1.0,0.0,0.0,2.0,5.0,2.0,2.0,6.0,3.0,4.0,25,12,5.5425101214574894,25.0,14.29363219731035,19.45748987854251,0.0,0.0,0.0,17.0,189.0,17.0,10.70636780268965,cost_12_upper_tail,11.506247104091477,15.75788699520498,True,11.76353175557738,15.673257763853474,True,5,25.0,n5_cost_12_challenge,8.0,0.0,13,12.0,4.0,teacher,2.9931316950899163,1.900001760713045,1.0931299343768712,15.906870065623128,True
3452458272,3.890688259109312,12.0,3.0625,5.0,3.0,3.1538461538461537,0.0,1.0,1.0,4.0,2.0,4.0,6.0,6.0,2.0,3.0,24,12,3.890688259109312,24.0,13.306737833897444,20.10931174089069,0.0,0.0,0.0,17.0,189.0,17.0,10.693262166102556,cost_12_upper_tail,10.62215386493415,14.766101742818051,True,10.66762579809497,14.73286493516228,True,5,24.0,n5_cost_12_challenge,7.0,0.0,13,11.0,4.0,teacher,1.9898621713091482,1.900001760713045,0.08986041059610317,16.910139589403897,True
711649472,4.4089068825910935,13.0,2.78125,4.0,2.473684210526316,3.230769230769231,0.0,1.0,0.0,5.0,2.0,7.0,2.0,2.0,4.0,3.0,26,12,4.4089068825910935,26.0,15.323638091463684,21.591093117408906,0.0,0.0,0.0,16.0,189.0,16.0,10.676361908536316,cost_12_upper_tail,12.660205841828608,16.769209928676098,True,12.760280664328048,16.75202005695955,True,5,26.0,n5_cost_12_challenge,10.0,0.0,13,13.0,3.0,teacher,2.099136702134551,1.900001760713045,0.199134941421506,15.800865058578495,True
1403680672,4.515625,11.0,2.8125,4.0,2.625,3.0,0.0,0.0,1.0,3.0,2.0,6.0,5.0,4.0,2.0,0.0,23,12,4.515625,23.0,12.39322176912571,18.484375,0.0,0.0,0.0,14.0,189.0,14.0,10.60677823087429,cost_12_upper_tail,9.697609262389305,13.804647353896543,True,9.778188932811924,13.773141590667889,True,5,23.0,n5_cost_12_challenge,9.0,0.0,13,10.0,1.0,teacher,2.1818804273882417,1.900001760713045,0.2818786666751967,13.718121333324802,True
118977636,5.142857142857143,12.0,2.90625,4.0,2.611111111111111,3.2857142857142856,0.0,1.0,2.0,0.0,4.0,5.0,4.0,5.0,2.0,1.0,26,12,5.142857142857143,26.0,15.480917011751984,20.857142857142858,0.0,0.0,0.0,16.0,189.0,16.0,10.519082988248016,cost_12_upper_tail,12.74110284359976,16.89822174932044,True,12.823779977885671,16.85558651540211,True,5,26.0,n5_cost_12_challenge,10.0,0.0,13,13.0,3.0,teacher,2.3403148121463095,1.900001760713045,0.4403130514332645,15.559686948566736,True
2948467246,3.571428571428572,13.0,2.6875,4.0,3.071428571428572,2.388888888888889,0.0,0.0,2.0,2.0,5.0,3.0,6.0,5.0,2.0,2.0,25,12,3.571428571428572,25.0,14.510288305045515,21.428571428571427,0.0,0.0,0.0,16.0,189.0,16.0,10.489711694954485,cost_12_upper_tail,11.829346197155026,15.935344802715797,True,11.89702929151914,15.887674484088652,True,5,25.0,n5_cost_12_challenge,9.0,0.0,13,12.0,3.0,teacher,1.972984896582294,1.900001760713045,0.07298313586924898,15.927016864130751,True
250891980,4.0,12.0,3.03125,4.0,3.0625,3.0,0.0,0.0,1.0,1.0,2.0,7.0,5.0,4.0,2.0,0.0,23,12,4.0,23.0,12.51678584562583,19.0,0.0,0.0,0.0,15.0,189.0,15.0,10.48321415437417,cost_12_upper_tail,9.706798829614112,13.919929580057504,True,9.861840852701974,13.879928438345058,True,5,23.0,n5_cost_12_challenge,8.0,0.0,13,10.0,2.0,teacher,2.5924061733399393,1.900001760713045,0.6924044126268942,14.307595587373106,True
3114401205,4.266666666666667,12.0,2.8125,4.0,3.1666666666666665,2.6,1.0,0.0,1.0,2.0,4.0,2.0,6.0,3.0,1.0,4.0,25,12,4.266666666666667,25.0,14.569168068183972,20.733333333333334,0.0,0.0,0.0,14.0,189.0,14.0,10.430831931816028,cost_12_upper_tail,11.736724521363405,16.051472273460462,True,12.007325808378663,15.969306262696842,True,5,25.0,n5_cost_12_challenge,11.0,0.0,13,12.0,1.0,teacher,1.70585728321124,1.900001760713045,0.0,14.0,True
2769627690,5.5425101214574894,11.0,2.84375,4.0,2.5789473684210527,3.230769230769231,0.0,1.0,2.0,3.0,0.0,3.0,3.0,8.0,2.0,2.0,25,12,5.5425101214574894,25.0,14.570031498805436,19.45748987854251,0.0,0.0,0.0,15.0,189.0,15.0,10.429968501194564,cost_12_upper_tail,11.88411135857548,15.998707847045983,True,11.951180352909269,15.967043458514675,True,5,25.0,n5_cost_12_challenge,10.0,0.0,13,12.0,2.0,teacher,2.234142878321974,1.900001760713045,0.33414111760892906,14.66585888239107,True
241043582,3.768627450980392,12.0,2.78125,4.0,2.5294117647058822,3.066666666666667,0.0,1.0,3.0,3.0,6.0,6.0,5.0,6.0,4.0,4.0,25,12,3.768627450980392,25.0,14.574390559580872,21.231372549019607,0.0,0.0,0.0,15.0,189.0,15.0,10.425609440419128,cost_12_upper_tail,11.890569508061718,16.041466298974075,True,11.810768058793002,15.994842922022526,True,5,25.0,n5_cost_12_challenge,10.0,0.0,13,12.0,2.0,teacher,1.9387692782571624,1.900001760713045,0.038767517544117336,14.961232482455882,True
3439933187,4.587301587301587,12.0,2.78125,4.0,2.555555555555556,3.071428571428572,1.0,1.0,2.0,1.0,4.0,1.0,3.0,3.0,1.0,1.0,25,12,4.587301587301587,25.0,14.595364783558791,20.41269841269841,0.0,0.0,0.0,18.0,189.0,18.0,10.404635216441209,cost_12_upper_tail,11.900716207195774,16.02899586570014,True,12.170348746582452,15.991020640299707,True,5,25.0,n5_cost_12_challenge,7.0,0.0,13,12.0,5.0,teacher,1.6156782516779595,1.900001760713045,0.0,18.0,True
2947583994,4.266666666666667,12.0,2.8125,4.0,3.1666666666666665,2.6,0.0,0.0,3.0,2.0,3.0,2.0,4.0,5.0,3.0,2.0,24,12,4.266666666666667,24.0,13.61101941922928,19.733333333333334,0.0,0.0,0.0,14.0,189.0,14.0,10.38898058077072,cost_12_upper_tail,10.87063250419095,15.03747778989968,True,11.015993746923172,14.968133539625809,True,5,24.0,n5_cost_12_challenge,10.0,0.0,13,11.0,1.0,teacher,2.2382210587079756,1.900001760713045,0.33821929799493056,13.66178070200507,True
4091982574,4.16017316017316,13.0,2.71875,4.0,3.272727272727273,2.4285714285714284,0.0,0.0,2.0,3.0,4.0,5.0,6.0,6.0,3.0,2.0,25,12,4.16017316017316,25.0,14.635012575754002,20.83982683982684,0.0,0.0,0.0,14.0,189.0,14.0,10.364987424245998,cost_12_upper_tail,12.011264921930984,16.05464327926543,True,12.013653965187258,16.017726854492146,True,5,25.0,n5_cost_12_challenge,11.0,0.0,13,12.0,1.0,teacher,2.0107737703187265,1.900001760713045,0.11077200960568145,13.889227990394318,True
301662226,3.155844155844156,12.0,2.5,4.0,2.142857142857143,3.1818181818181817,0.0,1.0,3.0,2.0,7.0,6.0,3.0,6.0,3.0,5.0,25,12,3.155844155844156,25.0,14.680619081456424,21.844155844155843,0.0,0.0,0.0,17.0,189.0,17.0,10.319380918543576,cost_12_upper_tail,11.708162915134816,16.105693075058753,True,11.896330185683889,16.028559081744536,True,5,25.0,n5_cost_12_challenge,8.0,0.0,13,12.0,4.0,teacher,2.5766689764403488,1.900001760713045,0.6766672157273037,16.323332784272697,True
2877403075,4.270588235294118,13.0,2.8125,4.0,3.066666666666667,2.588235294117647,1.0,0.0,2.0,2.0,2.0,3.0,6.0,5.0,2.0,4.0,24,12,4.270588235294118,24.0,13.717631346799228,19.729411764705883,0.0,0.0,0.0,16.0,189.0,16.0,10.282368653200772,cost_12_upper_tail,10.952209547060171,15.162150716757427,True,11.08852066710214,15.09159205798024,True,5,24.0,n5_cost_12_challenge,8.0,0.0,13,11.0,3.0,teacher,2.0241009209399476,1.900001760713045,0.1240991602269026,15.875900839773097,True
3035555052,3.890688259109312,13.0,2.65625,5.0,3.1538461538461537,2.3157894736842106,0.0,0.0,1.0,4.0,2.0,7.0,6.0,5.0,4.0,2.0,23,12,3.890688259109312,23.0,12.738712852214457,19.10931174089069,0.0,0.0,0.0,17.0,189.0,17.0,10.261287147785543,cost_12_upper_tail,10.14366555254113,14.132404465363033,True,10.088031166369774,14.112074083979676,True,5,23.0,n5_cost_12_challenge,6.0,0.0,13,10.0,4.0,teacher,2.283927173223875,1.900001760713045,0.38392541251083,16.61607458748917,True
3120721952,3.5636363636363635,12.0,2.5,4.0,2.136363636363636,3.3,0.0,1.0,0.0,4.0,3.0,4.0,3.0,4.0,3.0,1.0,24,12,3.5636363636363635,24.0,13.749247318757616,20.436363636363637,0.0,0.0,0.0,16.0,189.0,16.0,10.250752681242384,cost_12_upper_tail,10.988720793691842,15.147826167363808,True,11.266979203896812,15.123984664091855,True,5,24.0,n5_cost_12_challenge,8.0,0.0,13,11.0,3.0,teacher,2.1841220741718947,1.900001760713045,0.2841203134588497,15.71587968654115,True
3140656922,4.063492063492063,13.0,3.0625,4.0,3.142857142857143,3.0,0.0,0.0,3.0,2.0,3.0,4.0,5.0,6.0,2.0,2.0,26,12,4.063492063492063,26.0,15.753570626776767,21.936507936507937,0.0,0.0,0.0,17.0,189.0,17.0,10.246429373223233,cost_12_upper_tail,12.928996538888727,17.176093591944998,True,13.0737813168892,17.118312582398314,False,5,26.0,n5_cost_12_challenge,9.0,0.0,13,13.0,4.0,teacher,1.9504991647689436,1.900001760713045,0.05049740405589853,16.9495025959441,True
4200382076,4.714285714285714,13.0,2.9375,5.0,3.5454545454545454,2.619047619047619,0.0,0.0,2.0,4.0,2.0,5.0,6.0,8.0,5.0,3.0,25,12,4.714285714285714,25.0,14.790257733767394,20.285714285714285,0.0,0.0,0.0,17.0,189.0,17.0,10.209742266232606,cost_12_upper_tail,12.09586026811085,16.227232056938842,True,12.083637643956308,16.202293187749156,True,5,25.0,n5_cost_12_challenge,8.0,0.0,13,12.0,4.0,teacher,1.8754911477245044,1.900001760713045,0.0,17.0,True
255483808,5.0625,11.0,2.875,4.0,3.0,2.75,0.0,0.0,1.0,2.0,3.0,7.0,2.0,3.0,2.0,0.0,24,12,5.0625,24.0,13.79735577742866,18.9375,0.0,0.0,0.0,15.0,189.0,15.0,10.20264422257134,cost_12_upper_tail,10.995544068613494,15.222144487027675,True,11.258724993140362,15.165342633394438,True,5,24.0,n5_cost_12_challenge,9.0,0.0,13,11.0,2.0,teacher,2.035288189730993,1.900001760713045,0.13528642901794807,14.864713570982051,True
3235217443,4.16017316017316,13.0,2.75,4.0,2.4285714285714284,3.363636363636364,1.0,1.0,3.0,3.0,7.0,2.0,8.0,6.0,2.0,2.0,24,12,4.16017316017316,24.0,13.805013805737415,19.83982683982684,0.0,0.0,0.0,17.0,189.0,17.0,10.194986194262585,cost_12_upper_tail,10.99133956465306,15.232384214972852,True,11.126377839898868,15.198853721237509,True,5,24.0,n5_cost_12_challenge,7.0,0.0,13,11.0,4.0,teacher,1.7507838388299626,1.900001760713045,0.0,17.0,True
3231707583,4.266666666666667,12.0,2.84375,4.0,3.25,2.6,1.0,0.0,0.0,1.0,4.0,3.0,6.0,5.0,2.0,2.0,24,12,4.266666666666667,24.0,13.822305180376798,19.733333333333334,0.0,0.0,0.0,16.0,189.0,16.0,10.177694819623202,cost_12_upper_tail,11.000781823658286,15.253433553022848,True,11.176055262166289,15.19761662659231,True,5,24.0,n5_cost_12_challenge,8.0,0.0,13,11.0,3.0,teacher,2.473348105456026,1.900001760713045,0.5733463447429807,15.42665365525702,True
4067881548,4.587301587301587,12.0,2.875,4.0,3.2142857142857144,2.611111111111111,0.0,0.0,1.0,3.0,5.0,5.0,7.0,4.0,2.0,0.0,24,12,4.587301587301587,24.0,13.83316207938072,19.41269841269841,0.0,0.0,0.0,14.0,189.0,14.0,10.16683792061928,cost_12_upper_tail,11.134199893920089,15.260982261618144,True,11.286349445139598,15.2230208019582,True,5,24.0,n5_cost_12_challenge,10.0,0.0,13,11.0,1.0,teacher,2.1564909396187444,1.900001760713045,0.25648917890569933,13.7435108210943,True
4283888718,4.714285714285714,13.0,2.78125,4.0,3.636363636363636,2.333333333333333,0.0,0.0,2.0,4.0,6.0,7.0,6.0,7.0,3.0,2.0,24,12,4.714285714285714,24.0,13.8422283087316,19.285714285714285,0.0,0.0,0.0,17.0,189.0,17.0,10.1577716912684,cost_12_upper_tail,11.213905549494822,15.251207011267796,True,11.10272597760212,15.234556985508505,True,5,24.0,n5_cost_12_challenge,7.0,0.0,13,11.0,4.0,teacher,1.8676076009881,1.900001760713045,0.0,17.0,True
3174898965,3.571428571428572,11.0,2.65625,4.0,3.0,2.388888888888889,1.0,0.0,1.0,2.0,1.0,1.0,4.0,3.0,2.0,2.0,23,12,3.571428571428572,23.0,12.866112082448922,19.428571428571427,0.0,0.0,0.0,15.0,189.0,15.0,10.133887917551078,cost_12_upper_tail,10.11790511841276,14.26925483321892,True,10.361087656455016,14.215571276469374,True,5,23.0,n5_cost_12_challenge,8.0,0.0,13,10.0,2.0,teacher,1.831278560558404,1.900001760713045,0.0,15.0,True
50275564,3.515625,12.0,2.71875,4.0,3.0,2.4375,0.0,0.0,2.0,3.0,3.0,7.0,5.0,4.0,4.0,1.0,24,12,3.515625,24.0,13.883774963914982,20.484375,0.0,0.0,0.0,17.0,189.0,17.0,10.116225036085018,cost_12_upper_tail,11.347119804721345,15.255181351380106,True,11.309962868980652,15.208051657426754,True,5,24.0,n5_cost_12_challenge,7.0,0.0,13,11.0,4.0,teacher,2.1104864548505193,1.900001760713045,0.21048469413747428,16.789515305862526,True
2860522042,4.266666666666667,11.0,2.71875,4.0,2.35,3.333333333333333,0.0,1.0,2.0,2.0,4.0,3.0,4.0,4.0,3.0,2.0,25,12,4.266666666666667,25.0,14.914410397927108,20.733333333333334,0.0,0.0,0.0,14.0,189.0,14.0,10.085589602072892,cost_12_upper_tail,12.007855681259596,16.350251214925155,True,12.30206561724922,16.288924325212047,True,5,25.0,n5_cost_12_challenge,11.0,0.0,13,12.0,1.0,teacher,1.7362956751999317,1.900001760713045,0.0,14.0,True
3221684327,4.090909090909091,12.0,2.6875,4.0,2.363636363636364,3.4,1.0,1.0,2.0,0.0,4.0,1.0,6.0,5.0,2.0,1.0,23,12,4.090909090909091,23.0,12.92802919145088,18.90909090909091,0.0,0.0,0.0,14.0,189.0,14.0,10.07197080854912,cost_12_upper_tail,10.01198136593784,14.346480385810173,True,10.250744155008096,14.30568033681515,True,5,23.0,n5_cost_12_challenge,9.0,0.0,13,10.0,1.0,teacher,2.0814730741525707,1.900001760713045,0.1814713134395256,13.818528686560475,True
483924730,4.515625,12.0,3.03125,4.0,3.0,3.0625,0.0,0.0,2.0,3.0,2.0,6.0,4.0,3.0,4.0,2.0,26,12,4.515625,26.0,15.93308299741769,21.484375,0.0,0.0,0.0,16.0,189.0,16.0,10.06691700258231,cost_12_upper_tail,13.300925277483998,17.33258100365045,False,13.355501197493558,17.30852023849542,False,5,26.0,n5_cost_12_challenge,10.0,0.0,13,13.0,3.0,teacher,1.4619087443460266,1.900001760713045,0.0,16.0,True
1600843434,4.266666666666667,12.0,2.75,4.0,3.25,2.45,0.0,0.0,1.0,3.0,2.0,7.0,4.0,0.0,3.0,2.0,24,12,4.266666666666667,24.0,13.937900262789846,19.733333333333334,0.0,0.0,0.0,14.0,189.0,14.0,10.062099737210154,cost_12_upper_tail,11.283694784840574,15.343584445047254,True,11.423146450547414,15.312984828187686,True,5,24.0,n5_cost_12_challenge,10.0,0.0,13,11.0,1.0,teacher,1.6389570378985159,1.900001760713045,0.0,14.0,True
33426154,3.768627450980392,13.0,2.59375,5.0,2.588235294117647,2.6,0.0,1.0,1.0,3.0,4.0,8.0,5.0,6.0,4.0,1.0,25,12,3.768627450980392,25.0,14.94785081442333,21.231372549019607,0.0,0.0,0.0,16.0,189.0,16.0,10.05214918557667,cost_12_upper_tail,12.223099618042744,16.37400074862041,True,12.254060529403464,16.333074911438043,True,5,25.0,n5_cost_12_challenge,9.0,0.0,13,12.0,3.0,teacher,2.1092107863630347,1.900001760713045,0.20920902564998967,15.79079097435001,True
231854591,4.959514170040486,13.0,2.9375,4.0,3.3076923076923075,2.6842105263157894,1.0,0.0,0.0,2.0,4.0,4.0,6.0,6.0,3.0,4.0,24,12,4.959514170040486,24.0,13.97923742760928,19.040485829959515,0.0,0.0,0.0,18.0,189.0,18.0,10.02076257239072,cost_12_upper_tail,11.146958899543613,15.447906496960488,True,11.348409771035794,15.387468402959122,True,5,24.0,n5_cost_12_challenge,6.0,0.0,13,11.0,5.0,teacher,2.2171018181763857,1.900001760713045,0.3171000574633407,17.682899942536658,True
2375008050,4.4089068825910935,13.0,3.0625,4.0,3.1538461538461537,3.0,0.0,0.0,4.0,2.0,7.0,6.0,7.0,7.0,1.0,5.0,25,12,4.4089068825910935,25.0,15.030797101309505,20.591093117408906,0.0,0.0,0.0,17.0,189.0,17.0,9.969202898690495,cost_12_upper_tail,12.17255108682109,16.486427269901135,True,12.221275326539716,16.463583885309113,True,5,25.0,n5_cost_12_challenge,8.0,0.0,13,12.0,4.0,teacher,1.9656753515123337,1.900001760713045,0.0656735907992887,16.93432640920071,True
4010026820,3.571428571428572,12.0,2.6875,4.0,2.388888888888889,3.071428571428572,0.0,1.0,2.0,3.0,3.0,3.0,2.0,5.0,2.0,2.0,24,12,3.571428571428572,24.0,14.04097764293926,20.428571428571427,0.0,0.0,0.0,14.0,189.0,14.0,9.95902235706074,cost_12_upper_tail,11.288930134881412,15.464032009158164,True,11.423297523134174,15.426876215124429,True,5,24.0,n5_cost_12_challenge,10.0,0.0,13,11.0,1.0,teacher,2.047664995826113,1.900001760713045,0.14766323511306778,13.852336764886932,True
3758289183,4.587301587301587,11.0,3.03125,4.0,3.0,3.071428571428572,1.0,1.0,1.0,2.0,5.0,0.0,5.0,4.0,1.0,2.0,24,12,4.587301587301587,24.0,14.085286856140796,19.41269841269841,0.0,0.0,0.0,18.0,189.0,18.0,9.914713143859204,cost_12_upper_tail,11.269576897378167,15.516202897246789,True,11.514214674382892,15.48354108843536,True,5,24.0,n5_cost_12_challenge,6.0,0.0,13,11.0,5.0,teacher,2.307392818597893,1.900001760713045,0.4073910578848481,17.592608942115152,True
475983598,4.266666666666667,11.0,2.625,4.0,3.1666666666666665,2.3,0.0,0.0,2.0,2.0,2.0,7.0,2.0,4.0,4.0,1.0,24,12,4.266666666666667,24.0,14.095590001726134,19.733333333333334,0.0,0.0,0.0,15.0,189.0,15.0,9.904409998273866,cost_12_upper_tail,11.457056703430792,15.481714050612704,True,11.60462246528483,15.455785484039842,True,5,24.0,n5_cost_12_challenge,9.0,0.0,13,11.0,2.0,teacher,2.322911548528926,1.900001760713045,0.42290978781588073,14.57709021218412,True
3960341708,3.890688259109312,13.0,2.6875,4.0,2.3684210526315788,3.1538461538461537,0.0,1.0,1.0,3.0,1.0,6.0,6.0,5.0,3.0,2.0,23,12,3.890688259109312,23.0,13.113402036439066,19.10931174089069,0.0,0.0,0.0,16.0,189.0,16.0,9.886597963560934,cost_12_upper_tail,10.240757626068952,14.513194578975464,True,10.31041168286114,14.484157588004582,True,5,23.0,n5_cost_12_challenge,7.0,0.0,13,10.0,3.0,teacher,2.442046285375056,1.900001760713045,0.5420445246620109,15.45795547533799,True
3620389058,4.270588235294118,13.0,2.90625,4.0,3.0588235294117645,2.7333333333333334,0.0,1.0,1.0,5.0,5.0,7.0,4.0,4.0,5.0,2.0,24,12,4.270588235294118,24.0,14.13963643527731,19.729411764705883,0.0,0.0,0.0,17.0,189.0,17.0,9.86036356472269,cost_12_upper_tail,11.465055802011896,15.578690306920404,True,11.56672848971976,15.529155118050612,True,5,24.0,n5_cost_12_challenge,7.0,0.0,13,11.0,4.0,teacher,2.0791782662491767,1.900001760713045,0.17917650553613163,16.82082349446387,True
4293387682,4.090909090909091,13.0,2.75,4.0,3.6,2.363636363636364,0.0,0.0,3.0,4.0,5.0,4.0,5.0,2.0,2.0,4.0,25,12,4.090909090909091,25.0,15.140749450601673,20.90909090909091,0.0,0.0,0.0,16.0,189.0,16.0,9.859250549398327,cost_12_upper_tail,12.607035383777788,16.628982924387525,True,12.636189682636772,16.565542540069213,True,5,25.0,n5_cost_12_challenge,9.0,0.0,13,12.0,3.0,teacher,1.55049138316888,1.900001760713045,0.0,16.0,True
4220035020,3.890688259109312,12.0,2.625,5.0,2.6923076923076925,2.5789473684210527,0.0,0.0,2.0,3.0,2.0,5.0,3.0,7.0,2.0,3.0,23,12,3.890688259109312,23.0,13.168375630558163,19.10931174089069,0.0,0.0,0.0,16.0,189.0,16.0,9.831624369441837,cost_12_upper_tail,10.477815842380316,14.613232990562524,True,10.510223949144336,14.585697200076122,True,5,23.0,n5_cost_12_challenge,7.0,0.0,13,10.0,3.0,teacher,2.1818980029428303,1.900001760713045,0.28189624222978527,15.718103757770216,True
2290299767,4.803921568627451,11.0,2.875,4.0,3.0588235294117645,2.6666666666666665,1.0,1.0,0.0,1.0,5.0,1.0,4.0,7.0,3.0,4.0,24,12,4.803921568627451,24.0,14.188422577865882,19.19607843137255,0.0,0.0,0.0,15.0,189.0,15.0,9.811577422134118,cost_12_upper_tail,11.336822368777598,15.654136903192196,True,11.504083984405137,15.567565839836604,True,5,24.0,n5_cost_12_challenge,9.0,0.0,13,11.0,2.0,teacher,2.835591396220258,1.900001760713045,0.9355896355072129,14.064410364492787,True
100564940,4.816666666666666,12.0,2.8125,4.0,3.1666666666666665,2.6,0.0,0.0,2.0,1.0,3.0,7.0,3.0,3.0,4.0,1.0,25,12,4.816666666666666,25.0,15.206328420456884,20.183333333333334,0.0,0.0,0.0,14.0,189.0,14.0,9.793671579543116,cost_12_upper_tail,12.47485528134928,16.629992375069158,True,12.675178841436477,16.571046028500337,True,5,25.0,n5_cost_12_challenge,11.0,0.0,13,12.0,1.0,teacher,1.9748414012047486,1.900001760713045,0.07483964049170355,13.925160359508297,True
150879982,3.890688259109312,13.0,2.6875,4.0,3.076923076923077,2.421052631578948,0.0,0.0,2.0,2.0,3.0,8.0,5.0,6.0,4.0,2.0,23,12,3.890688259109312,23.0,13.206790000727306,19.10931174089069,0.0,0.0,0.0,16.0,189.0,16.0,9.793209999272694,cost_12_upper_tail,10.48266251889822,14.625328772762876,True,10.495524946737966,14.569635694245976,True,5,23.0,n5_cost_12_challenge,7.0,0.0,13,10.0,3.0,teacher,2.322100295791399,1.900001760713045,0.42209853507835415,15.577901464921645,True
4040291711,3.6406926406926408,12.0,2.59375,5.0,3.272727272727273,2.238095238095238,1.0,0.0,0.0,1.0,4.0,0.0,6.0,4.0,6.0,3.0,22,12,3.6406926406926408,22.0,12.21108090906782,18.35930735930736,0.0,0.0,0.0,17.0,189.0,17.0,9.78891909093218,cost_12_upper_tail,9.492266331959703,13.702884777256,True,9.714076877936328,13.589839123010794,True,5,22.0,n5_cost_12_challenge,5.0,0.0,13,9.0,4.0,teacher,3.2838473628192446,1.900001760713045,1.3838456021061996,15.616154397893801,True
16519848,4.16017316017316,13.0,2.75,5.0,2.4285714285714284,3.363636363636364,0.0,1.0,0.0,4.0,6.0,7.0,8.0,5.0,4.0,1.0,23,12,4.16017316017316,23.0,13.235222491977517,18.83982683982684,0.0,0.0,0.0,14.0,189.0,14.0,9.764777508022483,cost_12_upper_tail,10.432458184216998,14.652344269508024,True,10.46339889160868,14.622050744960749,True,5,23.0,n5_cost_12_challenge,9.0,0.0,13,10.0,1.0,teacher,2.5645716205812517,1.900001760713045,0.6645698598682066,13.335430140131793,True
3723746866,4.714285714285714,11.0,2.9375,4.0,3.4545454545454546,2.6666666666666665,0.0,0.0,3.0,3.0,7.0,5.0,5.0,5.0,6.0,2.0,26,12,4.714285714285714,26.0,16.245338566043664,21.285714285714285,0.0,0.0,0.0,14.0,189.0,14.0,9.754661433956336,cost_12_upper_tail,13.6107665212501,17.679890206488913,False,13.62549479257855,17.63447976799942,False,5,26.0,n5_cost_12_challenge,12.0,0.0,13,13.0,1.0,teacher,1.5761026448749633,1.900001760713045,0.0,14.0,True
3381643274,4.063492063492063,12.0,2.8125,4.0,2.611111111111111,3.071428571428572,0.0,1.0,2.0,3.0,4.0,5.0,5.0,5.0,4.0,2.0,25,12,4.063492063492063,25.0,15.24799051791558,20.936507936507937,0.0,0.0,0.0,15.0,189.0,15.0,9.75200948208442,cost_12_upper_tail,12.619066258539355,16.687762654507367,True,12.6211466386028,16.633903154902608,True,5,25.0,n5_cost_12_challenge,10.0,0.0,13,12.0,2.0,teacher,2.0305139185917835,1.900001760713045,0.1305121578787385,14.869487842121261,True
1954298104,4.270588235294118,10.0,2.75,4.0,2.8,2.7058823529411766,0.0,0.0,1.0,3.0,2.0,8.0,4.0,4.0,3.0,2.0,24,12,4.270588235294118,24.0,14.251402041403889,19.729411764705883,0.0,0.0,0.0,15.0,189.0,15.0,9.748597958596111,cost_12_upper_tail,11.561322069543774,15.658677296328737,True,11.682520301764022,15.624880864871283,True,5,24.0,n5_cost_12_challenge,9.0,0.0,13,11.0,2.0,teacher,1.5449500060351324,1.900001760713045,0.0,15.0,True
3365601288,3.5217391304347827,13.0,2.5625,4.0,2.1739130434782608,3.555555555555556,0.0,1.0,1.0,3.0,3.0,3.0,4.0,7.0,5.0,4.0,24,12,3.5217391304347827,24.0,14.265524835348565,20.47826086956522,0.0,0.0,0.0,15.0,189.0,15.0,9.734475164651435,cost_12_upper_tail,11.344879483319977,15.746288617900325,True,11.514371148662065,15.653065415258771,True,5,24.0,n5_cost_12_challenge,9.0,0.0,13,11.0,2.0,teacher,2.0576200149907504,1.900001760713045,0.15761825427770537,14.842381745722294,True
3249529615,5.142857142857143,10.0,2.84375,4.0,3.142857142857143,2.611111111111111,1.0,0.0,1.0,1.0,1.0,2.0,3.0,4.0,3.0,2.0,23,12,5.142857142857143,23.0,13.277841825329354,17.857142857142858,0.0,0.0,0.0,16.0,189.0,16.0,9.722158174670646,cost_12_upper_tail,10.506588327408338,14.685711602113734,True,10.846416532249073,14.629491853852418,True,5,23.0,n5_cost_12_challenge,7.0,0.0,13,10.0,3.0,teacher,1.5980637469068644,1.900001760713045,0.0,16.0,True
3552792706,4.959514170040486,13.0,2.8125,4.0,2.5789473684210527,3.1538461538461537,0.0,1.0,2.0,3.0,7.0,6.0,4.0,6.0,4.0,3.0,23,12,4.959514170040486,23.0,13.279219417630731,18.040485829959515,0.0,0.0,0.0,17.0,189.0,17.0,9.720780582369269,cost_12_upper_tail,10.62451623022811,14.75435812418664,True,10.581460889272,14.70040083490551,True,5,23.0,n5_cost_12_challenge,6.0,0.0,13,10.0,4.0,teacher,1.8662846391330614,1.900001760713045,0.0,17.0,True
4242560098,4.270588235294118,13.0,3.0625,4.0,3.0,3.1333333333333333,0.0,1.0,1.0,4.0,6.0,5.0,5.0,4.0,1.0,4.0,24,12,4.270588235294118,24.0,14.296233529628903,19.729411764705883,0.0,0.0,0.0,16.0,189.0,16.0,9.703766470371097,cost_12_upper_tail,11.614725944985317,15.768258456492674,True,11.72157837922186,15.74283895865273,True,5,24.0,n5_cost_12_challenge,8.0,0.0,13,11.0,3.0,teacher,1.7347306565502676,1.900001760713045,0.0,16.0,True
3098654739,4.270588235294118,11.0,2.84375,4.0,2.647058823529412,3.066666666666667,1.0,1.0,2.0,4.0,4.0,2.0,6.0,4.0,4.0,5.0,23,12,4.270588235294118,23.0,13.328700203859444,18.729411764705883,0.0,0.0,0.0,15.0,189.0,15.0,9.671299796140556,cost_12_upper_tail,10.747883448966247,14.82757804958206,True,10.828782848856742,14.722480210291364,True,5,23.0,n5_cost_12_challenge,8.0,0.0,13,10.0,2.0,teacher,1.8811169812917576,1.900001760713045,0.0,15.0,True
4243834175,5.890909090909091,12.0,2.875,4.0,4.0,2.363636363636364,1.0,0.0,0.0,2.0,5.0,1.0,2.0,2.0,1.0,2.0,24,12,5.890909090909091,24.0,14.33375584942802,18.10909090909091,0.0,0.0,0.0,18.0,189.0,18.0,9.66624415057198,cost_12_upper_tail,11.62922788660616,15.772618836799785,True,11.922516986066311,15.737156954163863,True,5,24.0,n5_cost_12_challenge,6.0,0.0,13,11.0,5.0,teacher,2.782421007692534,1.900001760713045,0.8824192469794889,17.117580753020512,True
36887824,4.16017316017316,11.0,2.78125,4.0,2.4285714285714284,3.4545454545454546,0.0,1.0,2.0,2.0,6.0,7.0,6.0,6.0,4.0,4.0,24,12,4.16017316017316,24.0,14.340975729427164,19.83982683982684,0.0,0.0,0.0,16.0,189.0,16.0,9.659024270572836,cost_12_upper_tail,11.373563011375971,15.806073400833125,True,11.510925552743268,15.745750686093531,True,5,24.0,n5_cost_12_challenge,8.0,0.0,13,11.0,3.0,teacher,1.8498660525046045,1.900001760713045,0.0,16.0,True
389431082,4.270588235294118,14.0,2.875,4.0,2.6,3.117647058823529,0.0,0.0,2.0,2.0,3.0,9.0,5.0,8.0,4.0,1.0,24,12,4.270588235294118,24.0,14.3556894130545,19.729411764705883,0.0,0.0,0.0,17.0,189.0,17.0,9.6443105869455,cost_12_upper_tail,11.50415803760503,15.767814579055026,True,11.547650933503162,15.72201395477688,True,5,24.0,n5_cost_12_challenge,7.0,0.0,13,11.0,4.0,teacher,2.4387415033383295,1.900001760713045,0.5387397426252845,16.461260257374715,True
4037151246,4.266666666666667,11.0,2.8125,4.0,2.6,3.1666666666666665,0.0,1.0,2.0,2.0,5.0,4.0,8.0,6.0,2.0,2.0,24,12,4.266666666666667,24.0,14.367368977569589,19.733333333333334,0.0,0.0,0.0,14.0,189.0,14.0,9.632631022430411,cost_12_upper_tail,11.548589203146696,15.797807558524305,True,11.683816291651569,15.741242505128056,True,5,24.0,n5_cost_12_challenge,10.0,0.0,13,11.0,1.0,teacher,1.8014715285128828,1.900001760713045,0.0,14.0,True
2362278020,3.155844155844156,13.0,2.59375,4.0,2.2857142857142856,3.1818181818181817,0.0,1.0,2.0,3.0,7.0,4.0,5.0,5.0,5.0,4.0,25,12,3.155844155844156,25.0,15.376308846777045,21.844155844155843,0.0,0.0,0.0,15.0,189.0,15.0,9.623691153222955,cost_12_upper_tail,12.56861177773848,16.846992904770577,True,12.68626746138401,16.75724501646238,True,5,25.0,n5_cost_12_challenge,10.0,0.0,13,12.0,2.0,teacher,2.1917359165546326,1.900001760713045,0.2917341558415876,14.708265844158412,True
3390229226,4.270588235294118,13.0,2.84375,5.0,2.588235294117647,3.1333333333333333,0.0,1.0,1.0,4.0,2.0,6.0,4.0,7.0,4.0,2.0,22,12,4.270588235294118,22.0,12.414278605916971,17.729411764705883,0.0,0.0,0.0,16.0,189.0,16.0,9.585721394083029,cost_12_upper_tail,9.67745727259852,13.808207316795963,True,9.628111902990124,13.79140598390156,True,5,22.0,n5_cost_12_challenge,6.0,0.0,13,9.0,3.0,teacher,2.1358324103998543,1.900001760713045,0.23583064968680922,15.76416935031319,True
4009332125,5.303030303030303,14.0,3.0,5.0,3.727272727272727,2.619047619047619,1.0,0.0,1.0,3.0,5.0,3.0,6.0,5.0,4.0,5.0,24,12,5.303030303030303,24.0,14.419822770548008,18.696969696969695,0.0,0.0,0.0,16.0,189.0,16.0,9.580177229451992,cost_12_upper_tail,11.72878121346833,15.91289081911216,True,11.848632006562005,15.820817802472986,True,5,24.0,n5_cost_12_challenge,8.0,0.0,13,11.0,3.0,teacher,1.6568988045022939,1.900001760713045,0.0,16.0,True
284164238,3.5217391304347827,12.0,2.5625,4.0,2.1739130434782608,3.555555555555556,0.0,1.0,2.0,4.0,8.0,7.0,8.0,5.0,2.0,5.0,22,12,3.5217391304347827,22.0,12.427796358027305,18.47826086956522,0.0,0.0,0.0,15.0,189.0,15.0,9.572203641972695,cost_12_upper_tail,9.56833825266576,13.870638835186904,True,9.610682651996497,13.83300098796768,True,5,22.0,n5_cost_12_challenge,7.0,0.0,13,9.0,2.0,teacher,2.139576956504411,1.900001760713045,0.2395751957913661,14.760424804208634,True
1415999078,5.0625,11.0,2.8125,4.0,3.0,2.625,0.0,0.0,2.0,1.0,0.0,6.0,3.0,3.0,3.0,1.0,24,12,5.0625,24.0,14.442282944608817,18.9375,0.0,0.0,0.0,14.0,189.0,14.0,9.557717055391183,cost_12_upper_tail,11.724875620184388,15.845654820145857,True,11.917751963190934,15.797690715438488,True,5,24.0,n5_cost_12_challenge,10.0,0.0,13,11.0,1.0,teacher,2.1777908499066307,1.900001760713045,0.2777890891935857,13.722210910806414,True
3231696063,4.063492063492063,11.0,2.625,4.0,2.642857142857143,2.611111111111111,1.0,0.0,1.0,1.0,2.0,1.0,5.0,6.0,4.0,1.0,23,12,4.063492063492063,23.0,13.452682519713568,18.936507936507937,0.0,0.0,0.0,15.0,189.0,15.0,9.547317480286432,cost_12_upper_tail,10.634782115142482,14.85800431515364,True,10.839290383966464,14.81284440118475,True,5,23.0,n5_cost_12_challenge,8.0,0.0,13,10.0,2.0,teacher,2.1050955941928184,1.900001760713045,0.2050938334797734,14.794906166520226,True
4121884580,4.16017316017316,10.0,2.65625,4.0,3.4545454545454546,2.238095238095238,0.0,0.0,2.0,5.0,5.0,6.0,4.0,6.0,2.0,3.0,19,12,4.16017316017316,19.0,11.630062835339809,14.83982683982684,0.0,0.0,0.0,14.0,189.0,14.0,7.369937164660193,cost_12_random_reference,9.065589386082852,13.087371699236629,True,8.962213512282123,13.055416972006372,True,5,19.0,n5_cost_12_challenge,5.0,0.0,13,6.0,1.0,teacher,1.3157429258326812,1.900001760713045,0.0,14.0,True
1415063592,5.254545454545455,12.0,2.75,4.0,2.363636363636364,3.6,0.0,1.0,0.0,3.0,3.0,4.0,1.0,2.0,2.0,2.0,24,12,5.254545454545455,24.0,14.678096002584809,18.745454545454546,0.0,0.0,0.0,15.0,189.0,15.0,9.321903997415191,cost_12_random_reference,11.858812405039508,16.120322068367955,True,12.154991643287277,16.06553491000652,True,5,24.0,n5_cost_12_challenge,9.0,0.0,13,11.0,2.0,teacher,1.8584360133832754,1.900001760713045,0.0,15.0,True
4284284173,3.0727272727272728,9.0,2.46875,4.0,3.2,2.136363636363636,1.0,0.0,3.0,3.0,6.0,2.0,4.0,3.0,3.0,0.0,17,12,3.0727272727272728,17.0,12.017506554021224,13.927272727272728,0.0,0.0,0.0,13.0,189.0,13.0,4.982493445978776,cost_12_random_reference,9.523954788520776,13.226313211708222,True,9.589228055149096,13.26590897008922,True,5,17.0,n5_cost_12_challenge,4.0,0.0,13,4.0,0.0,teacher,1.2909147425019591,1.900001760713045,0.0,13.0,True
85057467,3.2980392156862743,10.0,2.78125,4.0,2.533333333333333,3.0,1.0,0.0,1.0,1.0,3.0,6.0,3.0,5.0,2.0,3.0,16,12,3.2980392156862743,16.0,10.847785514059648,12.701960784313727,0.0,0.0,0.0,16.0,189.0,16.0,5.152214485940352,cost_12_random_reference,8.06706194357156,12.266853213997436,False,8.157988326522815,12.212285276581625,False,5,16.0,n5_cost_12_challenge,0.0,0.0,13,3.0,3.0,teacher,4.64834198369249,1.900001760713045,2.7483402229794454,13.251659777020555,True
1082179498,3.404858299595141,11.0,2.34375,5.0,2.1578947368421053,2.6153846153846154,0.0,1.0,2.0,4.0,3.0,5.0,2.0,5.0,3.0,4.0,20,12,3.404858299595141,20.0,12.538196662834494,16.59514170040486,0.0,0.0,0.0,15.0,189.0,15.0,7.461803337165506,cost_12_random_reference,9.778095573267604,13.946209055766012,True,9.869736482209944,13.914547956156213,True,5,20.0,n5_cost_12_challenge,5.0,0.0,13,7.0,2.0,teacher,2.408635745714848,1.900001760713045,0.5086339850018029,14.491366014998198,True
2855525072,4.515625,10.0,3.0625,4.0,3.125,3.0,0.0,0.0,2.0,3.0,5.0,5.0,4.0,5.0,2.0,1.0,21,12,4.515625,21.0,13.582553675258868,16.484375,0.0,0.0,0.0,15.0,189.0,15.0,7.417446324741132,cost_12_random_reference,10.960023226027456,14.999355125778065,True,10.96919284471464,14.971910380209492,True,5,21.0,n5_cost_12_challenge,6.0,0.0,13,8.0,2.0,teacher,1.328206572948123,1.900001760713045,0.0,15.0,True
3495255120,3.404858299595141,11.0,2.46875,4.0,2.3684210526315788,2.6153846153846154,0.0,1.0,2.0,4.0,5.0,5.0,5.0,7.0,3.0,2.0,18,12,3.404858299595141,18.0,11.307565949406612,14.59514170040486,0.0,0.0,0.0,15.0,189.0,15.0,6.692434050593388,cost_12_random_reference,8.403932206257442,12.656051929892506,False,8.45628196804877,12.655435214437064,False,5,18.0,n5_cost_12_challenge,3.0,0.0,13,5.0,2.0,teacher,2.1612795213695044,1.900001760713045,0.26127776065645936,14.738722239343542,True
2866258165,4.063492063492063,9.0,2.625,5.0,2.642857142857143,2.611111111111111,1.0,0.0,2.0,3.0,3.0,1.0,1.0,3.0,2.0,2.0,20,12,4.063492063492063,20.0,13.119005593992313,15.936507936507937,0.0,0.0,0.0,14.0,189.0,14.0,6.880994406007687,cost_12_random_reference,10.496955500309216,14.425498316895167,True,10.71230813776868,14.405229408640857,True,5,20.0,n5_cost_12_challenge,6.0,0.0,13,7.0,1.0,teacher,1.4502284315539062,1.900001760713045,0.0,14.0,True
4243423103,3.692307692307693,11.0,2.53125,5.0,4.166666666666667,2.1538461538461537,1.0,0.0,0.0,1.0,3.0,2.0,5.0,3.0,2.0,3.0,22,12,3.692307692307693,22.0,13.49610692712907,18.307692307692307,0.0,0.0,0.0,15.0,189.0,15.0,8.50389307287093,cost_12_random_reference,10.747543665356734,14.937835031618713,True,10.970837028973062,14.87030123813083,True,5,22.0,n5_cost_12_challenge,7.0,0.0,13,9.0,2.0,teacher,2.2039820990937207,1.900001760713045,0.3039803383806756,14.696019661619324,True
1156369868,2.640625,11.0,2.625,4.0,3.0,2.25,0.0,0.0,2.0,1.0,4.0,6.0,7.0,1.0,3.0,3.0,21,12,2.640625,21.0,13.949900553944802,18.359375,0.0,0.0,0.0,14.0,189.0,14.0,7.050099446055198,cost_12_random_reference,11.364100510867768,15.37969617923143,True,11.308290809691002,15.30883134090072,True,5,21.0,n5_cost_12_challenge,7.0,0.0,13,8.0,1.0,teacher,2.1621085849945145,1.900001760713045,0.2621068242814695,13.737893175718531,True
3981812145,4.803921568627451,11.0,3.0625,4.0,3.1333333333333333,3.0,1.0,0.0,2.0,3.0,4.0,3.0,4.0,5.0,4.0,3.0,23,12,4.803921568627451,23.0,14.479268708240587,18.19607843137255,0.0,0.0,0.0,15.0,189.0,15.0,8.520731291759411,cost_12_random_reference,11.865866276349273,15.9681775281639,True,11.908732667611844,15.87549818451566,True,5,23.0,n5_cost_12_challenge,8.0,0.0,13,10.0,2.0,teacher,1.6003441555318847,1.900001760713045,0.0,15.0,True
89195456,4.06280193236715,12.0,2.84375,4.0,2.391304347826087,4.0,0.0,1.0,2.0,1.0,6.0,6.0,1.0,6.0,5.0,4.0,19,12,4.06280193236715,19.0,12.09927345699368,14.937198067632849,0.0,0.0,0.0,18.0,189.0,18.0,6.900726543006321,cost_12_random_reference,9.172161707815466,13.561260959051394,True,9.314907048638506,13.507811172890852,True,5,19.0,n5_cost_12_challenge,1.0,0.0,13,6.0,5.0,teacher,3.5721312302121224,1.900001760713045,1.6721294694990774,16.327870530500924,True
2945248640,3.515625,13.0,2.78125,4.0,2.5625,3.0,0.0,0.0,1.0,4.0,3.0,4.0,6.0,2.0,3.0,2.0,22,12,3.515625,22.0,13.438602609399808,18.484375,0.0,0.0,0.0,17.0,189.0,17.0,8.561397390600193,cost_12_random_reference,10.79543421250691,14.837928103027371,True,10.898201187040186,14.793225012743326,True,5,22.0,n5_cost_12_challenge,5.0,0.0,13,9.0,4.0,teacher,1.7416953157576833,1.900001760713045,0.0,17.0,True
4025724588,4.090909090909091,12.0,2.75,4.0,3.4,2.4545454545454546,0.0,0.0,2.0,4.0,3.0,4.0,6.0,2.0,2.0,2.0,21,12,4.090909090909091,21.0,12.913994358858565,16.90909090909091,0.0,0.0,0.0,16.0,189.0,16.0,8.086005641141437,cost_12_random_reference,10.330804616685857,14.357680713885037,True,10.38228555962732,14.293657714285027,True,5,21.0,n5_cost_12_challenge,5.0,0.0,13,8.0,3.0,teacher,1.5844919245082876,1.900001760713045,0.0,16.0,True
4044877919,4.4089068825910935,13.0,2.8125,4.0,3.1538461538461537,2.5789473684210527,1.0,0.0,1.0,1.0,3.0,4.0,6.0,8.0,2.0,2.0,21,12,4.4089068825910935,21.0,12.57484893615617,16.591093117408906,0.0,0.0,0.0,15.0,189.0,15.0,8.42515106384383,cost_12_random_reference,9.66404313768312,13.995854344923575,True,9.829371015045814,13.944573029416802,True,5,21.0,n5_cost_12_challenge,6.0,0.0,13,8.0,2.0,teacher,2.29695667442376,1.900001760713045,0.3969549137107151,14.603045086289285,True
3439307333,4.4089068825910935,9.0,2.65625,4.0,3.076923076923077,2.3684210526315788,1.0,0.0,3.0,3.0,5.0,3.0,7.0,3.0,5.0,1.0,18,12,4.4089068825910935,18.0,12.256991191617551,13.591093117408906,0.0,0.0,0.0,14.0,189.0,14.0,5.743008808382449,cost_12_random_reference,9.726716760678462,13.587378605854264,True,9.787897589568946,13.563094480272396,True,5,18.0,n5_cost_12_challenge,4.0,0.0,13,5.0,1.0,teacher,1.054367331773044,1.900001760713045,0.0,14.0,True
4260405667,4.063492063492063,10.0,2.78125,4.0,3.142857142857143,2.5,1.0,0.0,3.0,4.0,5.0,3.0,5.0,2.0,1.0,1.0,18,12,4.063492063492063,18.0,12.29458227011367,13.936507936507937,0.0,0.0,0.0,14.0,189.0,14.0,5.70541772988633,cost_12_random_reference,9.75856576702153,13.732959867253546,True,9.800749749015848,13.714109532756702,True,5,18.0,n5_cost_12_challenge,4.0,0.0,13,5.0,1.0,teacher,1.0900350307635787,1.900001760713045,0.0,14.0,True
2325056159,4.515625,9.0,2.8125,4.0,2.625,3.0,1.0,0.0,1.0,2.0,4.0,1.0,3.0,4.0,2.0,2.0,18,12,4.515625,18.0,11.547956275879642,13.484375,0.0,0.0,0.0,14.0,189.0,14.0,6.452043724120358,cost_12_random_reference,8.759091217154324,12.862174849817038,False,9.104285834211886,12.825112347825884,False,5,18.0,n5_cost_12_challenge,4.0,0.0,13,5.0,1.0,teacher,1.5481359561804782,1.900001760713045,0.0,14.0,True
3654353167,4.587301587301587,11.0,2.875,4.0,2.7222222222222223,3.071428571428572,1.0,1.0,1.0,1.0,5.0,1.0,7.0,5.0,3.0,3.0,23,12,4.587301587301587,23.0,13.809659117917072,18.41269841269841,0.0,0.0,0.0,15.0,189.0,15.0,9.190340882082928,cost_12_random_reference,11.0265011467011,15.28023609910561,True,11.200440922184404,15.190857972465166,True,5,23.0,n5_cost_12_challenge,8.0,0.0,13,10.0,2.0,teacher,1.9756419825676874,1.900001760713045,0.07564022185464236,14.924359778145357,True
3427585883,3.571428571428572,11.0,2.59375,5.0,2.571428571428572,2.611111111111111,1.0,0.0,2.0,2.0,5.0,1.0,8.0,4.0,3.0,1.0,19,12,3.571428571428572,19.0,11.257139859255089,15.428571428571427,0.0,0.0,0.0,15.0,189.0,15.0,7.742860140744913,cost_12_random_reference,8.529634653104917,12.672035066097934,False,8.736296297145836,12.62692457271772,False,5,19.0,n5_cost_12_challenge,4.0,0.0,13,6.0,2.0,teacher,1.9972029692237616,1.900001760713045,0.09720120851071656,14.902798791489284,True
1056505544,4.266666666666667,12.0,3.0625,4.0,3.1666666666666665,3.0,0.0,0.0,0.0,4.0,6.0,6.0,4.0,0.0,0.0,0.0,20,12,4.266666666666667,20.0,12.539233408501635,15.733333333333334,0.0,0.0,0.0,15.0,189.0,15.0,7.460766591498363,cost_12_random_reference,9.85588953534216,13.968637491507964,True,10.00665909268444,13.95596710314454,True,5,20.0,n5_cost_12_challenge,5.0,0.0,13,7.0,2.0,teacher,2.050051161909383,1.900001760713045,0.15004940119633803,14.849950598803662,True
553684228,3.571428571428572,11.0,2.5625,5.0,2.12,4.142857142857143,0.0,1.0,2.0,2.0,6.0,5.0,5.0,5.0,5.0,4.0,20,12,3.571428571428572,20.0,12.098367297658104,16.428571428571427,0.0,0.0,0.0,16.0,189.0,16.0,7.901632702341896,cost_12_random_reference,9.111292820952295,13.574608254336518,True,9.32327419360577,13.512635974215916,True,5,20.0,n5_cost_12_challenge,4.0,0.0,13,7.0,3.0,teacher,1.95034618937673,1.900001760713045,0.05034442866368494,15.949655571336315,True
296990015,4.063492063492063,12.0,2.71875,4.0,3.071428571428572,2.4444444444444446,1.0,0.0,0.0,0.0,3.0,4.0,2.0,5.0,4.0,2.0,22,12,4.063492063492063,22.0,13.605032683878711,17.936507936507937,0.0,0.0,0.0,17.0,189.0,17.0,8.394967316121289,cost_12_random_reference,10.893445194719606,15.045656192659996,True,11.069582233796748,14.972859805879342,True,5,22.0,n5_cost_12_challenge,5.0,0.0,13,9.0,4.0,teacher,2.7059193745339636,1.900001760713045,0.8059176138209185,16.194082386179083,True
2135229823,4.4089068825910935,13.0,2.78125,4.0,3.076923076923077,2.5789473684210527,1.0,0.0,0.0,1.0,4.0,5.0,4.0,5.0,3.0,4.0,22,12,4.4089068825910935,22.0,13.20125272120794,17.591093117408906,0.0,0.0,0.0,18.0,189.0,18.0,8.79874727879206,cost_12_random_reference,10.415876226121425,14.667365055110048,True,10.553213143400228,14.612573610919943,True,5,22.0,n5_cost_12_challenge,4.0,0.0,13,9.0,5.0,teacher,2.716352184585808,1.900001760713045,0.816350423872763,17.183649576127237,True
3309633440,3.515625,11.0,2.75,3.0,3.0,2.5,0.0,0.0,1.0,3.0,2.0,6.0,6.0,5.0,2.0,0.0,19,12,3.515625,19.0,10.471261854163073,15.484375,0.0,0.0,0.0,14.0,189.0,14.0,8.528738145836929,cost_12_random_reference,8.507489182544727,11.835171050615244,False,8.507188687570391,11.811110318120845,False,5,19.0,n5_cost_12_challenge,5.0,0.0,13,6.0,1.0,teacher,1.9586574914059653,1.900001760713045,0.058655730692920294,13.94134426930708,True
3490218112,3.102564102564102,11.0,2.4375,5.0,2.0384615384615383,4.166666666666667,0.0,1.0,0.0,5.0,0.0,2.0,3.0,3.0,2.0,2.0,17,12,3.102564102564102,17.0,11.15899981655116,13.897435897435898,0.0,0.0,0.0,15.0,189.0,15.0,5.841000183448839,cost_12_random_reference,8.483371871665883,12.544032043476427,False,8.679452912835735,12.52352936467112,False,5,17.0,n5_cost_12_challenge,2.0,0.0,13,4.0,2.0,teacher,2.712060244399838,1.900001760713045,0.8120584836867928,14.187941516313208,True
4129485840,3.571428571428572,12.0,2.53125,4.0,2.555555555555556,2.5,0.0,1.0,1.0,3.0,5.0,5.0,7.0,3.0,2.0,2.0,17,12,3.571428571428572,17.0,10.472647673130648,13.428571428571427,0.0,0.0,0.0,14.0,189.0,14.0,6.527352326869352,cost_12_random_reference,8.697882235537033,11.913312745424523,False,8.65755400454501,11.861606547210426,False,5,17.0,n5_cost_12_challenge,3.0,0.0,13,4.0,1.0,teacher,1.894420687916107,1.900001760713045,0.0,14.0,True
1617055342,4.587301587301587,10.0,2.8125,4.0,2.611111111111111,3.071428571428572,0.0,1.0,2.0,2.0,2.0,4.0,4.0,4.0,2.0,2.0,21,12,4.587301587301587,21.0,12.864572229266932,16.41269841269841,0.0,0.0,0.0,15.0,189.0,15.0,8.135427770733068,cost_12_random_reference,10.106828816775463,14.2762807421126,True,10.316097180743697,14.240265276599589,True,5,21.0,n5_cost_12_challenge,6.0,0.0,13,8.0,2.0,teacher,1.6325299025031954,1.900001760713045,0.0,15.0,True
4022403033,3.0727272727272728,11.0,2.46875,4.0,3.2,2.136363636363636,1.0,0.0,3.0,3.0,6.0,2.0,5.0,3.0,4.0,0.0,17,12,3.0727272727272728,17.0,11.071877159210304,13.927272727272728,0.0,0.0,0.0,15.0,189.0,15.0,5.928122840789696,cost_12_random_reference,8.584232476703786,12.442616872509683,False,8.595448162058892,12.416708119362706,False,5,17.0,n5_cost_12_challenge,2.0,0.0,13,4.0,2.0,teacher,2.3633711919247387,1.900001760713045,0.4633694312116936,14.536630568788306,True
450498650,4.4089068825910935,10.0,2.78125,4.0,2.5789473684210527,3.076923076923077,0.0,1.0,2.0,3.0,1.0,6.0,3.0,6.0,4.0,3.0,20,12,4.4089068825910935,20.0,12.376715848070802,15.591093117408906,0.0,0.0,0.0,14.0,189.0,14.0,7.623284151929198,cost_12_random_reference,9.773471004553404,13.818803297644898,True,9.743892019483752,13.785665981553343,True,5,20.0,n5_cost_12_challenge,6.0,0.0,13,7.0,1.0,teacher,1.635271977920437,1.900001760713045,0.0,14.0,True
2968979447,3.75,12.0,2.59375,4.0,3.083333333333333,2.3,1.0,0.0,0.0,1.0,3.0,2.0,1.0,5.0,2.0,1.0,18,12,3.75,18.0,11.003483082655212,14.25,0.0,0.0,0.0,14.0,189.0,14.0,6.996516917344788,cost_12_random_reference,8.319023355344294,12.42235788025932,False,8.508907725693739,12.372342580250187,False,5,18.0,n5_cost_12_challenge,4.0,0.0,13,5.0,1.0,teacher,2.900001760713045,1.900001760713045,1.0,13.0,True
3437189375,3.0727272727272728,11.0,2.5,4.0,3.3,2.136363636363636,1.0,0.0,1.0,1.0,1.0,2.0,5.0,4.0,3.0,2.0,20,12,3.0727272727272728,20.0,12.062116341783709,16.927272727272726,0.0,0.0,0.0,16.0,189.0,16.0,7.9378836582162915,cost_12_random_reference,9.315365047902098,13.433014923334468,True,9.526153079865692,13.363517778878927,True,5,20.0,n5_cost_12_challenge,4.0,0.0,13,7.0,3.0,teacher,2.283083870135821,1.900001760713045,0.3830821094227761,15.616917890577223,True
1482508876,4.063492063492063,12.0,2.78125,4.0,2.555555555555556,3.071428571428572,0.0,1.0,2.0,2.0,5.0,6.0,6.0,4.0,1.0,1.0,19,12,4.063492063492063,19.0,12.014202965553146,14.936507936507937,0.0,0.0,0.0,14.0,189.0,14.0,6.985797034446854,cost_12_random_reference,9.259919401774724,13.43197693584775,True,9.365303734625355,13.414603902524997,True,5,19.0,n5_cost_12_challenge,5.0,0.0,13,6.0,1.0,teacher,2.28154695534864,1.900001760713045,0.3815451946355948,13.618454805364404,True
1443296772,4.4089068825910935,10.0,2.84375,4.0,2.5789473684210527,3.230769230769231,0.0,1.0,1.0,2.0,5.0,9.0,6.0,4.0,4.0,2.0,20,12,4.4089068825910935,20.0,12.589139653103596,15.591093117408906,0.0,0.0,0.0,14.0,189.0,14.0,7.410860346896404,cost_12_random_reference,9.7627896354955,14.028767662425984,True,9.92872072191874,13.964930756404508,True,5,20.0,n5_cost_12_challenge,6.0,0.0,13,7.0,1.0,teacher,1.6875695410636398,1.900001760713045,0.0,14.0,True
436895246,3.571428571428572,11.0,2.625,4.0,2.555555555555556,2.7142857142857144,0.0,1.0,2.0,2.0,5.0,7.0,3.0,3.0,4.0,1.0,20,12,3.571428571428572,20.0,12.383608881818226,16.428571428571427,0.0,0.0,0.0,14.0,189.0,14.0,7.616391118181774,cost_12_random_reference,9.659386433884158,13.807679685706072,True,9.852869352690323,13.756340807150218,True,5,20.0,n5_cost_12_challenge,6.0,0.0,13,7.0,1.0,teacher,1.7465373416116852,1.900001760713045,0.0,14.0,True
825327025,3.515625,10.0,2.46875,4.0,2.5625,2.375,1.0,0.0,2.0,2.0,3.0,5.0,1.0,2.0,1.0,2.0,22,12,3.515625,22.0,13.365051676715508,18.484375,0.0,0.0,0.0,14.0,189.0,14.0,8.634948323284492,cost_12_random_reference,10.710169247324584,14.717776269585643,True,10.903110809538052,14.726401630926132,True,5,22.0,n5_cost_12_challenge,8.0,0.0,13,9.0,1.0,teacher,1.5077192739797833,1.900001760713045,0.0,14.0,True
3486512188,5.303030303030303,10.0,2.71875,4.0,3.272727272727273,2.4285714285714284,0.0,0.0,3.0,3.0,1.0,5.0,3.0,6.0,4.0,3.0,20,12,5.303030303030303,20.0,12.506685974508637,14.696969696969697,0.0,0.0,0.0,14.0,189.0,14.0,7.493314025491365,cost_12_random_reference,9.950359466671657,13.942668068466304,True,9.964785772898892,13.912168529828763,True,5,20.0,n5_cost_12_challenge,6.0,0.0,13,7.0,1.0,teacher,1.5894878393696041,1.900001760713045,0.0,14.0,True
4102046991,4.4089068825910935,13.0,3.03125,4.0,3.0,3.076923076923077,1.0,1.0,2.0,2.0,2.0,2.0,5.0,5.0,5.0,5.0,23,12,4.4089068825910935,23.0,13.531584248804489,18.591093117408906,0.0,0.0,0.0,17.0,189.0,17.0,9.468415751195511,cost_12_random_reference,10.784219705459622,14.973208830560312,True,10.927362472547369,14.91484982993279,True,5,23.0,n5_cost_12_challenge,6.0,0.0,13,10.0,4.0,teacher,2.0849848572522,1.900001760713045,0.1849830965391548,16.815016903460844,True
202276872,3.0228571428571427,11.0,2.375,5.0,2.04,3.571428571428572,0.0,1.0,0.0,3.0,3.0,6.0,5.0,5.0,2.0,2.0,20,12,3.0228571428571427,20.0,12.555716553807745,16.97714285714286,0.0,0.0,0.0,15.0,189.0,15.0,7.444283446192257,cost_12_random_reference,9.752088679902954,13.943182173396398,True,9.727064192288577,13.91617555496648,True,5,20.0,n5_cost_12_challenge,5.0,0.0,13,7.0,2.0,teacher,2.1528658692749034,1.900001760713045,0.25286410856185837,14.747135891438141,True
4138925072,3.768627450980392,11.0,2.78125,4.0,3.066666666666667,2.5294117647058822,0.0,0.0,1.0,4.0,4.0,6.0,3.0,4.0,5.0,4.0,21,12,3.768627450980392,21.0,12.42931304460276,17.231372549019607,0.0,0.0,0.0,16.0,189.0,16.0,8.570686955397239,cost_12_random_reference,9.82593100456858,13.913222320443396,True,9.933379486025258,13.845712892374928,True,5,21.0,n5_cost_12_challenge,5.0,0.0,13,8.0,3.0,teacher,1.8255388065524742,1.900001760713045,0.0,16.0,True
3371665271,5.4,15.0,2.875,4.0,3.5,2.5,1.0,0.0,0.0,0.0,3.0,3.0,1.0,6.0,2.0,3.0,31,12,5.4,31.0,17.729191182301292,25.6,0.0,0.0,0.0,18.0,189.0,18.0,13.270808817698708,cost_12_upper_tail,14.987394397357898,19.187828306347924,False,15.173087181017776,19.109903127249765,False,5,31.0,n5_cost_12_challenge,13.0,0.0,13,18.0,5.0,student,1.9291086303444553,1.7045865256933213,0.2245221046511341,17.775477895348867,True
2846074799,4.4089068825910935,12.0,2.6875,5.0,2.769230769230769,2.631578947368421,1.0,0.0,1.0,1.0,2.0,2.0,3.0,6.0,4.0,4.0,28,12,4.4089068825910935,28.0,15.44948000492828,23.591093117408906,0.0,0.0,0.0,15.0,189.0,15.0,12.55051999507172,cost_12_upper_tail,12.669999470131096,16.896053405047965,True,12.91394929526782,16.818082593778907,True,5,28.0,n5_cost_12_challenge,13.0,0.0,13,15.0,2.0,student,1.6961552421505335,1.7045865256933213,0.0,15.0,True
2415463345,5.142857142857143,15.0,3.125,4.0,3.2857142857142856,3.0,1.0,0.0,2.0,2.0,4.0,1.0,5.0,1.0,1.0,1.0,30,12,5.142857142857143,30.0,18.025957712387218,24.857142857142858,0.0,0.0,0.0,18.0,189.0,18.0,11.974042287612782,cost_12_upper_tail,15.281945870964584,19.46266767631325,False,15.483731411309709,19.41979276945448,False,5,30.0,n5_cost_12_challenge,12.0,0.0,13,17.0,5.0,student,1.6961552421505335,1.7045865256933213,0.0,18.0,True
4205983551,4.16017316017316,12.0,2.65625,4.0,3.272727272727273,2.333333333333333,1.0,0.0,1.0,3.0,3.0,4.0,3.0,6.0,3.0,3.0,27,12,4.16017316017316,27.0,15.304062680561024,22.83982683982684,0.0,0.0,0.0,15.0,189.0,15.0,11.695937319438976,cost_12_upper_tail,12.735539639841049,16.762601605837727,True,12.818983193022076,16.725042626142315,True,5,27.0,n5_cost_12_challenge,12.0,0.0,13,14.0,2.0,student,1.6961552421505335,1.7045865256933213,0.0,15.0,True
3346517708,4.266666666666667,11.0,2.75,4.0,3.25,2.45,0.0,0.0,2.0,2.0,2.0,5.0,5.0,5.0,4.0,0.0,25,12,4.266666666666667,25.0,13.34180402889228,20.733333333333334,0.0,0.0,0.0,14.0,189.0,14.0,11.65819597110772,cost_12_upper_tail,10.648751129504443,14.729095798832178,True,10.726566291586384,14.702334658343252,True,5,25.0,n5_cost_12_challenge,11.0,0.0,13,12.0,1.0,student,1.6961552421505335,1.7045865256933213,0.0,14.0,True
859189964,5.368627450980392,13.0,2.84375,4.0,2.647058823529412,3.066666666666667,0.0,1.0,1.0,3.0,6.0,7.0,5.0,5.0,4.0,1.0,27,12,5.368627450980392,27.0,15.34822613288572,21.63137254901961,0.0,0.0,0.0,14.0,189.0,14.0,11.65177386711428,cost_12_upper_tail,12.64938770961049,16.774651513497872,True,12.673656715229637,16.737538599541796,True,5,27.0,n5_cost_12_challenge,13.0,0.0,13,14.0,1.0,student,1.6961552421505335,1.7045865256933213,0.0,14.0,True
4277242000,4.0,15.0,2.84375,4.0,3.0625,2.625,0.0,0.0,2.0,5.0,7.0,3.0,4.0,1.0,4.0,5.0,28,12,4.0,28.0,16.382301310790602,24.0,0.0,0.0,0.0,16.0,189.0,16.0,11.617698689209398,cost_12_upper_tail,13.795463874687195,17.895528193940827,False,13.922458372022287,17.777582322706653,False,5,28.0,n5_cost_12_challenge,12.0,0.0,13,15.0,3.0,student,1.6961552421505335,1.7045865256933213,0.0,16.0,True
520946967,3.571428571428572,13.0,2.5,4.0,2.388888888888889,2.642857142857143,1.0,1.0,0.0,1.0,7.0,2.0,3.0,2.0,1.0,3.0,27,12,3.571428571428572,27.0,15.54050053228066,23.428571428571427,0.0,0.0,0.0,18.0,189.0,18.0,11.45949946771934,cost_12_upper_tail,12.664744727385113,17.00625923710996,True,13.056702191896342,16.9505822281871,False,5,27.0,n5_cost_12_challenge,9.0,0.0,13,14.0,5.0,student,2.7045865256933213,1.7045865256933213,1.0,17.0,True
3743342384,4.266666666666667,11.0,2.71875,4.0,3.333333333333333,2.35,0.0,0.0,2.0,2.0,4.0,6.0,6.0,4.0,3.0,0.0,25,12,4.266666666666667,25.0,13.615836784441283,20.733333333333334,0.0,0.0,0.0,14.0,189.0,14.0,11.384163215558717,cost_12_upper_tail,10.973452754720082,15.02271107258059,True,11.019112477109893,14.99014113768212,True,5,25.0,n5_cost_12_challenge,11.0,0.0,13,12.0,1.0,student,1.6961552421505335,1.7045865256933213,0.0,14.0,True
1462766328,5.142857142857143,12.0,3.125,4.0,3.0,3.2857142857142856,0.0,1.0,1.0,1.0,4.0,6.0,6.0,4.0,3.0,0.0,26,12,5.142857142857143,26.0,14.631674365037902,20.857142857142858,0.0,0.0,0.0,16.0,189.0,16.0,11.368325634962098,cost_12_upper_tail,11.837174490249662,16.049944396238974,True,11.983203589098505,16.001845407770045,True,5,26.0,n5_cost_12_challenge,10.0,0.0,13,13.0,3.0,student,1.6961552421505335,1.7045865256933213,0.0,16.0,True
4002019737,5.5425101214574894,13.0,2.9375,4.0,3.3846153846153846,2.631578947368421,1.0,0.0,2.0,4.0,2.0,1.0,5.0,4.0,3.0,5.0,26,12,5.5425101214574894,26.0,14.721612093117672,20.45748987854251,0.0,0.0,0.0,16.0,189.0,16.0,11.278387906882328,cost_12_upper_tail,12.106912795363169,16.170309057254286,True,12.226833779129525,16.101549182812533,True,5,26.0,n5_cost_12_challenge,10.0,0.0,13,13.0,3.0,student,1.6961552421505335,1.7045865256933213,0.0,16.0,True
4048822036,4.803921568627451,13.0,2.84375,4.0,2.588235294117647,3.1333333333333333,0.0,1.0,3.0,3.0,4.0,6.0,5.0,8.0,5.0,2.0,27,12,4.803921568627451,27.0,15.88912860736088,22.19607843137255,0.0,0.0,0.0,18.0,189.0,18.0,11.11087139263912,cost_12_upper_tail,13.149936781579598,17.320248967187503,False,13.101230255263255,17.2748530578694,False,5,27.0,n5_cost_12_challenge,9.0,0.0,13,14.0,5.0,student,1.6961552421505335,1.7045865256933213,0.0,18.0,True
1381003818,4.266666666666667,11.0,2.8125,4.0,2.6,3.1666666666666665,0.0,1.0,1.0,2.0,3.0,5.0,6.0,4.0,2.0,0.0,24,12,4.266666666666667,24.0,12.91045249060575,19.733333333333334,0.0,0.0,0.0,14.0,189.0,14.0,11.08954750939425,cost_12_upper_tail,10.100283571719016,14.332917879122274,True,10.317964679846128,14.281664335829468,True,5,24.0,n5_cost_12_challenge,10.0,0.0,13,11.0,1.0,student,1.6961552421505335,1.7045865256933213,0.0,14.0,True
4114057898,4.587301587301587,12.0,2.9375,4.0,2.857142857142857,3.0,0.0,0.0,2.0,2.0,1.0,3.0,4.0,6.0,4.0,0.0,26,12,4.587301587301587,26.0,14.924335633966963,21.41269841269841,0.0,0.0,0.0,15.0,189.0,15.0,11.075664366033037,cost_12_upper_tail,12.161656451565648,16.326697483239784,True,12.299826684276567,16.277550616149053,True,5,26.0,n5_cost_12_challenge,11.0,0.0,13,13.0,2.0,student,1.6961552421505335,1.7045865256933213,0.0,15.0,True
2776925678,5.368627450980392,14.0,3.0625,4.0,3.0588235294117645,3.066666666666667,0.0,1.0,3.0,2.0,4.0,6.0,4.0,8.0,4.0,4.0,27,12,5.368627450980392,27.0,16.006969197630912,21.63137254901961,0.0,0.0,0.0,16.0,189.0,16.0,10.993030802369088,cost_12_upper_tail,13.167592230314108,17.476977660586012,False,13.21081385506954,17.40849289612736,False,5,27.0,n5_cost_12_challenge,11.0,0.0,13,14.0,3.0,student,1.6961552421505335,1.7045865256933213,0.0,16.0,True
682114238,4.270588235294118,12.0,2.75,3.0,2.5294117647058822,3.0,0.0,1.0,3.0,3.0,6.0,4.0,3.0,4.0,4.0,5.0,25,12,4.270588235294118,25.0,14.174634092479453,20.729411764705883,0.0,0.0,0.0,18.0,189.0,18.0,10.825365907520547,cost_12_upper_tail,11.636370289151294,15.672018613608348,True,11.722741056833232,15.59810404440904,True,5,25.0,n5_cost_12_challenge,7.0,0.0,13,12.0,5.0,student,1.6961552421505335,1.7045865256933213,0.0,18.0,True
2306969559,4.515625,12.0,3.0625,4.0,3.125,3.0,1.0,0.0,0.0,1.0,6.0,1.0,4.0,5.0,2.0,3.0,25,12,4.515625,25.0,14.17722399811945,20.484375,0.0,0.0,0.0,16.0,189.0,16.0,10.82277600188055,cost_12_upper_tail,11.364336397876402,15.646902573257297,True,11.546548916229114,15.55807525846266,True,5,25.0,n5_cost_12_challenge,9.0,0.0,13,12.0,3.0,student,2.7045865256933213,1.7045865256933213,1.0,15.0,True
4054947735,5.5425101214574894,12.0,2.90625,4.0,3.3846153846153846,2.5789473684210527,1.0,0.0,0.0,2.0,5.0,2.0,2.0,6.0,3.0,4.0,25,12,5.5425101214574894,25.0,14.29363219731035,19.45748987854251,0.0,0.0,0.0,17.0,189.0,17.0,10.70636780268965,cost_12_upper_tail,11.506247104091477,15.75788699520498,True,11.76353175557738,15.673257763853474,True,5,25.0,n5_cost_12_challenge,8.0,0.0,13,12.0,4.0,student,2.7045865256933213,1.7045865256933213,1.0,16.0,True
3452458272,3.890688259109312,12.0,3.0625,5.0,3.0,3.1538461538461537,0.0,1.0,1.0,4.0,2.0,4.0,6.0,6.0,2.0,3.0,24,12,3.890688259109312,24.0,13.306737833897444,20.10931174089069,0.0,0.0,0.0,17.0,189.0,17.0,10.693262166102556,cost_12_upper_tail,10.62215386493415,14.766101742818051,True,10.66762579809497,14.73286493516228,True,5,24.0,n5_cost_12_challenge,7.0,0.0,13,11.0,4.0,student,1.6961552421505335,1.7045865256933213,0.0,17.0,True
711649472,4.4089068825910935,13.0,2.78125,4.0,2.473684210526316,3.230769230769231,0.0,1.0,0.0,5.0,2.0,7.0,2.0,2.0,4.0,3.0,26,12,4.4089068825910935,26.0,15.323638091463684,21.591093117408906,0.0,0.0,0.0,16.0,189.0,16.0,10.676361908536316,cost_12_upper_tail,12.660205841828608,16.769209928676098,True,12.760280664328048,16.75202005695955,True,5,26.0,n5_cost_12_challenge,10.0,0.0,13,13.0,3.0,student,1.9291086303444553,1.7045865256933213,0.2245221046511341,15.775477895348866,True
1403680672,4.515625,11.0,2.8125,4.0,2.625,3.0,0.0,0.0,1.0,3.0,2.0,6.0,5.0,4.0,2.0,0.0,23,12,4.515625,23.0,12.39322176912571,18.484375,0.0,0.0,0.0,14.0,189.0,14.0,10.60677823087429,cost_12_upper_tail,9.697609262389305,13.804647353896543,True,9.778188932811924,13.773141590667889,True,5,23.0,n5_cost_12_challenge,9.0,0.0,13,10.0,1.0,student,1.6961552421505335,1.7045865256933213,0.0,14.0,True
118977636,5.142857142857143,12.0,2.90625,4.0,2.611111111111111,3.2857142857142856,0.0,1.0,2.0,0.0,4.0,5.0,4.0,5.0,2.0,1.0,26,12,5.142857142857143,26.0,15.480917011751984,20.857142857142858,0.0,0.0,0.0,16.0,189.0,16.0,10.519082988248016,cost_12_upper_tail,12.74110284359976,16.89822174932044,True,12.823779977885671,16.85558651540211,True,5,26.0,n5_cost_12_challenge,10.0,0.0,13,13.0,3.0,student,1.6961552421505335,1.7045865256933213,0.0,16.0,True
2948467246,3.571428571428572,13.0,2.6875,4.0,3.071428571428572,2.388888888888889,0.0,0.0,2.0,2.0,5.0,3.0,6.0,5.0,2.0,2.0,25,12,3.571428571428572,25.0,14.510288305045515,21.428571428571427,0.0,0.0,0.0,16.0,189.0,16.0,10.489711694954485,cost_12_upper_tail,11.829346197155026,15.935344802715797,True,11.89702929151914,15.887674484088652,True,5,25.0,n5_cost_12_challenge,9.0,0.0,13,12.0,3.0,student,1.6961552421505335,1.7045865256933213,0.0,16.0,True
250891980,4.0,12.0,3.03125,4.0,3.0625,3.0,0.0,0.0,1.0,1.0,2.0,7.0,5.0,4.0,2.0,0.0,23,12,4.0,23.0,12.51678584562583,19.0,0.0,0.0,0.0,15.0,189.0,15.0,10.48321415437417,cost_12_upper_tail,9.706798829614112,13.919929580057504,True,9.861840852701974,13.879928438345058,True,5,23.0,n5_cost_12_challenge,8.0,0.0,13,10.0,2.0,student,1.6961552421505335,1.7045865256933213,0.0,15.0,True
3114401205,4.266666666666667,12.0,2.8125,4.0,3.1666666666666665,2.6,1.0,0.0,1.0,2.0,4.0,2.0,6.0,3.0,1.0,4.0,25,12,4.266666666666667,25.0,14.569168068183972,20.733333333333334,0.0,0.0,0.0,14.0,189.0,14.0,10.430831931816028,cost_12_upper_tail,11.736724521363405,16.051472273460462,True,12.007325808378663,15.969306262696842,True,5,25.0,n5_cost_12_challenge,11.0,0.0,13,12.0,1.0,student,1.6961552421505335,1.7045865256933213,0.0,14.0,True
2769627690,5.5425101214574894,11.0,2.84375,4.0,2.5789473684210527,3.230769230769231,0.0,1.0,2.0,3.0,0.0,3.0,3.0,8.0,2.0,2.0,25,12,5.5425101214574894,25.0,14.570031498805436,19.45748987854251,0.0,0.0,0.0,15.0,189.0,15.0,10.429968501194564,cost_12_upper_tail,11.88411135857548,15.998707847045983,True,11.951180352909269,15.967043458514675,True,5,25.0,n5_cost_12_challenge,10.0,0.0,13,12.0,2.0,student,1.6961552421505335,1.7045865256933213,0.0,15.0,True
241043582,3.768627450980392,12.0,2.78125,4.0,2.5294117647058822,3.066666666666667,0.0,1.0,3.0,3.0,6.0,6.0,5.0,6.0,4.0,4.0,25,12,3.768627450980392,25.0,14.574390559580872,21.231372549019607,0.0,0.0,0.0,15.0,189.0,15.0,10.425609440419128,cost_12_upper_tail,11.890569508061718,16.041466298974075,True,11.810768058793002,15.994842922022526,True,5,25.0,n5_cost_12_challenge,10.0,0.0,13,12.0,2.0,student,1.6961552421505335,1.7045865256933213,0.0,15.0,True
3439933187,4.587301587301587,12.0,2.78125,4.0,2.555555555555556,3.071428571428572,1.0,1.0,2.0,1.0,4.0,1.0,3.0,3.0,1.0,1.0,25,12,4.587301587301587,25.0,14.595364783558791,20.41269841269841,0.0,0.0,0.0,18.0,189.0,18.0,10.404635216441209,cost_12_upper_tail,11.900716207195774,16.02899586570014,True,12.170348746582452,15.991020640299707,True,5,25.0,n5_cost_12_challenge,7.0,0.0,13,12.0,5.0,student,1.6961552421505335,1.7045865256933213,0.0,18.0,True
2947583994,4.266666666666667,12.0,2.8125,4.0,3.1666666666666665,2.6,0.0,0.0,3.0,2.0,3.0,2.0,4.0,5.0,3.0,2.0,24,12,4.266666666666667,24.0,13.61101941922928,19.733333333333334,0.0,0.0,0.0,14.0,189.0,14.0,10.38898058077072,cost_12_upper_tail,10.87063250419095,15.03747778989968,True,11.015993746923172,14.968133539625809,True,5,24.0,n5_cost_12_challenge,10.0,0.0,13,11.0,1.0,student,1.6961552421505335,1.7045865256933213,0.0,14.0,True
4091982574,4.16017316017316,13.0,2.71875,4.0,3.272727272727273,2.4285714285714284,0.0,0.0,2.0,3.0,4.0,5.0,6.0,6.0,3.0,2.0,25,12,4.16017316017316,25.0,14.635012575754002,20.83982683982684,0.0,0.0,0.0,14.0,189.0,14.0,10.364987424245998,cost_12_upper_tail,12.011264921930984,16.05464327926543,True,12.013653965187258,16.017726854492146,True,5,25.0,n5_cost_12_challenge,11.0,0.0,13,12.0,1.0,student,1.6961552421505335,1.7045865256933213,0.0,14.0,True
301662226,3.155844155844156,12.0,2.5,4.0,2.142857142857143,3.1818181818181817,0.0,1.0,3.0,2.0,7.0,6.0,3.0,6.0,3.0,5.0,25,12,3.155844155844156,25.0,14.680619081456424,21.844155844155843,0.0,0.0,0.0,17.0,189.0,17.0,10.319380918543576,cost_12_upper_tail,11.708162915134816,16.105693075058753,True,11.896330185683889,16.028559081744536,True,5,25.0,n5_cost_12_challenge,8.0,0.0,13,12.0,4.0,student,1.6961552421505335,1.7045865256933213,0.0,17.0,True
2877403075,4.270588235294118,13.0,2.8125,4.0,3.066666666666667,2.588235294117647,1.0,0.0,2.0,2.0,2.0,3.0,6.0,5.0,2.0,4.0,24,12,4.270588235294118,24.0,13.717631346799228,19.729411764705883,0.0,0.0,0.0,16.0,189.0,16.0,10.282368653200772,cost_12_upper_tail,10.952209547060171,15.162150716757427,True,11.08852066710214,15.09159205798024,True,5,24.0,n5_cost_12_challenge,8.0,0.0,13,11.0,3.0,student,1.6961552421505335,1.7045865256933213,0.0,16.0,True
3035555052,3.890688259109312,13.0,2.65625,5.0,3.1538461538461537,2.3157894736842106,0.0,0.0,1.0,4.0,2.0,7.0,6.0,5.0,4.0,2.0,23,12,3.890688259109312,23.0,12.738712852214457,19.10931174089069,0.0,0.0,0.0,17.0,189.0,17.0,10.261287147785543,cost_12_upper_tail,10.14366555254113,14.132404465363033,True,10.088031166369774,14.112074083979676,True,5,23.0,n5_cost_12_challenge,6.0,0.0,13,10.0,4.0,student,1.6961552421505335,1.7045865256933213,0.0,17.0,True
3120721952,3.5636363636363635,12.0,2.5,4.0,2.136363636363636,3.3,0.0,1.0,0.0,4.0,3.0,4.0,3.0,4.0,3.0,1.0,24,12,3.5636363636363635,24.0,13.749247318757616,20.436363636363637,0.0,0.0,0.0,16.0,189.0,16.0,10.250752681242384,cost_12_upper_tail,10.988720793691842,15.147826167363808,True,11.266979203896812,15.123984664091855,True,5,24.0,n5_cost_12_challenge,8.0,0.0,13,11.0,3.0,student,1.9291086303444553,1.7045865256933213,0.2245221046511341,15.775477895348866,True
3140656922,4.063492063492063,13.0,3.0625,4.0,3.142857142857143,3.0,0.0,0.0,3.0,2.0,3.0,4.0,5.0,6.0,2.0,2.0,26,12,4.063492063492063,26.0,15.753570626776767,21.936507936507937,0.0,0.0,0.0,17.0,189.0,17.0,10.246429373223233,cost_12_upper_tail,12.928996538888727,17.176093591944998,True,13.0737813168892,17.118312582398314,False,5,26.0,n5_cost_12_challenge,9.0,0.0,13,13.0,4.0,student,1.6961552421505335,1.7045865256933213,0.0,17.0,True
4200382076,4.714285714285714,13.0,2.9375,5.0,3.5454545454545454,2.619047619047619,0.0,0.0,2.0,4.0,2.0,5.0,6.0,8.0,5.0,3.0,25,12,4.714285714285714,25.0,14.790257733767394,20.285714285714285,0.0,0.0,0.0,17.0,189.0,17.0,10.209742266232606,cost_12_upper_tail,12.09586026811085,16.227232056938842,True,12.083637643956308,16.202293187749156,True,5,25.0,n5_cost_12_challenge,8.0,0.0,13,12.0,4.0,student,1.6961552421505335,1.7045865256933213,0.0,17.0,True
255483808,5.0625,11.0,2.875,4.0,3.0,2.75,0.0,0.0,1.0,2.0,3.0,7.0,2.0,3.0,2.0,0.0,24,12,5.0625,24.0,13.79735577742866,18.9375,0.0,0.0,0.0,15.0,189.0,15.0,10.20264422257134,cost_12_upper_tail,10.995544068613494,15.222144487027675,True,11.258724993140362,15.165342633394438,True,5,24.0,n5_cost_12_challenge,9.0,0.0,13,11.0,2.0,student,1.6961552421505335,1.7045865256933213,0.0,15.0,True
3235217443,4.16017316017316,13.0,2.75,4.0,2.4285714285714284,3.363636363636364,1.0,1.0,3.0,3.0,7.0,2.0,8.0,6.0,2.0,2.0,24,12,4.16017316017316,24.0,13.805013805737415,19.83982683982684,0.0,0.0,0.0,17.0,189.0,17.0,10.194986194262585,cost_12_upper_tail,10.99133956465306,15.232384214972852,True,11.126377839898868,15.198853721237509,True,5,24.0,n5_cost_12_challenge,7.0,0.0,13,11.0,4.0,student,1.6961552421505335,1.7045865256933213,0.0,17.0,True
3231707583,4.266666666666667,12.0,2.84375,4.0,3.25,2.6,1.0,0.0,0.0,1.0,4.0,3.0,6.0,5.0,2.0,2.0,24,12,4.266666666666667,24.0,13.822305180376798,19.733333333333334,0.0,0.0,0.0,16.0,189.0,16.0,10.177694819623202,cost_12_upper_tail,11.000781823658286,15.253433553022848,True,11.176055262166289,15.19761662659231,True,5,24.0,n5_cost_12_challenge,8.0,0.0,13,11.0,3.0,student,1.9291086303444553,1.7045865256933213,0.2245221046511341,15.775477895348866,True
4067881548,4.587301587301587,12.0,2.875,4.0,3.2142857142857144,2.611111111111111,0.0,0.0,1.0,3.0,5.0,5.0,7.0,4.0,2.0,0.0,24,12,4.587301587301587,24.0,13.83316207938072,19.41269841269841,0.0,0.0,0.0,14.0,189.0,14.0,10.16683792061928,cost_12_upper_tail,11.134199893920089,15.260982261618144,True,11.286349445139598,15.2230208019582,True,5,24.0,n5_cost_12_challenge,10.0,0.0,13,11.0,1.0,student,1.6961552421505335,1.7045865256933213,0.0,14.0,True
4283888718,4.714285714285714,13.0,2.78125,4.0,3.636363636363636,2.333333333333333,0.0,0.0,2.0,4.0,6.0,7.0,6.0,7.0,3.0,2.0,24,12,4.714285714285714,24.0,13.8422283087316,19.285714285714285,0.0,0.0,0.0,17.0,189.0,17.0,10.1577716912684,cost_12_upper_tail,11.213905549494822,15.251207011267796,True,11.10272597760212,15.234556985508505,True,5,24.0,n5_cost_12_challenge,7.0,0.0,13,11.0,4.0,student,1.6961552421505335,1.7045865256933213,0.0,17.0,True
3174898965,3.571428571428572,11.0,2.65625,4.0,3.0,2.388888888888889,1.0,0.0,1.0,2.0,1.0,1.0,4.0,3.0,2.0,2.0,23,12,3.571428571428572,23.0,12.866112082448922,19.428571428571427,0.0,0.0,0.0,15.0,189.0,15.0,10.133887917551078,cost_12_upper_tail,10.11790511841276,14.26925483321892,True,10.361087656455016,14.215571276469374,True,5,23.0,n5_cost_12_challenge,8.0,0.0,13,10.0,2.0,student,1.6961552421505335,1.7045865256933213,0.0,15.0,True
50275564,3.515625,12.0,2.71875,4.0,3.0,2.4375,0.0,0.0,2.0,3.0,3.0,7.0,5.0,4.0,4.0,1.0,24,12,3.515625,24.0,13.883774963914982,20.484375,0.0,0.0,0.0,17.0,189.0,17.0,10.116225036085018,cost_12_upper_tail,11.347119804721345,15.255181351380106,True,11.309962868980652,15.208051657426754,True,5,24.0,n5_cost_12_challenge,7.0,0.0,13,11.0,4.0,student,1.6961552421505335,1.7045865256933213,0.0,17.0,True
2860522042,4.266666666666667,11.0,2.71875,4.0,2.35,3.333333333333333,0.0,1.0,2.0,2.0,4.0,3.0,4.0,4.0,3.0,2.0,25,12,4.266666666666667,25.0,14.914410397927108,20.733333333333334,0.0,0.0,0.0,14.0,189.0,14.0,10.085589602072892,cost_12_upper_tail,12.007855681259596,16.350251214925155,True,12.30206561724922,16.288924325212047,True,5,25.0,n5_cost_12_challenge,11.0,0.0,13,12.0,1.0,student,1.6961552421505335,1.7045865256933213,0.0,14.0,True
3221684327,4.090909090909091,12.0,2.6875,4.0,2.363636363636364,3.4,1.0,1.0,2.0,0.0,4.0,1.0,6.0,5.0,2.0,1.0,23,12,4.090909090909091,23.0,12.92802919145088,18.90909090909091,0.0,0.0,0.0,14.0,189.0,14.0,10.07197080854912,cost_12_upper_tail,10.01198136593784,14.346480385810173,True,10.250744155008096,14.30568033681515,True,5,23.0,n5_cost_12_challenge,9.0,0.0,13,10.0,1.0,student,1.6961552421505335,1.7045865256933213,0.0,14.0,True
483924730,4.515625,12.0,3.03125,4.0,3.0,3.0625,0.0,0.0,2.0,3.0,2.0,6.0,4.0,3.0,4.0,2.0,26,12,4.515625,26.0,15.93308299741769,21.484375,0.0,0.0,0.0,16.0,189.0,16.0,10.06691700258231,cost_12_upper_tail,13.300925277483998,17.33258100365045,False,13.355501197493558,17.30852023849542,False,5,26.0,n5_cost_12_challenge,10.0,0.0,13,13.0,3.0,student,1.6961552421505335,1.7045865256933213,0.0,16.0,True
1600843434,4.266666666666667,12.0,2.75,4.0,3.25,2.45,0.0,0.0,1.0,3.0,2.0,7.0,4.0,0.0,3.0,2.0,24,12,4.266666666666667,24.0,13.937900262789846,19.733333333333334,0.0,0.0,0.0,14.0,189.0,14.0,10.062099737210154,cost_12_upper_tail,11.283694784840574,15.343584445047254,True,11.423146450547414,15.312984828187686,True,5,24.0,n5_cost_12_challenge,10.0,0.0,13,11.0,1.0,student,1.6961552421505335,1.7045865256933213,0.0,14.0,True
33426154,3.768627450980392,13.0,2.59375,5.0,2.588235294117647,2.6,0.0,1.0,1.0,3.0,4.0,8.0,5.0,6.0,4.0,1.0,25,12,3.768627450980392,25.0,14.94785081442333,21.231372549019607,0.0,0.0,0.0,16.0,189.0,16.0,10.05214918557667,cost_12_upper_tail,12.223099618042744,16.37400074862041,True,12.254060529403464,16.333074911438043,True,5,25.0,n5_cost_12_challenge,9.0,0.0,13,12.0,3.0,student,1.6961552421505335,1.7045865256933213,0.0,16.0,True
231854591,4.959514170040486,13.0,2.9375,4.0,3.3076923076923075,2.6842105263157894,1.0,0.0,0.0,2.0,4.0,4.0,6.0,6.0,3.0,4.0,24,12,4.959514170040486,24.0,13.97923742760928,19.040485829959515,0.0,0.0,0.0,18.0,189.0,18.0,10.02076257239072,cost_12_upper_tail,11.146958899543613,15.447906496960488,True,11.348409771035794,15.387468402959122,True,5,24.0,n5_cost_12_challenge,6.0,0.0,13,11.0,5.0,student,1.9291086303444553,1.7045865256933213,0.2245221046511341,17.775477895348867,True
2375008050,4.4089068825910935,13.0,3.0625,4.0,3.1538461538461537,3.0,0.0,0.0,4.0,2.0,7.0,6.0,7.0,7.0,1.0,5.0,25,12,4.4089068825910935,25.0,15.030797101309505,20.591093117408906,0.0,0.0,0.0,17.0,189.0,17.0,9.969202898690495,cost_12_upper_tail,12.17255108682109,16.486427269901135,True,12.221275326539716,16.463583885309113,True,5,25.0,n5_cost_12_challenge,8.0,0.0,13,12.0,4.0,student,1.6961552421505335,1.7045865256933213,0.0,17.0,True
4010026820,3.571428571428572,12.0,2.6875,4.0,2.388888888888889,3.071428571428572,0.0,1.0,2.0,3.0,3.0,3.0,2.0,5.0,2.0,2.0,24,12,3.571428571428572,24.0,14.04097764293926,20.428571428571427,0.0,0.0,0.0,14.0,189.0,14.0,9.95902235706074,cost_12_upper_tail,11.288930134881412,15.464032009158164,True,11.423297523134174,15.426876215124429,True,5,24.0,n5_cost_12_challenge,10.0,0.0,13,11.0,1.0,student,1.6961552421505335,1.7045865256933213,0.0,14.0,True
3758289183,4.587301587301587,11.0,3.03125,4.0,3.0,3.071428571428572,1.0,1.0,1.0,2.0,5.0,0.0,5.0,4.0,1.0,2.0,24,12,4.587301587301587,24.0,14.085286856140796,19.41269841269841,0.0,0.0,0.0,18.0,189.0,18.0,9.914713143859204,cost_12_upper_tail,11.269576897378167,15.516202897246789,True,11.514214674382892,15.48354108843536,True,5,24.0,n5_cost_12_challenge,6.0,0.0,13,11.0,5.0,student,1.6961552421505335,1.7045865256933213,0.0,18.0,True
475983598,4.266666666666667,11.0,2.625,4.0,3.1666666666666665,2.3,0.0,0.0,2.0,2.0,2.0,7.0,2.0,4.0,4.0,1.0,24,12,4.266666666666667,24.0,14.095590001726134,19.733333333333334,0.0,0.0,0.0,15.0,189.0,15.0,9.904409998273866,cost_12_upper_tail,11.457056703430792,15.481714050612704,True,11.60462246528483,15.455785484039842,True,5,24.0,n5_cost_12_challenge,9.0,0.0,13,11.0,2.0,student,1.6961552421505335,1.7045865256933213,0.0,15.0,True
3960341708,3.890688259109312,13.0,2.6875,4.0,2.3684210526315788,3.1538461538461537,0.0,1.0,1.0,3.0,1.0,6.0,6.0,5.0,3.0,2.0,23,12,3.890688259109312,23.0,13.113402036439066,19.10931174089069,0.0,0.0,0.0,16.0,189.0,16.0,9.886597963560934,cost_12_upper_tail,10.240757626068952,14.513194578975464,True,10.31041168286114,14.484157588004582,True,5,23.0,n5_cost_12_challenge,7.0,0.0,13,10.0,3.0,student,1.6961552421505335,1.7045865256933213,0.0,16.0,True
3620389058,4.270588235294118,13.0,2.90625,4.0,3.0588235294117645,2.7333333333333334,0.0,1.0,1.0,5.0,5.0,7.0,4.0,4.0,5.0,2.0,24,12,4.270588235294118,24.0,14.13963643527731,19.729411764705883,0.0,0.0,0.0,17.0,189.0,17.0,9.86036356472269,cost_12_upper_tail,11.465055802011896,15.578690306920404,True,11.56672848971976,15.529155118050612,True,5,24.0,n5_cost_12_challenge,7.0,0.0,13,11.0,4.0,student,1.6961552421505335,1.7045865256933213,0.0,17.0,True
4293387682,4.090909090909091,13.0,2.75,4.0,3.6,2.363636363636364,0.0,0.0,3.0,4.0,5.0,4.0,5.0,2.0,2.0,4.0,25,12,4.090909090909091,25.0,15.140749450601673,20.90909090909091,0.0,0.0,0.0,16.0,189.0,16.0,9.859250549398327,cost_12_upper_tail,12.607035383777788,16.628982924387525,True,12.636189682636772,16.565542540069213,True,5,25.0,n5_cost_12_challenge,9.0,0.0,13,12.0,3.0,student,1.6961552421505335,1.7045865256933213,0.0,16.0,True
4220035020,3.890688259109312,12.0,2.625,5.0,2.6923076923076925,2.5789473684210527,0.0,0.0,2.0,3.0,2.0,5.0,3.0,7.0,2.0,3.0,23,12,3.890688259109312,23.0,13.168375630558163,19.10931174089069,0.0,0.0,0.0,16.0,189.0,16.0,9.831624369441837,cost_12_upper_tail,10.477815842380316,14.613232990562524,True,10.510223949144336,14.585697200076122,True,5,23.0,n5_cost_12_challenge,7.0,0.0,13,10.0,3.0,student,1.6961552421505335,1.7045865256933213,0.0,16.0,True
2290299767,4.803921568627451,11.0,2.875,4.0,3.0588235294117645,2.6666666666666665,1.0,1.0,0.0,1.0,5.0,1.0,4.0,7.0,3.0,4.0,24,12,4.803921568627451,24.0,14.188422577865882,19.19607843137255,0.0,0.0,0.0,15.0,189.0,15.0,9.811577422134118,cost_12_upper_tail,11.336822368777598,15.654136903192196,True,11.504083984405137,15.567565839836604,True,5,24.0,n5_cost_12_challenge,9.0,0.0,13,11.0,2.0,student,2.7045865256933213,1.7045865256933213,1.0,14.0,True
100564940,4.816666666666666,12.0,2.8125,4.0,3.1666666666666665,2.6,0.0,0.0,2.0,1.0,3.0,7.0,3.0,3.0,4.0,1.0,25,12,4.816666666666666,25.0,15.206328420456884,20.183333333333334,0.0,0.0,0.0,14.0,189.0,14.0,9.793671579543116,cost_12_upper_tail,12.47485528134928,16.629992375069158,True,12.675178841436477,16.571046028500337,True,5,25.0,n5_cost_12_challenge,11.0,0.0,13,12.0,1.0,student,1.6961552421505335,1.7045865256933213,0.0,14.0,True
150879982,3.890688259109312,13.0,2.6875,4.0,3.076923076923077,2.421052631578948,0.0,0.0,2.0,2.0,3.0,8.0,5.0,6.0,4.0,2.0,23,12,3.890688259109312,23.0,13.206790000727306,19.10931174089069,0.0,0.0,0.0,16.0,189.0,16.0,9.793209999272694,cost_12_upper_tail,10.48266251889822,14.625328772762876,True,10.495524946737966,14.569635694245976,True,5,23.0,n5_cost_12_challenge,7.0,0.0,13,10.0,3.0,student,1.6961552421505335,1.7045865256933213,0.0,16.0,True
4040291711,3.6406926406926408,12.0,2.59375,5.0,3.272727272727273,2.238095238095238,1.0,0.0,0.0,1.0,4.0,0.0,6.0,4.0,6.0,3.0,22,12,3.6406926406926408,22.0,12.21108090906782,18.35930735930736,0.0,0.0,0.0,17.0,189.0,17.0,9.78891909093218,cost_12_upper_tail,9.492266331959703,13.702884777256,True,9.714076877936328,13.589839123010794,True,5,22.0,n5_cost_12_challenge,5.0,0.0,13,9.0,4.0,student,1.9291086303444553,1.7045865256933213,0.2245221046511341,16.775477895348867,True
16519848,4.16017316017316,13.0,2.75,5.0,2.4285714285714284,3.363636363636364,0.0,1.0,0.0,4.0,6.0,7.0,8.0,5.0,4.0,1.0,23,12,4.16017316017316,23.0,13.235222491977517,18.83982683982684,0.0,0.0,0.0,14.0,189.0,14.0,9.764777508022483,cost_12_upper_tail,10.432458184216998,14.652344269508024,True,10.46339889160868,14.622050744960749,True,5,23.0,n5_cost_12_challenge,9.0,0.0,13,10.0,1.0,student,2.7045865256933213,1.7045865256933213,1.0,13.0,True
3723746866,4.714285714285714,11.0,2.9375,4.0,3.4545454545454546,2.6666666666666665,0.0,0.0,3.0,3.0,7.0,5.0,5.0,5.0,6.0,2.0,26,12,4.714285714285714,26.0,16.245338566043664,21.285714285714285,0.0,0.0,0.0,14.0,189.0,14.0,9.754661433956336,cost_12_upper_tail,13.6107665212501,17.679890206488913,False,13.62549479257855,17.63447976799942,False,5,26.0,n5_cost_12_challenge,12.0,0.0,13,13.0,1.0,student,1.6961552421505335,1.7045865256933213,0.0,14.0,True
3381643274,4.063492063492063,12.0,2.8125,4.0,2.611111111111111,3.071428571428572,0.0,1.0,2.0,3.0,4.0,5.0,5.0,5.0,4.0,2.0,25,12,4.063492063492063,25.0,15.24799051791558,20.936507936507937,0.0,0.0,0.0,15.0,189.0,15.0,9.75200948208442,cost_12_upper_tail,12.619066258539355,16.687762654507367,True,12.6211466386028,16.633903154902608,True,5,25.0,n5_cost_12_challenge,10.0,0.0,13,12.0,2.0,student,1.6961552421505335,1.7045865256933213,0.0,15.0,True
1954298104,4.270588235294118,10.0,2.75,4.0,2.8,2.7058823529411766,0.0,0.0,1.0,3.0,2.0,8.0,4.0,4.0,3.0,2.0,24,12,4.270588235294118,24.0,14.251402041403889,19.729411764705883,0.0,0.0,0.0,15.0,189.0,15.0,9.748597958596111,cost_12_upper_tail,11.561322069543774,15.658677296328737,True,11.682520301764022,15.624880864871283,True,5,24.0,n5_cost_12_challenge,9.0,0.0,13,11.0,2.0,student,1.6961552421505335,1.7045865256933213,0.0,15.0,True
3365601288,3.5217391304347827,13.0,2.5625,4.0,2.1739130434782608,3.555555555555556,0.0,1.0,1.0,3.0,3.0,3.0,4.0,7.0,5.0,4.0,24,12,3.5217391304347827,24.0,14.265524835348565,20.47826086956522,0.0,0.0,0.0,15.0,189.0,15.0,9.734475164651435,cost_12_upper_tail,11.344879483319977,15.746288617900325,True,11.514371148662065,15.653065415258771,True,5,24.0,n5_cost_12_challenge,9.0,0.0,13,11.0,2.0,student,1.6961552421505335,1.7045865256933213,0.0,15.0,True
3249529615,5.142857142857143,10.0,2.84375,4.0,3.142857142857143,2.611111111111111,1.0,0.0,1.0,1.0,1.0,2.0,3.0,4.0,3.0,2.0,23,12,5.142857142857143,23.0,13.277841825329354,17.857142857142858,0.0,0.0,0.0,16.0,189.0,16.0,9.722158174670646,cost_12_upper_tail,10.506588327408338,14.685711602113734,True,10.846416532249073,14.629491853852418,True,5,23.0,n5_cost_12_challenge,7.0,0.0,13,10.0,3.0,student,1.6961552421505335,1.7045865256933213,0.0,16.0,True
3552792706,4.959514170040486,13.0,2.8125,4.0,2.5789473684210527,3.1538461538461537,0.0,1.0,2.0,3.0,7.0,6.0,4.0,6.0,4.0,3.0,23,12,4.959514170040486,23.0,13.279219417630731,18.040485829959515,0.0,0.0,0.0,17.0,189.0,17.0,9.720780582369269,cost_12_upper_tail,10.62451623022811,14.75435812418664,True,10.581460889272,14.70040083490551,True,5,23.0,n5_cost_12_challenge,6.0,0.0,13,10.0,4.0,student,1.6961552421505335,1.7045865256933213,0.0,17.0,True
4242560098,4.270588235294118,13.0,3.0625,4.0,3.0,3.1333333333333333,0.0,1.0,1.0,4.0,6.0,5.0,5.0,4.0,1.0,4.0,24,12,4.270588235294118,24.0,14.296233529628903,19.729411764705883,0.0,0.0,0.0,16.0,189.0,16.0,9.703766470371097,cost_12_upper_tail,11.614725944985317,15.768258456492674,True,11.72157837922186,15.74283895865273,True,5,24.0,n5_cost_12_challenge,8.0,0.0,13,11.0,3.0,student,1.6961552421505335,1.7045865256933213,0.0,16.0,True
3098654739,4.270588235294118,11.0,2.84375,4.0,2.647058823529412,3.066666666666667,1.0,1.0,2.0,4.0,4.0,2.0,6.0,4.0,4.0,5.0,23,12,4.270588235294118,23.0,13.328700203859444,18.729411764705883,0.0,0.0,0.0,15.0,189.0,15.0,9.671299796140556,cost_12_upper_tail,10.747883448966247,14.82757804958206,True,10.828782848856742,14.722480210291364,True,5,23.0,n5_cost_12_challenge,8.0,0.0,13,10.0,2.0,student,1.6961552421505335,1.7045865256933213,0.0,15.0,True
4243834175,5.890909090909091,12.0,2.875,4.0,4.0,2.363636363636364,1.0,0.0,0.0,2.0,5.0,1.0,2.0,2.0,1.0,2.0,24,12,5.890909090909091,24.0,14.33375584942802,18.10909090909091,0.0,0.0,0.0,18.0,189.0,18.0,9.66624415057198,cost_12_upper_tail,11.62922788660616,15.772618836799785,True,11.922516986066311,15.737156954163863,True,5,24.0,n5_cost_12_challenge,6.0,0.0,13,11.0,5.0,student,2.7045865256933213,1.7045865256933213,1.0,17.0,True
36887824,4.16017316017316,11.0,2.78125,4.0,2.4285714285714284,3.4545454545454546,0.0,1.0,2.0,2.0,6.0,7.0,6.0,6.0,4.0,4.0,24,12,4.16017316017316,24.0,14.340975729427164,19.83982683982684,0.0,0.0,0.0,16.0,189.0,16.0,9.659024270572836,cost_12_upper_tail,11.373563011375971,15.806073400833125,True,11.510925552743268,15.745750686093531,True,5,24.0,n5_cost_12_challenge,8.0,0.0,13,11.0,3.0,student,1.6961552421505335,1.7045865256933213,0.0,16.0,True
389431082,4.270588235294118,14.0,2.875,4.0,2.6,3.117647058823529,0.0,0.0,2.0,2.0,3.0,9.0,5.0,8.0,4.0,1.0,24,12,4.270588235294118,24.0,14.3556894130545,19.729411764705883,0.0,0.0,0.0,17.0,189.0,17.0,9.6443105869455,cost_12_upper_tail,11.50415803760503,15.767814579055026,True,11.547650933503162,15.72201395477688,True,5,24.0,n5_cost_12_challenge,7.0,0.0,13,11.0,4.0,student,1.6961552421505335,1.7045865256933213,0.0,17.0,True
4037151246,4.266666666666667,11.0,2.8125,4.0,2.6,3.1666666666666665,0.0,1.0,2.0,2.0,5.0,4.0,8.0,6.0,2.0,2.0,24,12,4.266666666666667,24.0,14.367368977569589,19.733333333333334,0.0,0.0,0.0,14.0,189.0,14.0,9.632631022430411,cost_12_upper_tail,11.548589203146696,15.797807558524305,True,11.683816291651569,15.741242505128056,True,5,24.0,n5_cost_12_challenge,10.0,0.0,13,11.0,1.0,student,1.6961552421505335,1.7045865256933213,0.0,14.0,True
2362278020,3.155844155844156,13.0,2.59375,4.0,2.2857142857142856,3.1818181818181817,0.0,1.0,2.0,3.0,7.0,4.0,5.0,5.0,5.0,4.0,25,12,3.155844155844156,25.0,15.376308846777045,21.844155844155843,0.0,0.0,0.0,15.0,189.0,15.0,9.623691153222955,cost_12_upper_tail,12.56861177773848,16.846992904770577,True,12.68626746138401,16.75724501646238,True,5,25.0,n5_cost_12_challenge,10.0,0.0,13,12.0,2.0,student,1.6961552421505335,1.7045865256933213,0.0,15.0,True
3390229226,4.270588235294118,13.0,2.84375,5.0,2.588235294117647,3.1333333333333333,0.0,1.0,1.0,4.0,2.0,6.0,4.0,7.0,4.0,2.0,22,12,4.270588235294118,22.0,12.414278605916971,17.729411764705883,0.0,0.0,0.0,16.0,189.0,16.0,9.585721394083029,cost_12_upper_tail,9.67745727259852,13.808207316795963,True,9.628111902990124,13.79140598390156,True,5,22.0,n5_cost_12_challenge,6.0,0.0,13,9.0,3.0,student,1.6961552421505335,1.7045865256933213,0.0,16.0,True
4009332125,5.303030303030303,14.0,3.0,5.0,3.727272727272727,2.619047619047619,1.0,0.0,1.0,3.0,5.0,3.0,6.0,5.0,4.0,5.0,24,12,5.303030303030303,24.0,14.419822770548008,18.696969696969695,0.0,0.0,0.0,16.0,189.0,16.0,9.580177229451992,cost_12_upper_tail,11.72878121346833,15.91289081911216,True,11.848632006562005,15.820817802472986,True,5,24.0,n5_cost_12_challenge,8.0,0.0,13,11.0,3.0,student,1.6961552421505335,1.7045865256933213,0.0,16.0,True
284164238,3.5217391304347827,12.0,2.5625,4.0,2.1739130434782608,3.555555555555556,0.0,1.0,2.0,4.0,8.0,7.0,8.0,5.0,2.0,5.0,22,12,3.5217391304347827,22.0,12.427796358027305,18.47826086956522,0.0,0.0,0.0,15.0,189.0,15.0,9.572203641972695,cost_12_upper_tail,9.56833825266576,13.870638835186904,True,9.610682651996497,13.83300098796768,True,5,22.0,n5_cost_12_challenge,7.0,0.0,13,9.0,2.0,student,1.6961552421505335,1.7045865256933213,0.0,15.0,True
1415999078,5.0625,11.0,2.8125,4.0,3.0,2.625,0.0,0.0,2.0,1.0,0.0,6.0,3.0,3.0,3.0,1.0,24,12,5.0625,24.0,14.442282944608817,18.9375,0.0,0.0,0.0,14.0,189.0,14.0,9.557717055391183,cost_12_upper_tail,11.724875620184388,15.845654820145857,True,11.917751963190934,15.797690715438488,True,5,24.0,n5_cost_12_challenge,10.0,0.0,13,11.0,1.0,student,1.6961552421505335,1.7045865256933213,0.0,14.0,True
3231696063,4.063492063492063,11.0,2.625,4.0,2.642857142857143,2.611111111111111,1.0,0.0,1.0,1.0,2.0,1.0,5.0,6.0,4.0,1.0,23,12,4.063492063492063,23.0,13.452682519713568,18.936507936507937,0.0,0.0,0.0,15.0,189.0,15.0,9.547317480286432,cost_12_upper_tail,10.634782115142482,14.85800431515364,True,10.839290383966464,14.81284440118475,True,5,23.0,n5_cost_12_challenge,8.0,0.0,13,10.0,2.0,student,1.6961552421505335,1.7045865256933213,0.0,15.0,True
4121884580,4.16017316017316,10.0,2.65625,4.0,3.4545454545454546,2.238095238095238,0.0,0.0,2.0,5.0,5.0,6.0,4.0,6.0,2.0,3.0,19,12,4.16017316017316,19.0,11.630062835339809,14.83982683982684,0.0,0.0,0.0,14.0,189.0,14.0,7.369937164660193,cost_12_random_reference,9.065589386082852,13.087371699236629,True,8.962213512282123,13.055416972006372,True,5,19.0,n5_cost_12_challenge,5.0,0.0,13,6.0,1.0,student,1.6961552421505335,1.7045865256933213,0.0,14.0,True
1415063592,5.254545454545455,12.0,2.75,4.0,2.363636363636364,3.6,0.0,1.0,0.0,3.0,3.0,4.0,1.0,2.0,2.0,2.0,24,12,5.254545454545455,24.0,14.678096002584809,18.745454545454546,0.0,0.0,0.0,15.0,189.0,15.0,9.321903997415191,cost_12_random_reference,11.858812405039508,16.120322068367955,True,12.154991643287277,16.06553491000652,True,5,24.0,n5_cost_12_challenge,9.0,0.0,13,11.0,2.0,student,1.9291086303444553,1.7045865256933213,0.2245221046511341,14.775477895348866,True
4284284173,3.0727272727272728,9.0,2.46875,4.0,3.2,2.136363636363636,1.0,0.0,3.0,3.0,6.0,2.0,4.0,3.0,3.0,0.0,17,12,3.0727272727272728,17.0,12.017506554021224,13.927272727272728,0.0,0.0,0.0,13.0,189.0,13.0,4.982493445978776,cost_12_random_reference,9.523954788520776,13.226313211708222,True,9.589228055149096,13.26590897008922,True,5,17.0,n5_cost_12_challenge,4.0,0.0,13,4.0,0.0,student,1.6961552421505335,1.7045865256933213,0.0,13.0,True
85057467,3.2980392156862743,10.0,2.78125,4.0,2.533333333333333,3.0,1.0,0.0,1.0,1.0,3.0,6.0,3.0,5.0,2.0,3.0,16,12,3.2980392156862743,16.0,10.847785514059648,12.701960784313727,0.0,0.0,0.0,16.0,189.0,16.0,5.152214485940352,cost_12_random_reference,8.06706194357156,12.266853213997436,False,8.157988326522815,12.212285276581625,False,5,16.0,n5_cost_12_challenge,0.0,0.0,13,3.0,3.0,student,3.340170429641291,1.7045865256933213,1.6355839039479698,14.36441609605203,True
1082179498,3.404858299595141,11.0,2.34375,5.0,2.1578947368421053,2.6153846153846154,0.0,1.0,2.0,4.0,3.0,5.0,2.0,5.0,3.0,4.0,20,12,3.404858299595141,20.0,12.538196662834494,16.59514170040486,0.0,0.0,0.0,15.0,189.0,15.0,7.461803337165506,cost_12_random_reference,9.778095573267604,13.946209055766012,True,9.869736482209944,13.914547956156213,True,5,20.0,n5_cost_12_challenge,5.0,0.0,13,7.0,2.0,student,1.6961552421505335,1.7045865256933213,0.0,15.0,True
2855525072,4.515625,10.0,3.0625,4.0,3.125,3.0,0.0,0.0,2.0,3.0,5.0,5.0,4.0,5.0,2.0,1.0,21,12,4.515625,21.0,13.582553675258868,16.484375,0.0,0.0,0.0,15.0,189.0,15.0,7.417446324741132,cost_12_random_reference,10.960023226027456,14.999355125778065,True,10.96919284471464,14.971910380209492,True,5,21.0,n5_cost_12_challenge,6.0,0.0,13,8.0,2.0,student,1.6961552421505335,1.7045865256933213,0.0,15.0,True
3495255120,3.404858299595141,11.0,2.46875,4.0,2.3684210526315788,2.6153846153846154,0.0,1.0,2.0,4.0,5.0,5.0,5.0,7.0,3.0,2.0,18,12,3.404858299595141,18.0,11.307565949406612,14.59514170040486,0.0,0.0,0.0,15.0,189.0,15.0,6.692434050593388,cost_12_random_reference,8.403932206257442,12.656051929892506,False,8.45628196804877,12.655435214437064,False,5,18.0,n5_cost_12_challenge,3.0,0.0,13,5.0,2.0,student,1.6961552421505335,1.7045865256933213,0.0,15.0,True
2866258165,4.063492063492063,9.0,2.625,5.0,2.642857142857143,2.611111111111111,1.0,0.0,2.0,3.0,3.0,1.0,1.0,3.0,2.0,2.0,20,12,4.063492063492063,20.0,13.119005593992313,15.936507936507937,0.0,0.0,0.0,14.0,189.0,14.0,6.880994406007687,cost_12_random_reference,10.496955500309216,14.425498316895167,True,10.71230813776868,14.405229408640857,True,5,20.0,n5_cost_12_challenge,6.0,0.0,13,7.0,1.0,student,1.6961552421505335,1.7045865256933213,0.0,14.0,True
4243423103,3.692307692307693,11.0,2.53125,5.0,4.166666666666667,2.1538461538461537,1.0,0.0,0.0,1.0,3.0,2.0,5.0,3.0,2.0,3.0,22,12,3.692307692307693,22.0,13.49610692712907,18.307692307692307,0.0,0.0,0.0,15.0,189.0,15.0,8.50389307287093,cost_12_random_reference,10.747543665356734,14.937835031618713,True,10.970837028973062,14.87030123813083,True,5,22.0,n5_cost_12_challenge,7.0,0.0,13,9.0,2.0,student,1.9291086303444553,1.7045865256933213,0.2245221046511341,14.775477895348866,True
1156369868,2.640625,11.0,2.625,4.0,3.0,2.25,0.0,0.0,2.0,1.0,4.0,6.0,7.0,1.0,3.0,3.0,21,12,2.640625,21.0,13.949900553944802,18.359375,0.0,0.0,0.0,14.0,189.0,14.0,7.050099446055198,cost_12_random_reference,11.364100510867768,15.37969617923143,True,11.308290809691002,15.30883134090072,True,5,21.0,n5_cost_12_challenge,7.0,0.0,13,8.0,1.0,student,1.6961552421505335,1.7045865256933213,0.0,14.0,True
3981812145,4.803921568627451,11.0,3.0625,4.0,3.1333333333333333,3.0,1.0,0.0,2.0,3.0,4.0,3.0,4.0,5.0,4.0,3.0,23,12,4.803921568627451,23.0,14.479268708240587,18.19607843137255,0.0,0.0,0.0,15.0,189.0,15.0,8.520731291759411,cost_12_random_reference,11.865866276349273,15.9681775281639,True,11.908732667611844,15.87549818451566,True,5,23.0,n5_cost_12_challenge,8.0,0.0,13,10.0,2.0,student,1.6961552421505335,1.7045865256933213,0.0,15.0,True
89195456,4.06280193236715,12.0,2.84375,4.0,2.391304347826087,4.0,0.0,1.0,2.0,1.0,6.0,6.0,1.0,6.0,5.0,4.0,19,12,4.06280193236715,19.0,12.09927345699368,14.937198067632849,0.0,0.0,0.0,18.0,189.0,18.0,6.900726543006321,cost_12_random_reference,9.172161707815466,13.561260959051394,True,9.314907048638506,13.507811172890852,True,5,19.0,n5_cost_12_challenge,1.0,0.0,13,6.0,5.0,student,1.6961552421505335,1.7045865256933213,0.0,18.0,True
2945248640,3.515625,13.0,2.78125,4.0,2.5625,3.0,0.0,0.0,1.0,4.0,3.0,4.0,6.0,2.0,3.0,2.0,22,12,3.515625,22.0,13.438602609399808,18.484375,0.0,0.0,0.0,17.0,189.0,17.0,8.561397390600193,cost_12_random_reference,10.79543421250691,14.837928103027371,True,10.898201187040186,14.793225012743326,True,5,22.0,n5_cost_12_challenge,5.0,0.0,13,9.0,4.0,student,1.6961552421505335,1.7045865256933213,0.0,17.0,True
4025724588,4.090909090909091,12.0,2.75,4.0,3.4,2.4545454545454546,0.0,0.0,2.0,4.0,3.0,4.0,6.0,2.0,2.0,2.0,21,12,4.090909090909091,21.0,12.913994358858565,16.90909090909091,0.0,0.0,0.0,16.0,189.0,16.0,8.086005641141437,cost_12_random_reference,10.330804616685857,14.357680713885037,True,10.38228555962732,14.293657714285027,True,5,21.0,n5_cost_12_challenge,5.0,0.0,13,8.0,3.0,student,1.6961552421505335,1.7045865256933213,0.0,16.0,True
4044877919,4.4089068825910935,13.0,2.8125,4.0,3.1538461538461537,2.5789473684210527,1.0,0.0,1.0,1.0,3.0,4.0,6.0,8.0,2.0,2.0,21,12,4.4089068825910935,21.0,12.57484893615617,16.591093117408906,0.0,0.0,0.0,15.0,189.0,15.0,8.42515106384383,cost_12_random_reference,9.66404313768312,13.995854344923575,True,9.829371015045814,13.944573029416802,True,5,21.0,n5_cost_12_challenge,6.0,0.0,13,8.0,2.0,student,1.6961552421505335,1.7045865256933213,0.0,15.0,True
3439307333,4.4089068825910935,9.0,2.65625,4.0,3.076923076923077,2.3684210526315788,1.0,0.0,3.0,3.0,5.0,3.0,7.0,3.0,5.0,1.0,18,12,4.4089068825910935,18.0,12.256991191617551,13.591093117408906,0.0,0.0,0.0,14.0,189.0,14.0,5.743008808382449,cost_12_random_reference,9.726716760678462,13.587378605854264,True,9.787897589568946,13.563094480272396,True,5,18.0,n5_cost_12_challenge,4.0,0.0,13,5.0,1.0,student,1.6961552421505335,1.7045865256933213,0.0,14.0,True
4260405667,4.063492063492063,10.0,2.78125,4.0,3.142857142857143,2.5,1.0,0.0,3.0,4.0,5.0,3.0,5.0,2.0,1.0,1.0,18,12,4.063492063492063,18.0,12.29458227011367,13.936507936507937,0.0,0.0,0.0,14.0,189.0,14.0,5.70541772988633,cost_12_random_reference,9.75856576702153,13.732959867253546,True,9.800749749015848,13.714109532756702,True,5,18.0,n5_cost_12_challenge,4.0,0.0,13,5.0,1.0,student,1.6961552421505335,1.7045865256933213,0.0,14.0,True
2325056159,4.515625,9.0,2.8125,4.0,2.625,3.0,1.0,0.0,1.0,2.0,4.0,1.0,3.0,4.0,2.0,2.0,18,12,4.515625,18.0,11.547956275879642,13.484375,0.0,0.0,0.0,14.0,189.0,14.0,6.452043724120358,cost_12_random_reference,8.759091217154324,12.862174849817038,False,9.104285834211886,12.825112347825884,False,5,18.0,n5_cost_12_challenge,4.0,0.0,13,5.0,1.0,student,1.6961552421505335,1.7045865256933213,0.0,14.0,True
3654353167,4.587301587301587,11.0,2.875,4.0,2.7222222222222223,3.071428571428572,1.0,1.0,1.0,1.0,5.0,1.0,7.0,5.0,3.0,3.0,23,12,4.587301587301587,23.0,13.809659117917072,18.41269841269841,0.0,0.0,0.0,15.0,189.0,15.0,9.190340882082928,cost_12_random_reference,11.0265011467011,15.28023609910561,True,11.200440922184404,15.190857972465166,True,5,23.0,n5_cost_12_challenge,8.0,0.0,13,10.0,2.0,student,1.6961552421505335,1.7045865256933213,0.0,15.0,True
3427585883,3.571428571428572,11.0,2.59375,5.0,2.571428571428572,2.611111111111111,1.0,0.0,2.0,2.0,5.0,1.0,8.0,4.0,3.0,1.0,19,12,3.571428571428572,19.0,11.257139859255089,15.428571428571427,0.0,0.0,0.0,15.0,189.0,15.0,7.742860140744913,cost_12_random_reference,8.529634653104917,12.672035066097934,False,8.736296297145836,12.62692457271772,False,5,19.0,n5_cost_12_challenge,4.0,0.0,13,6.0,2.0,student,1.6961552421505335,1.7045865256933213,0.0,15.0,True
1056505544,4.266666666666667,12.0,3.0625,4.0,3.1666666666666665,3.0,0.0,0.0,0.0,4.0,6.0,6.0,4.0,0.0,0.0,0.0,20,12,4.266666666666667,20.0,12.539233408501635,15.733333333333334,0.0,0.0,0.0,15.0,189.0,15.0,7.460766591498363,cost_12_random_reference,9.85588953534216,13.968637491507964,True,10.00665909268444,13.95596710314454,True,5,20.0,n5_cost_12_challenge,5.0,0.0,13,7.0,2.0,student,2.7045865256933213,1.7045865256933213,1.0,14.0,True
553684228,3.571428571428572,11.0,2.5625,5.0,2.12,4.142857142857143,0.0,1.0,2.0,2.0,6.0,5.0,5.0,5.0,5.0,4.0,20,12,3.571428571428572,20.0,12.098367297658104,16.428571428571427,0.0,0.0,0.0,16.0,189.0,16.0,7.901632702341896,cost_12_random_reference,9.111292820952295,13.574608254336518,True,9.32327419360577,13.512635974215916,True,5,20.0,n5_cost_12_challenge,4.0,0.0,13,7.0,3.0,student,1.6961552421505335,1.7045865256933213,0.0,16.0,True
296990015,4.063492063492063,12.0,2.71875,4.0,3.071428571428572,2.4444444444444446,1.0,0.0,0.0,0.0,3.0,4.0,2.0,5.0,4.0,2.0,22,12,4.063492063492063,22.0,13.605032683878711,17.936507936507937,0.0,0.0,0.0,17.0,189.0,17.0,8.394967316121289,cost_12_random_reference,10.893445194719606,15.045656192659996,True,11.069582233796748,14.972859805879342,True,5,22.0,n5_cost_12_challenge,5.0,0.0,13,9.0,4.0,student,1.9291086303444553,1.7045865256933213,0.2245221046511341,16.775477895348867,True
2135229823,4.4089068825910935,13.0,2.78125,4.0,3.076923076923077,2.5789473684210527,1.0,0.0,0.0,1.0,4.0,5.0,4.0,5.0,3.0,4.0,22,12,4.4089068825910935,22.0,13.20125272120794,17.591093117408906,0.0,0.0,0.0,18.0,189.0,18.0,8.79874727879206,cost_12_random_reference,10.415876226121425,14.667365055110048,True,10.553213143400228,14.612573610919943,True,5,22.0,n5_cost_12_challenge,4.0,0.0,13,9.0,5.0,student,1.9291086303444553,1.7045865256933213,0.2245221046511341,17.775477895348867,True
3309633440,3.515625,11.0,2.75,3.0,3.0,2.5,0.0,0.0,1.0,3.0,2.0,6.0,6.0,5.0,2.0,0.0,19,12,3.515625,19.0,10.471261854163073,15.484375,0.0,0.0,0.0,14.0,189.0,14.0,8.528738145836929,cost_12_random_reference,8.507489182544727,11.835171050615244,False,8.507188687570391,11.811110318120845,False,5,19.0,n5_cost_12_challenge,5.0,0.0,13,6.0,1.0,student,1.6961552421505335,1.7045865256933213,0.0,14.0,True
3490218112,3.102564102564102,11.0,2.4375,5.0,2.0384615384615383,4.166666666666667,0.0,1.0,0.0,5.0,0.0,2.0,3.0,3.0,2.0,2.0,17,12,3.102564102564102,17.0,11.15899981655116,13.897435897435898,0.0,0.0,0.0,15.0,189.0,15.0,5.841000183448839,cost_12_random_reference,8.483371871665883,12.544032043476427,False,8.679452912835735,12.52352936467112,False,5,17.0,n5_cost_12_challenge,2.0,0.0,13,4.0,2.0,student,1.9291086303444553,1.7045865256933213,0.2245221046511341,14.775477895348866,True
4129485840,3.571428571428572,12.0,2.53125,4.0,2.555555555555556,2.5,0.0,1.0,1.0,3.0,5.0,5.0,7.0,3.0,2.0,2.0,17,12,3.571428571428572,17.0,10.472647673130648,13.428571428571427,0.0,0.0,0.0,14.0,189.0,14.0,6.527352326869352,cost_12_random_reference,8.697882235537033,11.913312745424523,False,8.65755400454501,11.861606547210426,False,5,17.0,n5_cost_12_challenge,3.0,0.0,13,4.0,1.0,student,1.6961552421505335,1.7045865256933213,0.0,14.0,True
1617055342,4.587301587301587,10.0,2.8125,4.0,2.611111111111111,3.071428571428572,0.0,1.0,2.0,2.0,2.0,4.0,4.0,4.0,2.0,2.0,21,12,4.587301587301587,21.0,12.864572229266932,16.41269841269841,0.0,0.0,0.0,15.0,189.0,15.0,8.135427770733068,cost_12_random_reference,10.106828816775463,14.2762807421126,True,10.316097180743697,14.240265276599589,True,5,21.0,n5_cost_12_challenge,6.0,0.0,13,8.0,2.0,student,1.6961552421505335,1.7045865256933213,0.0,15.0,True
4022403033,3.0727272727272728,11.0,2.46875,4.0,3.2,2.136363636363636,1.0,0.0,3.0,3.0,6.0,2.0,5.0,3.0,4.0,0.0,17,12,3.0727272727272728,17.0,11.071877159210304,13.927272727272728,0.0,0.0,0.0,15.0,189.0,15.0,5.928122840789696,cost_12_random_reference,8.584232476703786,12.442616872509683,False,8.595448162058892,12.416708119362706,False,5,17.0,n5_cost_12_challenge,2.0,0.0,13,4.0,2.0,student,1.6961552421505335,1.7045865256933213,0.0,15.0,True
450498650,4.4089068825910935,10.0,2.78125,4.0,2.5789473684210527,3.076923076923077,0.0,1.0,2.0,3.0,1.0,6.0,3.0,6.0,4.0,3.0,20,12,4.4089068825910935,20.0,12.376715848070802,15.591093117408906,0.0,0.0,0.0,14.0,189.0,14.0,7.623284151929198,cost_12_random_reference,9.773471004553404,13.818803297644898,True,9.743892019483752,13.785665981553343,True,5,20.0,n5_cost_12_challenge,6.0,0.0,13,7.0,1.0,student,1.6961552421505335,1.7045865256933213,0.0,14.0,True
2968979447,3.75,12.0,2.59375,4.0,3.083333333333333,2.3,1.0,0.0,0.0,1.0,3.0,2.0,1.0,5.0,2.0,1.0,18,12,3.75,18.0,11.003483082655212,14.25,0.0,0.0,0.0,14.0,189.0,14.0,6.996516917344788,cost_12_random_reference,8.319023355344294,12.42235788025932,False,8.508907725693739,12.372342580250187,False,5,18.0,n5_cost_12_challenge,4.0,0.0,13,5.0,1.0,student,1.9291086303444553,1.7045865256933213,0.2245221046511341,13.775477895348866,True
3437189375,3.0727272727272728,11.0,2.5,4.0,3.3,2.136363636363636,1.0,0.0,1.0,1.0,1.0,2.0,5.0,4.0,3.0,2.0,20,12,3.0727272727272728,20.0,12.062116341783709,16.927272727272726,0.0,0.0,0.0,16.0,189.0,16.0,7.9378836582162915,cost_12_random_reference,9.315365047902098,13.433014923334468,True,9.526153079865692,13.363517778878927,True,5,20.0,n5_cost_12_challenge,4.0,0.0,13,7.0,3.0,student,1.6961552421505335,1.7045865256933213,0.0,16.0,True
1482508876,4.063492063492063,12.0,2.78125,4.0,2.555555555555556,3.071428571428572,0.0,1.0,2.0,2.0,5.0,6.0,6.0,4.0,1.0,1.0,19,12,4.063492063492063,19.0,12.014202965553146,14.936507936507937,0.0,0.0,0.0,14.0,189.0,14.0,6.985797034446854,cost_12_random_reference,9.259919401774724,13.43197693584775,True,9.365303734625355,13.414603902524997,True,5,19.0,n5_cost_12_challenge,5.0,0.0,13,6.0,1.0,student,1.6961552421505335,1.7045865256933213,0.0,14.0,True
1443296772,4.4089068825910935,10.0,2.84375,4.0,2.5789473684210527,3.230769230769231,0.0,1.0,1.0,2.0,5.0,9.0,6.0,4.0,4.0,2.0,20,12,4.4089068825910935,20.0,12.589139653103596,15.591093117408906,0.0,0.0,0.0,14.0,189.0,14.0,7.410860346896404,cost_12_random_reference,9.7627896354955,14.028767662425984,True,9.92872072191874,13.964930756404508,True,5,20.0,n5_cost_12_challenge,6.0,0.0,13,7.0,1.0,student,1.6961552421505335,1.7045865256933213,0.0,14.0,True
436895246,3.571428571428572,11.0,2.625,4.0,2.555555555555556,2.7142857142857144,0.0,1.0,2.0,2.0,5.0,7.0,3.0,3.0,4.0,1.0,20,12,3.571428571428572,20.0,12.383608881818226,16.428571428571427,0.0,0.0,0.0,14.0,189.0,14.0,7.616391118181774,cost_12_random_reference,9.659386433884158,13.807679685706072,True,9.852869352690323,13.756340807150218,True,5,20.0,n5_cost_12_challenge,6.0,0.0,13,7.0,1.0,student,1.6961552421505335,1.7045865256933213,0.0,14.0,True
825327025,3.515625,10.0,2.46875,4.0,2.5625,2.375,1.0,0.0,2.0,2.0,3.0,5.0,1.0,2.0,1.0,2.0,22,12,3.515625,22.0,13.365051676715508,18.484375,0.0,0.0,0.0,14.0,189.0,14.0,8.634948323284492,cost_12_random_reference,10.710169247324584,14.717776269585643,True,10.903110809538052,14.726401630926132,True,5,22.0,n5_cost_12_challenge,8.0,0.0,13,9.0,1.0,student,1.6961552421505335,1.7045865256933213,0.0,14.0,True
3486512188,5.303030303030303,10.0,2.71875,4.0,3.272727272727273,2.4285714285714284,0.0,0.0,3.0,3.0,1.0,5.0,3.0,6.0,4.0,3.0,20,12,5.303030303030303,20.0,12.506685974508637,14.696969696969697,0.0,0.0,0.0,14.0,189.0,14.0,7.493314025491365,cost_12_random_reference,9.950359466671657,13.942668068466304,True,9.964785772898892,13.912168529828763,True,5,20.0,n5_cost_12_challenge,6.0,0.0,13,7.0,1.0,student,1.6961552421505335,1.7045865256933213,0.0,14.0,True
4102046991,4.4089068825910935,13.0,3.03125,4.0,3.0,3.076923076923077,1.0,1.0,2.0,2.0,2.0,2.0,5.0,5.0,5.0,5.0,23,12,4.4089068825910935,23.0,13.531584248804489,18.591093117408906,0.0,0.0,0.0,17.0,189.0,17.0,9.468415751195511,cost_12_random_reference,10.784219705459622,14.973208830560312,True,10.927362472547369,14.91484982993279,True,5,23.0,n5_cost_12_challenge,6.0,0.0,13,10.0,4.0,student,1.6961552421505335,1.7045865256933213,0.0,17.0,True
202276872,3.0228571428571427,11.0,2.375,5.0,2.04,3.571428571428572,0.0,1.0,0.0,3.0,3.0,6.0,5.0,5.0,2.0,2.0,20,12,3.0228571428571427,20.0,12.555716553807745,16.97714285714286,0.0,0.0,0.0,15.0,189.0,15.0,7.444283446192257,cost_12_random_reference,9.752088679902954,13.943182173396398,True,9.727064192288577,13.91617555496648,True,5,20.0,n5_cost_12_challenge,5.0,0.0,13,7.0,2.0,student,1.9291086303444553,1.7045865256933213,0.2245221046511341,14.775477895348866,True
4138925072,3.768627450980392,11.0,2.78125,4.0,3.066666666666667,2.5294117647058822,0.0,0.0,1.0,4.0,4.0,6.0,3.0,4.0,5.0,4.0,21,12,3.768627450980392,21.0,12.42931304460276,17.231372549019607,0.0,0.0,0.0,16.0,189.0,16.0,8.570686955397239,cost_12_random_reference,9.82593100456858,13.913222320443396,True,9.933379486025258,13.845712892374928,True,5,21.0,n5_cost_12_challenge,5.0,0.0,13,8.0,3.0,student,1.6961552421505335,1.7045865256933213,0.0,16.0,True
