truth_table,language,minimum_gates,boundary_formula_count,all_formulas_at_boundary,boundary_probability,boundary_surprisal_bits,canonical_baseline_gates,compression_gain,bias,algebraic_degree,input_symmetries,influence_0,influence_1,influence_2,fourier_energy_degree_0,fourier_energy_degree_1,fourier_energy_degree_2,fourier_energy_degree_3,semantic_pc1,semantic_pc2
0,NAND,5,36,30618,0.0011757789535567313,9.732167425663386,3,-2,-1.0,0,6,0.0,0.0,0.0,1.0,0.0,0.0,0.0,-4.961106504830342,5.438927146293121
1,NAND,10,1440,2975361012,4.839748837846235e-07,20.97856448443806,19,9,-0.75,3,6,0.25,0.25,0.25,0.5625,0.1875,0.1875,0.0625,-2.3919474023048486,3.6430573307847935
2,NAND,8,864,28146690,3.069632699262329e-05,14.991574435992689,17,9,-0.75,3,2,0.25,0.25,0.25,0.5625,0.1875,0.1875,0.0625,-2.3763614918028875,1.8685379817089944
3,NAND,6,24,288684,8.31358856050214e-05,13.55416912368539,75,69,-0.5,2,2,0.0,0.5,0.5,0.25,0.5,0.25,0.0,-1.718305504780676,-0.1680702037761235
4,NAND,8,864,28146690,3.069632699262329e-05,14.991574435992689,15,7,-0.75,3,2,0.25,0.25,0.25,0.5625,0.1875,0.1875,0.0625,-2.3763614918028875,1.8685379817089944
5,NAND,6,24,288684,8.31358856050214e-05,13.55416912368539,71,65,-0.5,2,2,0.0,0.5,0.5,0.25,0.5,0.25,0.0,-1.718305504780676,-0.1680702037761235
6,NAND,10,5184,2975361012,1.7423095816246448e-06,19.13056757788311,67,57,-0.5,2,2,0.5,0.5,0.5,0.25,0.25,0.25,0.25,-0.03134528426902256,1.561195304898453
7,NAND,6,48,288684,0.0001662717712100428,12.55416912368539,175,169,-0.25,3,2,0.25,0.25,0.75,0.0625,0.6875,0.1875,0.0625,-1.349027533590283,-0.7873642498519036
8,NAND,7,960,2814669,0.00034107029991803654,11.517643247660276,13,6,-0.75,3,2,0.25,0.25,0.25,0.5625,0.1875,0.1875,0.0625,-2.3763614918028875,1.8685379817089944
9,NAND,10,192,2975361012,6.452998450461648e-08,23.88545508004658,67,57,-0.5,2,2,0.5,0.5,0.5,0.25,0.25,0.25,0.25,-0.03134528426902256,1.561195304898453
10,NAND,5,108,30618,0.003527336860670194,8.147204924942228,63,58,-0.5,2,1,0.0,0.5,0.5,0.25,0.5,0.25,0.0,-1.7144090271551857,-0.6117000410450731
11,NAND,6,24,288684,8.31358856050214e-05,13.55416912368539,167,161,-0.25,3,1,0.25,0.25,0.75,0.0625,0.6875,0.1875,0.0625,-1.3451310559647929,-1.2309940871208531
12,NAND,5,108,30618,0.003527336860670194,8.147204924942228,59,54,-0.5,2,1,0.0,0.5,0.5,0.25,0.5,0.25,0.0,-1.7144090271551857,-0.6117000410450731
13,NAND,6,24,288684,8.31358856050214e-05,13.55416912368539,159,153,-0.25,3,1,0.25,0.25,0.75,0.0625,0.6875,0.1875,0.0625,-1.3451310559647929,-1.2309940871208531
14,NAND,5,72,30618,0.0023515579071134627,8.732167425663386,155,150,-0.25,3,2,0.25,0.25,0.75,0.0625,0.6875,0.1875,0.0625,-1.349027533590283,-0.7873642498519036
15,NAND,1,1,9,0.1111111111111111,3.1699250014423126,271,270,0.0,1,2,0.0,0.0,1.0,0.0,1.0,0.0,0.0,-2.836083254445181,-1.7917620097027362
16,NAND,8,864,28146690,3.069632699262329e-05,14.991574435992689,15,7,-0.75,3,2,0.25,0.25,0.25,0.5625,0.1875,0.1875,0.0625,-2.3763614918028875,1.8685379817089944
17,NAND,6,24,288684,8.31358856050214e-05,13.55416912368539,71,65,-0.5,2,2,0.0,0.5,0.5,0.25,0.5,0.25,0.0,-1.718305504780676,-0.1680702037761235
18,NAND,10,5184,2975361012,1.7423095816246448e-06,19.13056757788311,67,57,-0.5,2,2,0.5,0.5,0.5,0.25,0.25,0.25,0.25,-0.03134528426902256,1.561195304898453
19,NAND,6,48,288684,0.0001662717712100428,12.55416912368539,175,169,-0.25,3,2,0.25,0.25,0.75,0.0625,0.6875,0.1875,0.0625,-1.349027533590283,-0.7873642498519036
20,NAND,10,5184,2975361012,1.7423095816246448e-06,19.13056757788311,63,53,-0.5,2,2,0.5,0.5,0.5,0.25,0.25,0.25,0.25,-0.03134528426902256,1.561195304898453
21,NAND,6,48,288684,0.0001662717712100428,12.55416912368539,167,161,-0.25,3,2,0.25,0.25,0.75,0.0625,0.6875,0.1875,0.0625,-1.349027533590283,-0.7873642498519036
22,NAND,13,186624,3553267670100,5.252179608375741e-08,24.182508506294912,163,150,-0.25,3,6,0.75,0.75,0.75,0.0625,0.1875,0.1875,0.5625,2.402558658519199,3.65070705307192
23,NAND,7,144,2814669,5.116054498770548e-05,14.254608841826483,279,272,0.0,2,6,0.5,0.5,0.5,0.0,0.75,0.0,0.25,-0.7235733047655643,2.395973916776539
24,NAND,9,2304,287096238,8.025183527483213e-06,16.92703418379798,59,50,-0.5,2,2,0.5,0.5,0.5,0.25,0.0,0.75,0.0,0.6554272280448865,0.6788045150866956
25,NAND,8,320,28146690,1.1369009997267885e-05,16.424533843268794,159,151,-0.25,3,2,0.25,0.75,0.75,0.0625,0.1875,0.6875,0.0625,1.4179568608234154,-0.735468594490213
26,NAND,8,864,28146690,3.069632699262329e-05,14.991574435992689,155,147,-0.25,3,1,0.25,0.75,0.75,0.0625,0.1875,0.6875,0.0625,1.4218533384489056,-1.1790984317591626
27,NAND,6,72,288684,0.00024940765681506424,11.969206622964235,271,265,0.0,2,1,0.5,0.5,0.5,0.0,0.5,0.5,0.0,-0.017318404324203906,-0.7045660593799672
28,NAND,8,864,28146690,3.069632699262329e-05,14.991574435992689,151,143,-0.25,3,1,0.25,0.75,0.75,0.0625,0.1875,0.6875,0.0625,1.4218533384489056,-1.1790984317591626
29,NAND,6,72,288684,0.00024940765681506424,11.969206622964235,263,257,0.0,2,1,0.5,0.5,0.5,0.0,0.5,0.5,0.0,-0.017318404324203906,-0.7045660593799672
30,NAND,9,1152,287096238,4.012591763741606e-06,17.92703418379798,255,246,0.0,2,2,0.5,0.5,1.0,0.0,0.25,0.5,0.25,1.6726307839381622,-0.15496618946473198
31,NAND,4,36,3402,0.010582010582010581,6.562242424221073,231,227,0.25,3,2,0.25,0.25,0.75,0.0625,0.6875,0.1875,0.0625,-1.349027533590283,-0.7873642498519036
32,NAND,7,960,2814669,0.00034107029991803654,11.517643247660276,13,6,-0.75,3,2,0.25,0.25,0.25,0.5625,0.1875,0.1875,0.0625,-2.3763614918028875,1.8685379817089944
33,NAND,10,192,2975361012,6.452998450461648e-08,23.88545508004658,67,57,-0.5,2,2,0.5,0.5,0.5,0.25,0.25,0.25,0.25,-0.03134528426902256,1.561195304898453
34,NAND,5,108,30618,0.003527336860670194,8.147204924942228,63,58,-0.5,2,1,0.0,0.5,0.5,0.25,0.5,0.25,0.0,-1.7144090271551857,-0.6117000410450731
35,NAND,6,24,288684,8.31358856050214e-05,13.55416912368539,167,161,-0.25,3,1,0.25,0.25,0.75,0.0625,0.6875,0.1875,0.0625,-1.3451310559647929,-1.2309940871208531
36,NAND,9,2304,287096238,8.025183527483213e-06,16.92703418379798,59,50,-0.5,2,2,0.5,0.5,0.5,0.25,0.0,0.75,0.0,0.6554272280448865,0.6788045150866956
37,NAND,8,320,28146690,1.1369009997267885e-05,16.424533843268794,159,151,-0.25,3,2,0.25,0.75,0.75,0.0625,0.1875,0.6875,0.0625,1.4179568608234154,-0.735468594490213
38,NAND,8,864,28146690,3.069632699262329e-05,14.991574435992689,155,147,-0.25,3,1,0.25,0.75,0.75,0.0625,0.1875,0.6875,0.0625,1.4218533384489056,-1.1790984317591626
39,NAND,6,72,288684,0.00024940765681506424,11.969206622964235,271,265,0.0,2,1,0.5,0.5,0.5,0.0,0.5,0.5,0.0,-0.017318404324203906,-0.7045660593799672
40,NAND,8,384,28146690,1.3642811996721461e-05,16.161499437435,55,47,-0.5,2,2,0.5,0.5,0.5,0.25,0.25,0.25,0.25,-0.03134528426902256,1.561195304898453
41,NAND,12,5120,331638315876,1.543850560957008e-08,25.94889164729621,151,139,-0.25,3,2,0.75,0.75,0.75,0.0625,0.1875,0.1875,0.5625,2.4181445690211603,1.8761877039961212
42,NAND,5,232,30618,0.00757724214514338,7.044111431978125,147,142,-0.25,3,2,0.25,0.25,0.75,0.0625,0.6875,0.1875,0.0625,-1.349027533590283,-0.7873642498519036
43,NAND,6,16,288684,5.542392373668094e-05,14.139131624406547,263,257,0.0,2,2,0.5,0.5,0.5,0.0,0.75,0.0,0.25,-0.707987394263603,0.6214545677007401
44,NAND,7,960,2814669,0.00034107029991803654,11.517643247660276,143,136,-0.25,3,1,0.25,0.75,0.75,0.0625,0.1875,0.6875,0.0625,1.4218533384489056,-1.1790984317591626
45,NAND,9,7872,287096238,2.741937705223431e-05,15.15444467990105,255,246,0.0,2,1,0.5,0.5,1.0,0.0,0.25,0.5,0.25,1.6765272615636526,-0.5985960267336816
46,NAND,5,120,30618,0.003919263178522437,7.995201831497179,247,242,0.0,2,1,0.5,0.5,0.5,0.0,0.5,0.5,0.0,-0.017318404324203906,-0.7045660593799672
47,NAND,3,20,405,0.04938271604938271,4.339850002884625,239,236,0.25,3,1,0.25,0.25,0.75,0.0625,0.6875,0.1875,0.0625,-1.3451310559647929,-1.2309940871208531
48,NAND,5,108,30618,0.003527336860670194,8.147204924942228,59,54,-0.5,2,1,0.0,0.5,0.5,0.25,0.5,0.25,0.0,-1.7144090271551857,-0.6117000410450731
49,NAND,6,24,288684,8.31358856050214e-05,13.55416912368539,159,153,-0.25,3,1,0.25,0.25,0.75,0.0625,0.6875,0.1875,0.0625,-1.3451310559647929,-1.2309940871208531
50,NAND,5,72,30618,0.0023515579071134627,8.732167425663386,155,150,-0.25,3,2,0.25,0.25,0.75,0.0625,0.6875,0.1875,0.0625,-1.349027533590283,-0.7873642498519036
51,NAND,1,1,9,0.1111111111111111,3.1699250014423126,271,270,0.0,1,2,0.0,0.0,1.0,0.0,1.0,0.0,0.0,-2.836083254445181,-1.7917620097027362
52,NAND,8,864,28146690,3.069632699262329e-05,14.991574435992689,151,143,-0.25,3,1,0.25,0.75,0.75,0.0625,0.1875,0.6875,0.0625,1.4218533384489056,-1.1790984317591626
53,NAND,6,72,288684,0.00024940765681506424,11.969206622964235,263,257,0.0,2,1,0.5,0.5,0.5,0.0,0.5,0.5,0.0,-0.017318404324203906,-0.7045660593799672
54,NAND,9,1152,287096238,4.012591763741606e-06,17.92703418379798,255,246,0.0,2,2,0.5,0.5,1.0,0.0,0.25,0.5,0.25,1.6726307839381622,-0.15496618946473198
55,NAND,4,36,3402,0.010582010582010581,6.562242424221073,231,227,0.25,3,2,0.25,0.25,0.75,0.0625,0.6875,0.1875,0.0625,-1.349027533590283,-0.7873642498519036
56,NAND,7,960,2814669,0.00034107029991803654,11.517643247660276,147,140,-0.25,3,1,0.25,0.75,0.75,0.0625,0.1875,0.6875,0.0625,1.4218533384489056,-1.1790984317591626
57,NAND,9,7872,287096238,2.741937705223431e-05,15.15444467990105,255,246,0.0,2,1,0.5,0.5,1.0,0.0,0.25,0.5,0.25,1.6765272615636526,-0.5985960267336816
58,NAND,5,120,30618,0.003919263178522437,7.995201831497179,247,242,0.0,2,1,0.5,0.5,0.5,0.0,0.5,0.5,0.0,-0.017318404324203906,-0.7045660593799672
59,NAND,3,20,405,0.04938271604938271,4.339850002884625,239,236,0.25,3,1,0.25,0.25,0.75,0.0625,0.6875,0.1875,0.0625,-1.3451310559647929,-1.2309940871208531
60,NAND,5,72,30618,0.0023515579071134627,8.732167425663386,239,234,0.0,1,2,0.0,1.0,1.0,0.0,0.0,1.0,0.0,2.697885534382216,-1.687970698979355
61,NAND,7,864,2814669,0.0003069632699262329,11.669646341105327,247,240,0.25,3,2,0.25,0.75,0.75,0.0625,0.1875,0.6875,0.0625,1.4179568608234154,-0.735468594490213
62,NAND,8,544,28146690,1.9327316995355404e-05,15.658999096905818,255,247,0.25,3,2,0.25,0.75,0.75,0.0625,0.1875,0.6875,0.0625,1.4179568608234154,-0.735468594490213
63,NAND,1,2,9,0.2222222222222222,2.1699250014423126,87,86,0.5,2,2,0.0,0.5,0.5,0.25,0.5,0.25,0.0,-1.718305504780676,-0.1680702037761235
64,NAND,7,960,2814669,0.00034107029991803654,11.517643247660276,11,4,-0.75,3,2,0.25,0.25,0.25,0.5625,0.1875,0.1875,0.0625,-2.3763614918028875,1.8685379817089944
65,NAND,10,192,2975361012,6.452998450461648e-08,23.88545508004658,63,53,-0.5,2,2,0.5,0.5,0.5,0.25,0.25,0.25,0.25,-0.03134528426902256,1.561195304898453
66,NAND,9,2304,287096238,8.025183527483213e-06,16.92703418379798,59,50,-0.5,2,2,0.5,0.5,0.5,0.25,0.0,0.75,0.0,0.6554272280448865,0.6788045150866956
67,NAND,8,320,28146690,1.1369009997267885e-05,16.424533843268794,159,151,-0.25,3,2,0.25,0.75,0.75,0.0625,0.1875,0.6875,0.0625,1.4179568608234154,-0.735468594490213
68,NAND,5,108,30618,0.003527336860670194,8.147204924942228,55,50,-0.5,2,1,0.0,0.5,0.5,0.25,0.5,0.25,0.0,-1.7144090271551857,-0.6117000410450731
69,NAND,6,24,288684,8.31358856050214e-05,13.55416912368539,151,145,-0.25,3,1,0.25,0.25,0.75,0.0625,0.6875,0.1875,0.0625,-1.3451310559647929,-1.2309940871208531
70,NAND,8,864,28146690,3.069632699262329e-05,14.991574435992689,147,139,-0.25,3,1,0.25,0.75,0.75,0.0625,0.1875,0.6875,0.0625,1.4218533384489056,-1.1790984317591626
71,NAND,6,72,288684,0.00024940765681506424,11.969206622964235,263,257,0.0,2,1,0.5,0.5,0.5,0.0,0.5,0.5,0.0,-0.017318404324203906,-0.7045660593799672
72,NAND,8,384,28146690,1.3642811996721461e-05,16.161499437435,51,43,-0.5,2,2,0.5,0.5,0.5,0.25,0.25,0.25,0.25,-0.03134528426902256,1.561195304898453
73,NAND,12,5120,331638315876,1.543850560957008e-08,25.94889164729621,143,131,-0.25,3,2,0.75,0.75,0.75,0.0625,0.1875,0.1875,0.5625,2.4181445690211603,1.8761877039961212
74,NAND,7,960,2814669,0.00034107029991803654,11.517643247660276,139,132,-0.25,3,1,0.25,0.75,0.75,0.0625,0.1875,0.6875,0.0625,1.4218533384489056,-1.1790984317591626
75,NAND,9,7872,287096238,2.741937705223431e-05,15.15444467990105,255,246,0.0,2,1,0.5,0.5,1.0,0.0,0.25,0.5,0.25,1.6765272615636526,-0.5985960267336816
76,NAND,5,232,30618,0.00757724214514338,7.044111431978125,135,130,-0.25,3,2,0.25,0.25,0.75,0.0625,0.6875,0.1875,0.0625,-1.349027533590283,-0.7873642498519036
77,NAND,6,16,288684,5.542392373668094e-05,14.139131624406547,247,241,0.0,2,2,0.5,0.5,0.5,0.0,0.75,0.0,0.25,-0.707987394263603,0.6214545677007401
78,NAND,5,120,30618,0.003919263178522437,7.995201831497179,239,234,0.0,2,1,0.5,0.5,0.5,0.0,0.5,0.5,0.0,-0.017318404324203906,-0.7045660593799672
79,NAND,3,20,405,0.04938271604938271,4.339850002884625,255,252,0.25,3,1,0.25,0.25,0.75,0.0625,0.6875,0.1875,0.0625,-1.3451310559647929,-1.2309940871208531
80,NAND,5,108,30618,0.003527336860670194,8.147204924942228,55,50,-0.5,2,1,0.0,0.5,0.5,0.25,0.5,0.25,0.0,-1.7144090271551857,-0.6117000410450731
81,NAND,6,24,288684,8.31358856050214e-05,13.55416912368539,151,145,-0.25,3,1,0.25,0.25,0.75,0.0625,0.6875,0.1875,0.0625,-1.3451310559647929,-1.2309940871208531
82,NAND,8,864,28146690,3.069632699262329e-05,14.991574435992689,147,139,-0.25,3,1,0.25,0.75,0.75,0.0625,0.1875,0.6875,0.0625,1.4218533384489056,-1.1790984317591626
83,NAND,6,72,288684,0.00024940765681506424,11.969206622964235,263,257,0.0,2,1,0.5,0.5,0.5,0.0,0.5,0.5,0.0,-0.017318404324203906,-0.7045660593799672
84,NAND,5,72,30618,0.0023515579071134627,8.732167425663386,143,138,-0.25,3,2,0.25,0.25,0.75,0.0625,0.6875,0.1875,0.0625,-1.349027533590283,-0.7873642498519036
85,NAND,1,1,9,0.1111111111111111,3.1699250014423126,255,254,0.0,1,2,0.0,0.0,1.0,0.0,1.0,0.0,0.0,-2.836083254445181,-1.7917620097027362
86,NAND,9,1152,287096238,4.012591763741606e-06,17.92703418379798,247,238,0.0,2,2,0.5,0.5,1.0,0.0,0.25,0.5,0.25,1.6726307839381622,-0.15496618946473198
87,NAND,4,36,3402,0.010582010582010581,6.562242424221073,247,243,0.25,3,2,0.25,0.25,0.75,0.0625,0.6875,0.1875,0.0625,-1.349027533590283,-0.7873642498519036
88,NAND,7,960,2814669,0.00034107029991803654,11.517643247660276,139,132,-0.25,3,1,0.25,0.75,0.75,0.0625,0.1875,0.6875,0.0625,1.4218533384489056,-1.1790984317591626
89,NAND,9,7872,287096238,2.741937705223431e-05,15.15444467990105,247,238,0.0,2,1,0.5,0.5,1.0,0.0,0.25,0.5,0.25,1.6765272615636526,-0.5985960267336816
90,NAND,5,72,30618,0.0023515579071134627,8.732167425663386,239,234,0.0,1,2,0.0,1.0,1.0,0.0,0.0,1.0,0.0,2.697885534382216,-1.687970698979355
91,NAND,7,864,2814669,0.0003069632699262329,11.669646341105327,255,248,0.25,3,2,0.25,0.75,0.75,0.0625,0.1875,0.6875,0.0625,1.4179568608234154,-0.735468594490213
92,NAND,5,120,30618,0.003919263178522437,7.995201831497179,231,226,0.0,2,1,0.5,0.5,0.5,0.0,0.5,0.5,0.0,-0.017318404324203906,-0.7045660593799672
93,NAND,3,20,405,0.04938271604938271,4.339850002884625,263,260,0.25,3,1,0.25,0.25,0.75,0.0625,0.6875,0.1875,0.0625,-1.3451310559647929,-1.2309940871208531
94,NAND,8,544,28146690,1.9327316995355404e-05,15.658999096905818,271,263,0.25,3,2,0.25,0.75,0.75,0.0625,0.1875,0.6875,0.0625,1.4179568608234154,-0.735468594490213
95,NAND,1,2,9,0.2222222222222222,2.1699250014423126,95,94,0.5,2,2,0.0,0.5,0.5,0.25,0.5,0.25,0.0,-1.718305504780676,-0.1680702037761235
96,NAND,8,384,28146690,1.3642811996721461e-05,16.161499437435,51,43,-0.5,2,2,0.5,0.5,0.5,0.25,0.25,0.25,0.25,-0.03134528426902256,1.561195304898453
97,NAND,12,5120,331638315876,1.543850560957008e-08,25.94889164729621,143,131,-0.25,3,2,0.75,0.75,0.75,0.0625,0.1875,0.1875,0.5625,2.4181445690211603,1.8761877039961212
98,NAND,7,960,2814669,0.00034107029991803654,11.517643247660276,139,132,-0.25,3,1,0.25,0.75,0.75,0.0625,0.1875,0.6875,0.0625,1.4218533384489056,-1.1790984317591626
99,NAND,9,7872,287096238,2.741937705223431e-05,15.15444467990105,255,246,0.0,2,1,0.5,0.5,1.0,0.0,0.25,0.5,0.25,1.6765272615636526,-0.5985960267336816
100,NAND,7,960,2814669,0.00034107029991803654,11.517643247660276,135,128,-0.25,3,1,0.25,0.75,0.75,0.0625,0.1875,0.6875,0.0625,1.4218533384489056,-1.1790984317591626
101,NAND,9,7872,287096238,2.741937705223431e-05,15.15444467990105,247,238,0.0,2,1,0.5,0.5,1.0,0.0,0.25,0.5,0.25,1.6765272615636526,-0.5985960267336816
102,NAND,5,72,30618,0.0023515579071134627,8.732167425663386,239,234,0.0,1,2,0.0,1.0,1.0,0.0,0.0,1.0,0.0,2.697885534382216,-1.687970698979355
103,NAND,7,864,2814669,0.0003069632699262329,11.669646341105327,263,256,0.25,3,2,0.25,0.75,0.75,0.0625,0.1875,0.6875,0.0625,1.4179568608234154,-0.735468594490213
104,NAND,10,15360,2975361012,5.162398760369318e-06,17.563526985159218,131,121,-0.25,3,6,0.75,0.75,0.75,0.0625,0.1875,0.1875,0.5625,2.402558658519199,3.65070705307192
105,NAND,13,3072,3553267670100,8.645563141359244e-10,30.107321009900694,239,226,0.0,1,6,1.0,1.0,1.0,0.0,0.0,0.0,1.0,4.682675040275745,5.3098612470691124
106,NAND,7,640,2814669,0.0002273801999453577,12.102605748381432,231,224,0.0,2,2,0.5,0.5,1.0,0.0,0.25,0.5,0.25,1.6726307839381622,-0.15496618946473198
107,NAND,9,3840,287096238,1.3375305879138688e-05,16.19006858963177,271,262,0.25,3,2,0.75,0.75,0.75,0.0625,0.1875,0.1875,0.5625,2.4181445690211603,1.8761877039961212
108,NAND,7,640,2814669,0.0002273801999453577,12.102605748381432,223,216,0.0,2,2,0.5,0.5,1.0,0.0,0.25,0.5,0.25,1.6726307839381622,-0.15496618946473198
109,NAND,9,3840,287096238,1.3375305879138688e-05,16.19006858963177,279,270,0.25,3,2,0.75,0.75,0.75,0.0625,0.1875,0.1875,0.5625,2.4181445690211603,1.8761877039961212
110,NAND,5,128,30618,0.004180547390423933,7.902092427105697,287,282,0.25,3,2,0.25,0.75,0.75,0.0625,0.1875,0.6875,0.0625,1.4179568608234154,-0.735468594490213
111,NAND,6,144,288684,0.0004988153136301285,10.969206622964235,103,97,0.5,2,2,0.5,0.5,0.5,0.25,0.25,0.25,0.25,-0.03134528426902256,1.561195304898453
112,NAND,5,232,30618,0.00757724214514338,7.044111431978125,135,130,-0.25,3,2,0.25,0.25,0.75,0.0625,0.6875,0.1875,0.0625,-1.349027533590283,-0.7873642498519036
113,NAND,6,16,288684,5.542392373668094e-05,14.139131624406547,247,241,0.0,2,2,0.5,0.5,0.5,0.0,0.75,0.0,0.25,-0.707987394263603,0.6214545677007401
114,NAND,5,120,30618,0.003919263178522437,7.995201831497179,239,234,0.0,2,1,0.5,0.5,0.5,0.0,0.5,0.5,0.0,-0.017318404324203906,-0.7045660593799672
115,NAND,3,20,405,0.04938271604938271,4.339850002884625,255,252,0.25,3,1,0.25,0.25,0.75,0.0625,0.6875,0.1875,0.0625,-1.3451310559647929,-1.2309940871208531
116,NAND,5,120,30618,0.003919263178522437,7.995201831497179,231,226,0.0,2,1,0.5,0.5,0.5,0.0,0.5,0.5,0.0,-0.017318404324203906,-0.7045660593799672
117,NAND,3,20,405,0.04938271604938271,4.339850002884625,263,260,0.25,3,1,0.25,0.25,0.75,0.0625,0.6875,0.1875,0.0625,-1.3451310559647929,-1.2309940871208531
118,NAND,8,544,28146690,1.9327316995355404e-05,15.658999096905818,271,263,0.25,3,2,0.25,0.75,0.75,0.0625,0.1875,0.6875,0.0625,1.4179568608234154,-0.735468594490213
119,NAND,1,2,9,0.2222222222222222,2.1699250014423126,95,94,0.5,2,2,0.0,0.5,0.5,0.25,0.5,0.25,0.0,-1.718305504780676,-0.1680702037761235
120,NAND,7,640,2814669,0.0002273801999453577,12.102605748381432,223,216,0.0,2,2,0.5,0.5,1.0,0.0,0.25,0.5,0.25,1.6726307839381622,-0.15496618946473198
121,NAND,9,3840,287096238,1.3375305879138688e-05,16.19006858963177,279,270,0.25,3,2,0.75,0.75,0.75,0.0625,0.1875,0.1875,0.5625,2.4181445690211603,1.8761877039961212
122,NAND,5,128,30618,0.004180547390423933,7.902092427105697,287,282,0.25,3,2,0.25,0.75,0.75,0.0625,0.1875,0.6875,0.0625,1.4179568608234154,-0.735468594490213
123,NAND,6,144,288684,0.0004988153136301285,10.969206622964235,103,97,0.5,2,2,0.5,0.5,0.5,0.25,0.25,0.25,0.25,-0.03134528426902256,1.561195304898453
124,NAND,5,128,30618,0.004180547390423933,7.902092427105697,303,298,0.25,3,2,0.25,0.75,0.75,0.0625,0.1875,0.6875,0.0625,1.4179568608234154,-0.735468594490213
125,NAND,6,144,288684,0.0004988153136301285,10.969206622964235,111,105,0.5,2,2,0.5,0.5,0.5,0.25,0.25,0.25,0.25,-0.03134528426902256,1.561195304898453
126,NAND,8,1056,28146690,3.751773299098402e-05,14.702067818797705,119,111,0.5,2,6,0.5,0.5,0.5,0.25,0.0,0.75,0.0,0.6398413175429254,2.4533238641624946
127,NAND,3,24,405,0.05925925925925926,4.076815597050831,19,16,0.75,3,6,0.25,0.25,0.25,0.5625,0.1875,0.1875,0.0625,-2.3919474023048486,3.6430573307847935
128,NAND,6,288,288684,0.000997630627260257,9.969206622964235,9,3,-0.75,3,6,0.25,0.25,0.25,0.5625,0.1875,0.1875,0.0625,-2.3919474023048486,3.6430573307847935
129,NAND,11,18432,31241290626,5.899884297564935e-07,20.69281000210418,59,48,-0.5,2,6,0.5,0.5,0.5,0.25,0.0,0.75,0.0,0.6398413175429254,2.4533238641624946
130,NAND,9,5184,287096238,1.805666293683723e-05,15.757109182355666,55,46,-0.5,2,2,0.5,0.5,0.5,0.25,0.25,0.25,0.25,-0.03134528426902256,1.561195304898453
131,NAND,7,96,2814669,3.4107029991803654e-05,14.83957134254764,151,144,-0.25,3,2,0.25,0.75,0.75,0.0625,0.1875,0.6875,0.0625,1.4179568608234154,-0.735468594490213
132,NAND,9,5184,287096238,1.805666293683723e-05,15.757109182355666,51,42,-0.5,2,2,0.5,0.5,0.5,0.25,0.25,0.25,0.25,-0.03134528426902256,1.561195304898453
133,NAND,7,96,2814669,3.4107029991803654e-05,14.83957134254764,143,136,-0.25,3,2,0.25,0.75,0.75,0.0625,0.1875,0.6875,0.0625,1.4179568608234154,-0.735468594490213
134,NAND,11,20736,31241290626,6.637369834760552e-07,20.52288500066187,139,128,-0.25,3,2,0.75,0.75,0.75,0.0625,0.1875,0.1875,0.5625,2.4181445690211603,1.8761877039961212
135,NAND,7,192,2814669,6.821405998360731e-05,13.83957134254764,255,248,0.0,2,2,0.5,0.5,1.0,0.0,0.25,0.5,0.25,1.6726307839381622,-0.15496618946473198
136,NAND,3,4,405,0.009876543209876543,6.661778097771987,47,44,-0.5,2,2,0.0,0.5,0.5,0.25,0.5,0.25,0.0,-1.718305504780676,-0.1680702037761235
137,NAND,9,544,287096238,1.8948349995446475e-06,19.00949634398995,135,126,-0.25,3,2,0.25,0.75,0.75,0.0625,0.1875,0.6875,0.0625,1.4179568608234154,-0.735468594490213
138,NAND,4,24,3402,0.007054673721340388,7.147204924942229,131,127,-0.25,3,1,0.25,0.25,0.75,0.0625,0.6875,0.1875,0.0625,-1.3451310559647929,-1.2309940871208531
139,NAND,5,8,30618,0.00026128421190149584,11.902092427105698,247,242,0.0,2,1,0.5,0.5,0.5,0.0,0.5,0.5,0.0,-0.017318404324203906,-0.7045660593799672
140,NAND,4,24,3402,0.007054673721340388,7.147204924942229,127,123,-0.25,3,1,0.25,0.25,0.75,0.0625,0.6875,0.1875,0.0625,-1.3451310559647929,-1.2309940871208531
141,NAND,5,8,30618,0.00026128421190149584,11.902092427105698,239,234,0.0,2,1,0.5,0.5,0.5,0.0,0.5,0.5,0.0,-0.017318404324203906,-0.7045660593799672
142,NAND,6,480,288684,0.001662717712100428,9.232241028798029,231,225,0.0,2,2,0.5,0.5,0.5,0.0,0.75,0.0,0.25,-0.707987394263603,0.6214545677007401
143,NAND,2,4,54,0.07407407407407407,3.7548875021634687,271,269,0.25,3,2,0.25,0.25,0.75,0.0625,0.6875,0.1875,0.0625,-1.349027533590283,-0.7873642498519036
144,NAND,9,5184,287096238,1.805666293683723e-05,15.757109182355666,51,42,-0.5,2,2,0.5,0.5,0.5,0.25,0.25,0.25,0.25,-0.03134528426902256,1.561195304898453
145,NAND,7,96,2814669,3.4107029991803654e-05,14.83957134254764,143,136,-0.25,3,2,0.25,0.75,0.75,0.0625,0.1875,0.6875,0.0625,1.4179568608234154,-0.735468594490213
146,NAND,11,20736,31241290626,6.637369834760552e-07,20.52288500066187,139,128,-0.25,3,2,0.75,0.75,0.75,0.0625,0.1875,0.1875,0.5625,2.4181445690211603,1.8761877039961212
147,NAND,7,192,2814669,6.821405998360731e-05,13.83957134254764,255,248,0.0,2,2,0.5,0.5,1.0,0.0,0.25,0.5,0.25,1.6726307839381622,-0.15496618946473198
148,NAND,11,20736,31241290626,6.637369834760552e-07,20.52288500066187,135,124,-0.25,3,2,0.75,0.75,0.75,0.0625,0.1875,0.1875,0.5625,2.4181445690211603,1.8761877039961212
149,NAND,7,192,2814669,6.821405998360731e-05,13.83957134254764,247,240,0.0,2,2,0.5,0.5,1.0,0.0,0.25,0.5,0.25,1.6726307839381622,-0.15496618946473198
150,NAND,14,373248,38375290837080,9.72625853402915e-09,26.615467913571017,239,225,0.0,1,6,1.0,1.0,1.0,0.0,0.0,0.0,1.0,4.682675040275745,5.3098612470691124
151,NAND,9,3072,287096238,1.070024470331095e-05,16.511996684519133,263,254,0.25,3,6,0.75,0.75,0.75,0.0625,0.1875,0.1875,0.5625,2.402558658519199,3.65070705307192
152,NAND,7,288,2814669,0.00010232108997541096,13.254608841826483,131,124,-0.25,3,2,0.25,0.75,0.75,0.0625,0.1875,0.6875,0.0625,1.4179568608234154,-0.735468594490213
153,NAND,5,8,30618,0.00026128421190149584,11.902092427105698,239,234,0.0,1,2,0.0,1.0,1.0,0.0,0.0,1.0,0.0,2.697885534382216,-1.687970698979355
154,NAND,8,192,28146690,6.8214059983607306e-06,17.161499437435,231,223,0.0,2,1,0.5,0.5,1.0,0.0,0.25,0.5,0.25,1.6765272615636526,-0.5985960267336816
155,NAND,5,16,30618,0.0005225684238029917,10.902092427105698,271,266,0.25,3,1,0.25,0.75,0.75,0.0625,0.1875,0.6875,0.0625,1.4218533384489056,-1.1790984317591626
156,NAND,8,192,28146690,6.8214059983607306e-06,17.161499437435,223,215,0.0,2,1,0.5,0.5,1.0,0.0,0.25,0.5,0.25,1.6765272615636526,-0.5985960267336816
157,NAND,5,16,30618,0.0005225684238029917,10.902092427105698,279,274,0.25,3,1,0.25,0.75,0.75,0.0625,0.1875,0.6875,0.0625,1.4218533384489056,-1.1790984317591626
158,NAND,10,3840,2975361012,1.2905996900923295e-06,19.563526985159218,287,277,0.25,3,2,0.75,0.75,0.75,0.0625,0.1875,0.1875,0.5625,2.4181445690211603,1.8761877039961212
159,NAND,5,32,30618,0.0010451368476059833,9.902092427105698,103,98,0.5,2,2,0.5,0.5,0.5,0.25,0.25,0.25,0.25,-0.03134528426902256,1.561195304898453
160,NAND,3,4,405,0.009876543209876543,6.661778097771987,47,44,-0.5,2,2,0.0,0.5,0.5,0.25,0.5,0.25,0.0,-1.718305504780676,-0.1680702037761235
161,NAND,9,544,287096238,1.8948349995446475e-06,19.00949634398995,135,126,-0.25,3,2,0.25,0.75,0.75,0.0625,0.1875,0.6875,0.0625,1.4179568608234154,-0.735468594490213
162,NAND,4,24,3402,0.007054673721340388,7.147204924942229,131,127,-0.25,3,1,0.25,0.25,0.75,0.0625,0.6875,0.1875,0.0625,-1.3451310559647929,-1.2309940871208531
163,NAND,5,8,30618,0.00026128421190149584,11.902092427105698,247,242,0.0,2,1,0.5,0.5,0.5,0.0,0.5,0.5,0.0,-0.017318404324203906,-0.7045660593799672
164,NAND,7,288,2814669,0.00010232108997541096,13.254608841826483,127,120,-0.25,3,2,0.25,0.75,0.75,0.0625,0.1875,0.6875,0.0625,1.4179568608234154,-0.735468594490213
165,NAND,5,8,30618,0.00026128421190149584,11.902092427105698,239,234,0.0,1,2,0.0,1.0,1.0,0.0,0.0,1.0,0.0,2.697885534382216,-1.687970698979355
166,NAND,8,192,28146690,6.8214059983607306e-06,17.161499437435,231,223,0.0,2,1,0.5,0.5,1.0,0.0,0.25,0.5,0.25,1.6765272615636526,-0.5985960267336816
167,NAND,5,16,30618,0.0005225684238029917,10.902092427105698,279,274,0.25,3,1,0.25,0.75,0.75,0.0625,0.1875,0.6875,0.0625,1.4218533384489056,-1.1790984317591626
168,NAND,3,8,405,0.019753086419753086,5.661778097771987,123,120,-0.25,3,2,0.25,0.25,0.75,0.0625,0.6875,0.1875,0.0625,-1.349027533590283,-0.7873642498519036
169,NAND,9,128,287096238,4.458435293046229e-07,21.09695918524029,231,222,0.0,2,2,0.5,0.5,1.0,0.0,0.25,0.5,0.25,1.6726307839381622,-0.15496618946473198
170,NAND,0,1,3,0.3333333333333333,1.5849625007211563,223,223,0.0,1,2,0.0,0.0,1.0,0.0,1.0,0.0,0.0,-2.836083254445181,-1.7917620097027362
171,NAND,5,4,30618,0.00013064210595074792,12.902092427105698,287,282,0.25,3,2,0.25,0.25,0.75,0.0625,0.6875,0.1875,0.0625,-1.349027533590283,-0.7873642498519036
172,NAND,4,24,3402,0.007054673721340388,7.147204924942229,215,211,0.0,2,1,0.5,0.5,0.5,0.0,0.5,0.5,0.0,-0.017318404324203906,-0.7045660593799672
173,NAND,6,48,288684,0.0001662717712100428,12.55416912368539,295,289,0.25,3,1,0.25,0.75,0.75,0.0625,0.1875,0.6875,0.0625,1.4218533384489056,-1.1790984317591626
174,NAND,4,12,3402,0.003527336860670194,8.147204924942228,303,299,0.25,3,1,0.25,0.25,0.75,0.0625,0.6875,0.1875,0.0625,-1.3451310559647929,-1.2309940871208531
175,NAND,2,6,54,0.1111111111111111,3.1699250014423126,111,109,0.5,2,1,0.0,0.5,0.5,0.25,0.5,0.25,0.0,-1.7144090271551857,-0.6117000410450731
176,NAND,4,24,3402,0.007054673721340388,7.147204924942229,127,123,-0.25,3,1,0.25,0.25,0.75,0.0625,0.6875,0.1875,0.0625,-1.3451310559647929,-1.2309940871208531
177,NAND,5,8,30618,0.00026128421190149584,11.902092427105698,239,234,0.0,2,1,0.5,0.5,0.5,0.0,0.5,0.5,0.0,-0.017318404324203906,-0.7045660593799672
178,NAND,6,480,288684,0.001662717712100428,9.232241028798029,231,225,0.0,2,2,0.5,0.5,0.5,0.0,0.75,0.0,0.25,-0.707987394263603,0.6214545677007401
179,NAND,2,4,54,0.07407407407407407,3.7548875021634687,271,269,0.25,3,2,0.25,0.25,0.75,0.0625,0.6875,0.1875,0.0625,-1.349027533590283,-0.7873642498519036
180,NAND,8,192,28146690,6.8214059983607306e-06,17.161499437435,223,215,0.0,2,1,0.5,0.5,1.0,0.0,0.25,0.5,0.25,1.6765272615636526,-0.5985960267336816
181,NAND,5,16,30618,0.0005225684238029917,10.902092427105698,279,274,0.25,3,1,0.25,0.75,0.75,0.0625,0.1875,0.6875,0.0625,1.4218533384489056,-1.1790984317591626
182,NAND,10,3840,2975361012,1.2905996900923295e-06,19.563526985159218,287,277,0.25,3,2,0.75,0.75,0.75,0.0625,0.1875,0.1875,0.5625,2.4181445690211603,1.8761877039961212
183,NAND,5,32,30618,0.0010451368476059833,9.902092427105698,103,98,0.5,2,2,0.5,0.5,0.5,0.25,0.25,0.25,0.25,-0.03134528426902256,1.561195304898453
184,NAND,4,24,3402,0.007054673721340388,7.147204924942229,215,211,0.0,2,1,0.5,0.5,0.5,0.0,0.5,0.5,0.0,-0.017318404324203906,-0.7045660593799672
185,NAND,6,48,288684,0.0001662717712100428,12.55416912368539,295,289,0.25,3,1,0.25,0.75,0.75,0.0625,0.1875,0.6875,0.0625,1.4218533384489056,-1.1790984317591626
186,NAND,4,12,3402,0.003527336860670194,8.147204924942228,303,299,0.25,3,1,0.25,0.25,0.75,0.0625,0.6875,0.1875,0.0625,-1.3451310559647929,-1.2309940871208531
187,NAND,2,6,54,0.1111111111111111,3.1699250014423126,111,109,0.5,2,1,0.0,0.5,0.5,0.25,0.5,0.25,0.0,-1.7144090271551857,-0.6117000410450731
188,NAND,6,480,288684,0.001662717712100428,9.232241028798029,319,313,0.25,3,2,0.25,0.75,0.75,0.0625,0.1875,0.6875,0.0625,1.4179568608234154,-0.735468594490213
189,NAND,6,192,288684,0.0006650870848401712,10.55416912368539,119,113,0.5,2,2,0.5,0.5,0.5,0.25,0.0,0.75,0.0,0.6554272280448865,0.6788045150866956
190,NAND,7,16,2814669,5.684504998633942e-06,17.424533843268794,127,120,0.5,2,2,0.5,0.5,0.5,0.25,0.25,0.25,0.25,-0.03134528426902256,1.561195304898453
191,NAND,4,80,3402,0.023515579071134628,5.410239330776022,23,19,0.75,3,2,0.25,0.25,0.25,0.5625,0.1875,0.1875,0.0625,-2.3763614918028875,1.8685379817089944
192,NAND,3,4,405,0.009876543209876543,6.661778097771987,43,40,-0.5,2,2,0.0,0.5,0.5,0.25,0.5,0.25,0.0,-1.718305504780676,-0.1680702037761235
193,NAND,9,544,287096238,1.8948349995446475e-06,19.00949634398995,127,118,-0.25,3,2,0.25,0.75,0.75,0.0625,0.1875,0.6875,0.0625,1.4179568608234154,-0.735468594490213
194,NAND,7,288,2814669,0.00010232108997541096,13.254608841826483,123,116,-0.25,3,2,0.25,0.75,0.75,0.0625,0.1875,0.6875,0.0625,1.4179568608234154,-0.735468594490213
195,NAND,5,8,30618,0.00026128421190149584,11.902092427105698,239,234,0.0,1,2,0.0,1.0,1.0,0.0,0.0,1.0,0.0,2.697885534382216,-1.687970698979355
196,NAND,4,24,3402,0.007054673721340388,7.147204924942229,119,115,-0.25,3,1,0.25,0.25,0.75,0.0625,0.6875,0.1875,0.0625,-1.3451310559647929,-1.2309940871208531
197,NAND,5,8,30618,0.00026128421190149584,11.902092427105698,231,226,0.0,2,1,0.5,0.5,0.5,0.0,0.5,0.5,0.0,-0.017318404324203906,-0.7045660593799672
198,NAND,8,192,28146690,6.8214059983607306e-06,17.161499437435,223,215,0.0,2,1,0.5,0.5,1.0,0.0,0.25,0.5,0.25,1.6765272615636526,-0.5985960267336816
199,NAND,5,16,30618,0.0005225684238029917,10.902092427105698,295,290,0.25,3,1,0.25,0.75,0.75,0.0625,0.1875,0.6875,0.0625,1.4218533384489056,-1.1790984317591626
200,NAND,3,8,405,0.019753086419753086,5.661778097771987,115,112,-0.25,3,2,0.25,0.25,0.75,0.0625,0.6875,0.1875,0.0625,-1.349027533590283,-0.7873642498519036
201,NAND,9,128,287096238,4.458435293046229e-07,21.09695918524029,223,214,0.0,2,2,0.5,0.5,1.0,0.0,0.25,0.5,0.25,1.6726307839381622,-0.15496618946473198
202,NAND,4,24,3402,0.007054673721340388,7.147204924942229,215,211,0.0,2,1,0.5,0.5,0.5,0.0,0.5,0.5,0.0,-0.017318404324203906,-0.7045660593799672
203,NAND,6,48,288684,0.0001662717712100428,12.55416912368539,303,297,0.25,3,1,0.25,0.75,0.75,0.0625,0.1875,0.6875,0.0625,1.4218533384489056,-1.1790984317591626
204,NAND,0,1,3,0.3333333333333333,1.5849625007211563,207,207,0.0,1,2,0.0,0.0,1.0,0.0,1.0,0.0,0.0,-2.836083254445181,-1.7917620097027362
205,NAND,5,4,30618,0.00013064210595074792,12.902092427105698,311,306,0.25,3,2,0.25,0.25,0.75,0.0625,0.6875,0.1875,0.0625,-1.349027533590283,-0.7873642498519036
206,NAND,4,12,3402,0.003527336860670194,8.147204924942228,319,315,0.25,3,1,0.25,0.25,0.75,0.0625,0.6875,0.1875,0.0625,-1.3451310559647929,-1.2309940871208531
207,NAND,2,6,54,0.1111111111111111,3.1699250014423126,119,117,0.5,2,1,0.0,0.5,0.5,0.25,0.5,0.25,0.0,-1.7144090271551857,-0.6117000410450731
208,NAND,4,24,3402,0.007054673721340388,7.147204924942229,119,115,-0.25,3,1,0.25,0.25,0.75,0.0625,0.6875,0.1875,0.0625,-1.3451310559647929,-1.2309940871208531
209,NAND,5,8,30618,0.00026128421190149584,11.902092427105698,231,226,0.0,2,1,0.5,0.5,0.5,0.0,0.5,0.5,0.0,-0.017318404324203906,-0.7045660593799672
210,NAND,8,192,28146690,6.8214059983607306e-06,17.161499437435,223,215,0.0,2,1,0.5,0.5,1.0,0.0,0.25,0.5,0.25,1.6765272615636526,-0.5985960267336816
211,NAND,5,16,30618,0.0005225684238029917,10.902092427105698,287,282,0.25,3,1,0.25,0.75,0.75,0.0625,0.1875,0.6875,0.0625,1.4218533384489056,-1.1790984317591626
212,NAND,6,480,288684,0.001662717712100428,9.232241028798029,215,209,0.0,2,2,0.5,0.5,0.5,0.0,0.75,0.0,0.25,-0.707987394263603,0.6214545677007401
213,NAND,2,4,54,0.07407407407407407,3.7548875021634687,295,293,0.25,3,2,0.25,0.25,0.75,0.0625,0.6875,0.1875,0.0625,-1.349027533590283,-0.7873642498519036
214,NAND,10,3840,2975361012,1.2905996900923295e-06,19.563526985159218,303,293,0.25,3,2,0.75,0.75,0.75,0.0625,0.1875,0.1875,0.5625,2.4181445690211603,1.8761877039961212
215,NAND,5,32,30618,0.0010451368476059833,9.902092427105698,111,106,0.5,2,2,0.5,0.5,0.5,0.25,0.25,0.25,0.25,-0.03134528426902256,1.561195304898453
216,NAND,4,24,3402,0.007054673721340388,7.147204924942229,207,203,0.0,2,1,0.5,0.5,0.5,0.0,0.5,0.5,0.0,-0.017318404324203906,-0.7045660593799672
217,NAND,6,48,288684,0.0001662717712100428,12.55416912368539,311,305,0.25,3,1,0.25,0.75,0.75,0.0625,0.1875,0.6875,0.0625,1.4218533384489056,-1.1790984317591626
218,NAND,6,480,288684,0.001662717712100428,9.232241028798029,319,313,0.25,3,2,0.25,0.75,0.75,0.0625,0.1875,0.6875,0.0625,1.4179568608234154,-0.735468594490213
219,NAND,6,192,288684,0.0006650870848401712,10.55416912368539,119,113,0.5,2,2,0.5,0.5,0.5,0.25,0.0,0.75,0.0,0.6554272280448865,0.6788045150866956
220,NAND,4,12,3402,0.003527336860670194,8.147204924942228,335,331,0.25,3,1,0.25,0.25,0.75,0.0625,0.6875,0.1875,0.0625,-1.3451310559647929,-1.2309940871208531
221,NAND,2,6,54,0.1111111111111111,3.1699250014423126,127,125,0.5,2,1,0.0,0.5,0.5,0.25,0.5,0.25,0.0,-1.7144090271551857,-0.6117000410450731
222,NAND,7,16,2814669,5.684504998633942e-06,17.424533843268794,135,128,0.5,2,2,0.5,0.5,0.5,0.25,0.25,0.25,0.25,-0.03134528426902256,1.561195304898453
223,NAND,4,80,3402,0.023515579071134628,5.410239330776022,27,23,0.75,3,2,0.25,0.25,0.25,0.5625,0.1875,0.1875,0.0625,-2.3763614918028875,1.8685379817089944
224,NAND,3,8,405,0.019753086419753086,5.661778097771987,115,112,-0.25,3,2,0.25,0.25,0.75,0.0625,0.6875,0.1875,0.0625,-1.349027533590283,-0.7873642498519036
225,NAND,9,128,287096238,4.458435293046229e-07,21.09695918524029,223,214,0.0,2,2,0.5,0.5,1.0,0.0,0.25,0.5,0.25,1.6726307839381622,-0.15496618946473198
226,NAND,4,24,3402,0.007054673721340388,7.147204924942229,215,211,0.0,2,1,0.5,0.5,0.5,0.0,0.5,0.5,0.0,-0.017318404324203906,-0.7045660593799672
227,NAND,6,48,288684,0.0001662717712100428,12.55416912368539,303,297,0.25,3,1,0.25,0.75,0.75,0.0625,0.1875,0.6875,0.0625,1.4218533384489056,-1.1790984317591626
228,NAND,4,24,3402,0.007054673721340388,7.147204924942229,207,203,0.0,2,1,0.5,0.5,0.5,0.0,0.5,0.5,0.0,-0.017318404324203906,-0.7045660593799672
229,NAND,6,48,288684,0.0001662717712100428,12.55416912368539,311,305,0.25,3,1,0.25,0.75,0.75,0.0625,0.1875,0.6875,0.0625,1.4218533384489056,-1.1790984317591626
230,NAND,6,480,288684,0.001662717712100428,9.232241028798029,319,313,0.25,3,2,0.25,0.75,0.75,0.0625,0.1875,0.6875,0.0625,1.4179568608234154,-0.735468594490213
231,NAND,6,192,288684,0.0006650870848401712,10.55416912368539,119,113,0.5,2,2,0.5,0.5,0.5,0.25,0.0,0.75,0.0,0.6554272280448865,0.6788045150866956
232,NAND,6,432,288684,0.0014964459408903852,9.384244122243079,199,193,0.0,2,6,0.5,0.5,0.5,0.0,0.75,0.0,0.25,-0.7235733047655643,2.395973916776539
233,NAND,11,13824,31241290626,4.4249132231737013e-07,21.107847501383027,327,316,0.25,3,6,0.75,0.75,0.75,0.0625,0.1875,0.1875,0.5625,2.402558658519199,3.65070705307192
234,NAND,3,4,405,0.009876543209876543,6.661778097771987,335,332,0.25,3,2,0.25,0.25,0.75,0.0625,0.6875,0.1875,0.0625,-1.349027533590283,-0.7873642498519036
235,NAND,7,432,2814669,0.00015348163496311645,12.669646341105327,127,120,0.5,2,2,0.5,0.5,0.5,0.25,0.25,0.25,0.25,-0.03134528426902256,1.561195304898453
236,NAND,3,4,405,0.009876543209876543,6.661778097771987,351,348,0.25,3,2,0.25,0.25,0.75,0.0625,0.6875,0.1875,0.0625,-1.349027533590283,-0.7873642498519036
237,NAND,7,432,2814669,0.00015348163496311645,12.669646341105327,135,128,0.5,2,2,0.5,0.5,0.5,0.25,0.25,0.25,0.25,-0.03134528426902256,1.561195304898453
238,NAND,3,2,405,0.0049382716049382715,7.661778097771987,143,140,0.5,2,2,0.0,0.5,0.5,0.25,0.5,0.25,0.0,-1.718305504780676,-0.1680702037761235
239,NAND,5,72,30618,0.0023515579071134627,8.732167425663386,31,26,0.75,3,2,0.25,0.25,0.25,0.5625,0.1875,0.1875,0.0625,-2.3763614918028875,1.8685379817089944
240,NAND,0,1,3,0.3333333333333333,1.5849625007211563,207,207,0.0,1,2,0.0,0.0,1.0,0.0,1.0,0.0,0.0,-2.836083254445181,-1.7917620097027362
241,NAND,5,4,30618,0.00013064210595074792,12.902092427105698,311,306,0.25,3,2,0.25,0.25,0.75,0.0625,0.6875,0.1875,0.0625,-1.349027533590283,-0.7873642498519036
242,NAND,4,12,3402,0.003527336860670194,8.147204924942228,319,315,0.25,3,1,0.25,0.25,0.75,0.0625,0.6875,0.1875,0.0625,-1.3451310559647929,-1.2309940871208531
243,NAND,2,6,54,0.1111111111111111,3.1699250014423126,119,117,0.5,2,1,0.0,0.5,0.5,0.25,0.5,0.25,0.0,-1.7144090271551857,-0.6117000410450731
244,NAND,4,12,3402,0.003527336860670194,8.147204924942228,335,331,0.25,3,1,0.25,0.25,0.75,0.0625,0.6875,0.1875,0.0625,-1.3451310559647929,-1.2309940871208531
245,NAND,2,6,54,0.1111111111111111,3.1699250014423126,127,125,0.5,2,1,0.0,0.5,0.5,0.25,0.5,0.25,0.0,-1.7144090271551857,-0.6117000410450731
246,NAND,7,16,2814669,5.684504998633942e-06,17.424533843268794,135,128,0.5,2,2,0.5,0.5,0.5,0.25,0.25,0.25,0.25,-0.03134528426902256,1.561195304898453
247,NAND,4,80,3402,0.023515579071134628,5.410239330776022,27,23,0.75,3,2,0.25,0.25,0.25,0.5625,0.1875,0.1875,0.0625,-2.3763614918028875,1.8685379817089944
248,NAND,3,4,405,0.009876543209876543,6.661778097771987,351,348,0.25,3,2,0.25,0.25,0.75,0.0625,0.6875,0.1875,0.0625,-1.349027533590283,-0.7873642498519036
249,NAND,7,432,2814669,0.00015348163496311645,12.669646341105327,135,128,0.5,2,2,0.5,0.5,0.5,0.25,0.25,0.25,0.25,-0.03134528426902256,1.561195304898453
250,NAND,3,2,405,0.0049382716049382715,7.661778097771987,143,140,0.5,2,2,0.0,0.5,0.5,0.25,0.5,0.25,0.0,-1.718305504780676,-0.1680702037761235
251,NAND,5,72,30618,0.0023515579071134627,8.732167425663386,31,26,0.75,3,2,0.25,0.25,0.25,0.5625,0.1875,0.1875,0.0625,-2.3763614918028875,1.8685379817089944
252,NAND,3,2,405,0.0049382716049382715,7.661778097771987,151,148,0.5,2,2,0.0,0.5,0.5,0.25,0.5,0.25,0.0,-1.718305504780676,-0.1680702037761235
253,NAND,5,72,30618,0.0023515579071134627,8.732167425663386,35,30,0.75,3,2,0.25,0.25,0.25,0.5625,0.1875,0.1875,0.0625,-2.3763614918028875,1.8685379817089944
254,NAND,7,120,2814669,4.263378748975457e-05,14.517643247660276,39,32,0.75,3,6,0.25,0.25,0.25,0.5625,0.1875,0.1875,0.0625,-2.3919474023048486,3.6430573307847935
255,NAND,2,6,54,0.1111111111111111,3.1699250014423126,7,5,1.0,0,6,0.0,0.0,0.0,1.0,0.0,0.0,0.0,-4.961106504830342,5.438927146293121
0,NOR,2,6,54,0.1111111111111111,3.1699250014423126,7,5,-1.0,0,6,0.0,0.0,0.0,1.0,0.0,0.0,0.0,-4.961106504830342,5.438927146293121
1,NOR,3,24,405,0.05925925925925926,4.076815597050831,19,16,-0.75,3,6,0.25,0.25,0.25,0.5625,0.1875,0.1875,0.0625,-2.3919474023048486,3.6430573307847935
2,NOR,4,80,3402,0.023515579071134628,5.410239330776022,23,19,-0.75,3,2,0.25,0.25,0.25,0.5625,0.1875,0.1875,0.0625,-2.3763614918028875,1.8685379817089944
3,NOR,1,2,9,0.2222222222222222,2.1699250014423126,87,86,-0.5,2,2,0.0,0.5,0.5,0.25,0.5,0.25,0.0,-1.718305504780676,-0.1680702037761235
4,NOR,4,80,3402,0.023515579071134628,5.410239330776022,27,23,-0.75,3,2,0.25,0.25,0.25,0.5625,0.1875,0.1875,0.0625,-2.3763614918028875,1.8685379817089944
5,NOR,1,2,9,0.2222222222222222,2.1699250014423126,95,94,-0.5,2,2,0.0,0.5,0.5,0.25,0.5,0.25,0.0,-1.718305504780676,-0.1680702037761235
6,NOR,5,32,30618,0.0010451368476059833,9.902092427105698,103,98,-0.5,2,2,0.5,0.5,0.5,0.25,0.25,0.25,0.25,-0.03134528426902256,1.561195304898453
7,NOR,4,36,3402,0.010582010582010581,6.562242424221073,247,243,-0.25,3,2,0.25,0.25,0.75,0.0625,0.6875,0.1875,0.0625,-1.349027533590283,-0.7873642498519036
8,NOR,5,72,30618,0.0023515579071134627,8.732167425663386,31,26,-0.75,3,2,0.25,0.25,0.25,0.5625,0.1875,0.1875,0.0625,-2.3763614918028875,1.8685379817089944
9,NOR,6,144,288684,0.0004988153136301285,10.969206622964235,103,97,-0.5,2,2,0.5,0.5,0.5,0.25,0.25,0.25,0.25,-0.03134528426902256,1.561195304898453
10,NOR,2,6,54,0.1111111111111111,3.1699250014423126,111,109,-0.5,2,1,0.0,0.5,0.5,0.25,0.5,0.25,0.0,-1.7144090271551857,-0.6117000410450731
11,NOR,3,20,405,0.04938271604938271,4.339850002884625,263,260,-0.25,3,1,0.25,0.25,0.75,0.0625,0.6875,0.1875,0.0625,-1.3451310559647929,-1.2309940871208531
12,NOR,2,6,54,0.1111111111111111,3.1699250014423126,119,117,-0.5,2,1,0.0,0.5,0.5,0.25,0.5,0.25,0.0,-1.7144090271551857,-0.6117000410450731
13,NOR,3,20,405,0.04938271604938271,4.339850002884625,279,276,-0.25,3,1,0.25,0.25,0.75,0.0625,0.6875,0.1875,0.0625,-1.3451310559647929,-1.2309940871208531
14,NOR,2,4,54,0.07407407407407407,3.7548875021634687,287,285,-0.25,3,2,0.25,0.25,0.75,0.0625,0.6875,0.1875,0.0625,-1.349027533590283,-0.7873642498519036
15,NOR,1,1,9,0.1111111111111111,3.1699250014423126,271,270,0.0,1,2,0.0,0.0,1.0,0.0,1.0,0.0,0.0,-2.836083254445181,-1.7917620097027362
16,NOR,4,80,3402,0.023515579071134628,5.410239330776022,27,23,-0.75,3,2,0.25,0.25,0.25,0.5625,0.1875,0.1875,0.0625,-2.3763614918028875,1.8685379817089944
17,NOR,1,2,9,0.2222222222222222,2.1699250014423126,95,94,-0.5,2,2,0.0,0.5,0.5,0.25,0.5,0.25,0.0,-1.718305504780676,-0.1680702037761235
18,NOR,5,32,30618,0.0010451368476059833,9.902092427105698,103,98,-0.5,2,2,0.5,0.5,0.5,0.25,0.25,0.25,0.25,-0.03134528426902256,1.561195304898453
19,NOR,4,36,3402,0.010582010582010581,6.562242424221073,247,243,-0.25,3,2,0.25,0.25,0.75,0.0625,0.6875,0.1875,0.0625,-1.349027533590283,-0.7873642498519036
20,NOR,5,32,30618,0.0010451368476059833,9.902092427105698,111,106,-0.5,2,2,0.5,0.5,0.5,0.25,0.25,0.25,0.25,-0.03134528426902256,1.561195304898453
21,NOR,4,36,3402,0.010582010582010581,6.562242424221073,263,259,-0.25,3,2,0.25,0.25,0.75,0.0625,0.6875,0.1875,0.0625,-1.349027533590283,-0.7873642498519036
22,NOR,9,3072,287096238,1.070024470331095e-05,16.511996684519133,271,262,-0.25,3,6,0.75,0.75,0.75,0.0625,0.1875,0.1875,0.5625,2.402558658519199,3.65070705307192
23,NOR,7,144,2814669,5.116054498770548e-05,14.254608841826483,279,272,0.0,2,6,0.5,0.5,0.5,0.0,0.75,0.0,0.25,-0.7235733047655643,2.395973916776539
24,NOR,6,192,288684,0.0006650870848401712,10.55416912368539,119,113,-0.5,2,2,0.5,0.5,0.5,0.25,0.0,0.75,0.0,0.6554272280448865,0.6788045150866956
25,NOR,7,864,2814669,0.0003069632699262329,11.669646341105327,279,272,-0.25,3,2,0.25,0.75,0.75,0.0625,0.1875,0.6875,0.0625,1.4179568608234154,-0.735468594490213
26,NOR,5,16,30618,0.0005225684238029917,10.902092427105698,287,282,-0.25,3,1,0.25,0.75,0.75,0.0625,0.1875,0.6875,0.0625,1.4218533384489056,-1.1790984317591626
27,NOR,6,72,288684,0.00024940765681506424,11.969206622964235,271,265,0.0,2,1,0.5,0.5,0.5,0.0,0.5,0.5,0.0,-0.017318404324203906,-0.7045660593799672
28,NOR,5,16,30618,0.0005225684238029917,10.902092427105698,295,290,-0.25,3,1,0.25,0.75,0.75,0.0625,0.1875,0.6875,0.0625,1.4218533384489056,-1.1790984317591626
29,NOR,6,72,288684,0.00024940765681506424,11.969206622964235,263,257,0.0,2,1,0.5,0.5,0.5,0.0,0.5,0.5,0.0,-0.017318404324203906,-0.7045660593799672
30,NOR,7,192,2814669,6.821405998360731e-05,13.83957134254764,255,248,0.0,2,2,0.5,0.5,1.0,0.0,0.25,0.5,0.25,1.6726307839381622,-0.15496618946473198
31,NOR,6,48,288684,0.0001662717712100428,12.55416912368539,183,177,0.25,3,2,0.25,0.25,0.75,0.0625,0.6875,0.1875,0.0625,-1.349027533590283,-0.7873642498519036
32,NOR,5,72,30618,0.0023515579071134627,8.732167425663386,31,26,-0.75,3,2,0.25,0.25,0.25,0.5625,0.1875,0.1875,0.0625,-2.3763614918028875,1.8685379817089944
33,NOR,6,144,288684,0.0004988153136301285,10.969206622964235,103,97,-0.5,2,2,0.5,0.5,0.5,0.25,0.25,0.25,0.25,-0.03134528426902256,1.561195304898453
34,NOR,2,6,54,0.1111111111111111,3.1699250014423126,111,109,-0.5,2,1,0.0,0.5,0.5,0.25,0.5,0.25,0.0,-1.7144090271551857,-0.6117000410450731
35,NOR,3,20,405,0.04938271604938271,4.339850002884625,263,260,-0.25,3,1,0.25,0.25,0.75,0.0625,0.6875,0.1875,0.0625,-1.3451310559647929,-1.2309940871208531
36,NOR,6,192,288684,0.0006650870848401712,10.55416912368539,119,113,-0.5,2,2,0.5,0.5,0.5,0.25,0.0,0.75,0.0,0.6554272280448865,0.6788045150866956
37,NOR,7,864,2814669,0.0003069632699262329,11.669646341105327,279,272,-0.25,3,2,0.25,0.75,0.75,0.0625,0.1875,0.6875,0.0625,1.4179568608234154,-0.735468594490213
38,NOR,5,16,30618,0.0005225684238029917,10.902092427105698,287,282,-0.25,3,1,0.25,0.75,0.75,0.0625,0.1875,0.6875,0.0625,1.4218533384489056,-1.1790984317591626
39,NOR,6,72,288684,0.00024940765681506424,11.969206622964235,271,265,0.0,2,1,0.5,0.5,0.5,0.0,0.5,0.5,0.0,-0.017318404324203906,-0.7045660593799672
40,NOR,7,432,2814669,0.00015348163496311645,12.669646341105327,127,120,-0.5,2,2,0.5,0.5,0.5,0.25,0.25,0.25,0.25,-0.03134528426902256,1.561195304898453
41,NOR,9,3840,287096238,1.3375305879138688e-05,16.19006858963177,295,286,-0.25,3,2,0.75,0.75,0.75,0.0625,0.1875,0.1875,0.5625,2.4181445690211603,1.8761877039961212
42,NOR,5,4,30618,0.00013064210595074792,12.902092427105698,303,298,-0.25,3,2,0.25,0.25,0.75,0.0625,0.6875,0.1875,0.0625,-1.349027533590283,-0.7873642498519036
43,NOR,6,16,288684,5.542392373668094e-05,14.139131624406547,263,257,0.0,2,2,0.5,0.5,0.5,0.0,0.75,0.0,0.25,-0.707987394263603,0.6214545677007401
44,NOR,6,48,288684,0.0001662717712100428,12.55416912368539,311,305,-0.25,3,1,0.25,0.75,0.75,0.0625,0.1875,0.6875,0.0625,1.4218533384489056,-1.1790984317591626
45,NOR,9,7872,287096238,2.741937705223431e-05,15.15444467990105,255,246,0.0,2,1,0.5,0.5,1.0,0.0,0.25,0.5,0.25,1.6765272615636526,-0.5985960267336816
46,NOR,5,8,30618,0.00026128421190149584,11.902092427105698,247,242,0.0,2,1,0.5,0.5,0.5,0.0,0.5,0.5,0.0,-0.017318404324203906,-0.7045660593799672
47,NOR,6,24,288684,8.31358856050214e-05,13.55416912368539,179,173,0.25,3,1,0.25,0.25,0.75,0.0625,0.6875,0.1875,0.0625,-1.3451310559647929,-1.2309940871208531
48,NOR,2,6,54,0.1111111111111111,3.1699250014423126,119,117,-0.5,2,1,0.0,0.5,0.5,0.25,0.5,0.25,0.0,-1.7144090271551857,-0.6117000410450731
49,NOR,3,20,405,0.04938271604938271,4.339850002884625,279,276,-0.25,3,1,0.25,0.25,0.75,0.0625,0.6875,0.1875,0.0625,-1.3451310559647929,-1.2309940871208531
50,NOR,2,4,54,0.07407407407407407,3.7548875021634687,287,285,-0.25,3,2,0.25,0.25,0.75,0.0625,0.6875,0.1875,0.0625,-1.349027533590283,-0.7873642498519036
51,NOR,1,1,9,0.1111111111111111,3.1699250014423126,271,270,0.0,1,2,0.0,0.0,1.0,0.0,1.0,0.0,0.0,-2.836083254445181,-1.7917620097027362
52,NOR,5,16,30618,0.0005225684238029917,10.902092427105698,295,290,-0.25,3,1,0.25,0.75,0.75,0.0625,0.1875,0.6875,0.0625,1.4218533384489056,-1.1790984317591626
53,NOR,6,72,288684,0.00024940765681506424,11.969206622964235,263,257,0.0,2,1,0.5,0.5,0.5,0.0,0.5,0.5,0.0,-0.017318404324203906,-0.7045660593799672
54,NOR,7,192,2814669,6.821405998360731e-05,13.83957134254764,255,248,0.0,2,2,0.5,0.5,1.0,0.0,0.25,0.5,0.25,1.6726307839381622,-0.15496618946473198
55,NOR,6,48,288684,0.0001662717712100428,12.55416912368539,183,177,0.25,3,2,0.25,0.25,0.75,0.0625,0.6875,0.1875,0.0625,-1.349027533590283,-0.7873642498519036
56,NOR,6,48,288684,0.0001662717712100428,12.55416912368539,303,297,-0.25,3,1,0.25,0.75,0.75,0.0625,0.1875,0.6875,0.0625,1.4218533384489056,-1.1790984317591626
57,NOR,9,7872,287096238,2.741937705223431e-05,15.15444467990105,255,246,0.0,2,1,0.5,0.5,1.0,0.0,0.25,0.5,0.25,1.6765272615636526,-0.5985960267336816
58,NOR,5,8,30618,0.00026128421190149584,11.902092427105698,247,242,0.0,2,1,0.5,0.5,0.5,0.0,0.5,0.5,0.0,-0.017318404324203906,-0.7045660593799672
59,NOR,6,24,288684,8.31358856050214e-05,13.55416912368539,179,173,0.25,3,1,0.25,0.25,0.75,0.0625,0.6875,0.1875,0.0625,-1.3451310559647929,-1.2309940871208531
60,NOR,5,8,30618,0.00026128421190149584,11.902092427105698,239,234,0.0,1,2,0.0,1.0,1.0,0.0,0.0,1.0,0.0,2.697885534382216,-1.687970698979355
61,NOR,8,320,28146690,1.1369009997267885e-05,16.424533843268794,175,167,0.25,3,2,0.25,0.75,0.75,0.0625,0.1875,0.6875,0.0625,1.4179568608234154,-0.735468594490213
62,NOR,7,96,2814669,3.4107029991803654e-05,14.83957134254764,171,164,0.25,3,2,0.25,0.75,0.75,0.0625,0.1875,0.6875,0.0625,1.4179568608234154,-0.735468594490213
63,NOR,6,24,288684,8.31358856050214e-05,13.55416912368539,75,69,0.5,2,2,0.0,0.5,0.5,0.25,0.5,0.25,0.0,-1.718305504780676,-0.1680702037761235
64,NOR,5,72,30618,0.0023515579071134627,8.732167425663386,35,30,-0.75,3,2,0.25,0.25,0.25,0.5625,0.1875,0.1875,0.0625,-2.3763614918028875,1.8685379817089944
65,NOR,6,144,288684,0.0004988153136301285,10.969206622964235,111,105,-0.5,2,2,0.5,0.5,0.5,0.25,0.25,0.25,0.25,-0.03134528426902256,1.561195304898453
66,NOR,6,192,288684,0.0006650870848401712,10.55416912368539,119,113,-0.5,2,2,0.5,0.5,0.5,0.25,0.0,0.75,0.0,0.6554272280448865,0.6788045150866956
67,NOR,7,864,2814669,0.0003069632699262329,11.669646341105327,279,272,-0.25,3,2,0.25,0.75,0.75,0.0625,0.1875,0.6875,0.0625,1.4179568608234154,-0.735468594490213
68,NOR,2,6,54,0.1111111111111111,3.1699250014423126,127,125,-0.5,2,1,0.0,0.5,0.5,0.25,0.5,0.25,0.0,-1.7144090271551857,-0.6117000410450731
69,NOR,3,20,405,0.04938271604938271,4.339850002884625,295,292,-0.25,3,1,0.25,0.25,0.75,0.0625,0.6875,0.1875,0.0625,-1.3451310559647929,-1.2309940871208531
70,NOR,5,16,30618,0.0005225684238029917,10.902092427105698,303,298,-0.25,3,1,0.25,0.75,0.75,0.0625,0.1875,0.6875,0.0625,1.4218533384489056,-1.1790984317591626
71,NOR,6,72,288684,0.00024940765681506424,11.969206622964235,263,257,0.0,2,1,0.5,0.5,0.5,0.0,0.5,0.5,0.0,-0.017318404324203906,-0.7045660593799672
72,NOR,7,432,2814669,0.00015348163496311645,12.669646341105327,135,128,-0.5,2,2,0.5,0.5,0.5,0.25,0.25,0.25,0.25,-0.03134528426902256,1.561195304898453
73,NOR,9,3840,287096238,1.3375305879138688e-05,16.19006858963177,311,302,-0.25,3,2,0.75,0.75,0.75,0.0625,0.1875,0.1875,0.5625,2.4181445690211603,1.8761877039961212
74,NOR,6,48,288684,0.0001662717712100428,12.55416912368539,319,313,-0.25,3,1,0.25,0.75,0.75,0.0625,0.1875,0.6875,0.0625,1.4218533384489056,-1.1790984317591626
75,NOR,9,7872,287096238,2.741937705223431e-05,15.15444467990105,255,246,0.0,2,1,0.5,0.5,1.0,0.0,0.25,0.5,0.25,1.6765272615636526,-0.5985960267336816
76,NOR,5,4,30618,0.00013064210595074792,12.902092427105698,327,322,-0.25,3,2,0.25,0.25,0.75,0.0625,0.6875,0.1875,0.0625,-1.349027533590283,-0.7873642498519036
77,NOR,6,16,288684,5.542392373668094e-05,14.139131624406547,247,241,0.0,2,2,0.5,0.5,0.5,0.0,0.75,0.0,0.25,-0.707987394263603,0.6214545677007401
78,NOR,5,8,30618,0.00026128421190149584,11.902092427105698,239,234,0.0,2,1,0.5,0.5,0.5,0.0,0.5,0.5,0.0,-0.017318404324203906,-0.7045660593799672
79,NOR,6,24,288684,8.31358856050214e-05,13.55416912368539,171,165,0.25,3,1,0.25,0.25,0.75,0.0625,0.6875,0.1875,0.0625,-1.3451310559647929,-1.2309940871208531
80,NOR,2,6,54,0.1111111111111111,3.1699250014423126,127,125,-0.5,2,1,0.0,0.5,0.5,0.25,0.5,0.25,0.0,-1.7144090271551857,-0.6117000410450731
81,NOR,3,20,405,0.04938271604938271,4.339850002884625,295,292,-0.25,3,1,0.25,0.25,0.75,0.0625,0.6875,0.1875,0.0625,-1.3451310559647929,-1.2309940871208531
82,NOR,5,16,30618,0.0005225684238029917,10.902092427105698,303,298,-0.25,3,1,0.25,0.75,0.75,0.0625,0.1875,0.6875,0.0625,1.4218533384489056,-1.1790984317591626
83,NOR,6,72,288684,0.00024940765681506424,11.969206622964235,263,257,0.0,2,1,0.5,0.5,0.5,0.0,0.5,0.5,0.0,-0.017318404324203906,-0.7045660593799672
84,NOR,2,4,54,0.07407407407407407,3.7548875021634687,311,309,-0.25,3,2,0.25,0.25,0.75,0.0625,0.6875,0.1875,0.0625,-1.349027533590283,-0.7873642498519036
85,NOR,1,1,9,0.1111111111111111,3.1699250014423126,255,254,0.0,1,2,0.0,0.0,1.0,0.0,1.0,0.0,0.0,-2.836083254445181,-1.7917620097027362
86,NOR,7,192,2814669,6.821405998360731e-05,13.83957134254764,247,240,0.0,2,2,0.5,0.5,1.0,0.0,0.25,0.5,0.25,1.6726307839381622,-0.15496618946473198
87,NOR,6,48,288684,0.0001662717712100428,12.55416912368539,175,169,0.25,3,2,0.25,0.25,0.75,0.0625,0.6875,0.1875,0.0625,-1.349027533590283,-0.7873642498519036
88,NOR,6,48,288684,0.0001662717712100428,12.55416912368539,319,313,-0.25,3,1,0.25,0.75,0.75,0.0625,0.1875,0.6875,0.0625,1.4218533384489056,-1.1790984317591626
89,NOR,9,7872,287096238,2.741937705223431e-05,15.15444467990105,247,238,0.0,2,1,0.5,0.5,1.0,0.0,0.25,0.5,0.25,1.6765272615636526,-0.5985960267336816
90,NOR,5,8,30618,0.00026128421190149584,11.902092427105698,239,234,0.0,1,2,0.0,1.0,1.0,0.0,0.0,1.0,0.0,2.697885534382216,-1.687970698979355
91,NOR,8,320,28146690,1.1369009997267885e-05,16.424533843268794,171,163,0.25,3,2,0.25,0.75,0.75,0.0625,0.1875,0.6875,0.0625,1.4179568608234154,-0.735468594490213
92,NOR,5,8,30618,0.00026128421190149584,11.902092427105698,231,226,0.0,2,1,0.5,0.5,0.5,0.0,0.5,0.5,0.0,-0.017318404324203906,-0.7045660593799672
93,NOR,6,24,288684,8.31358856050214e-05,13.55416912368539,167,161,0.25,3,1,0.25,0.25,0.75,0.0625,0.6875,0.1875,0.0625,-1.3451310559647929,-1.2309940871208531
94,NOR,7,96,2814669,3.4107029991803654e-05,14.83957134254764,163,156,0.25,3,2,0.25,0.75,0.75,0.0625,0.1875,0.6875,0.0625,1.4179568608234154,-0.735468594490213
95,NOR,6,24,288684,8.31358856050214e-05,13.55416912368539,71,65,0.5,2,2,0.0,0.5,0.5,0.25,0.5,0.25,0.0,-1.718305504780676,-0.1680702037761235
96,NOR,7,432,2814669,0.00015348163496311645,12.669646341105327,135,128,-0.5,2,2,0.5,0.5,0.5,0.25,0.25,0.25,0.25,-0.03134528426902256,1.561195304898453
97,NOR,9,3840,287096238,1.3375305879138688e-05,16.19006858963177,311,302,-0.25,3,2,0.75,0.75,0.75,0.0625,0.1875,0.1875,0.5625,2.4181445690211603,1.8761877039961212
98,NOR,6,48,288684,0.0001662717712100428,12.55416912368539,319,313,-0.25,3,1,0.25,0.75,0.75,0.0625,0.1875,0.6875,0.0625,1.4218533384489056,-1.1790984317591626
99,NOR,9,7872,287096238,2.741937705223431e-05,15.15444467990105,255,246,0.0,2,1,0.5,0.5,1.0,0.0,0.25,0.5,0.25,1.6765272615636526,-0.5985960267336816
100,NOR,6,48,288684,0.0001662717712100428,12.55416912368539,327,321,-0.25,3,1,0.25,0.75,0.75,0.0625,0.1875,0.6875,0.0625,1.4218533384489056,-1.1790984317591626
101,NOR,9,7872,287096238,2.741937705223431e-05,15.15444467990105,247,238,0.0,2,1,0.5,0.5,1.0,0.0,0.25,0.5,0.25,1.6765272615636526,-0.5985960267336816
102,NOR,5,8,30618,0.00026128421190149584,11.902092427105698,239,234,0.0,1,2,0.0,1.0,1.0,0.0,0.0,1.0,0.0,2.697885534382216,-1.687970698979355
103,NOR,8,320,28146690,1.1369009997267885e-05,16.424533843268794,167,159,0.25,3,2,0.25,0.75,0.75,0.0625,0.1875,0.6875,0.0625,1.4179568608234154,-0.735468594490213
104,NOR,11,13824,31241290626,4.4249132231737013e-07,21.107847501383027,335,324,-0.25,3,6,0.75,0.75,0.75,0.0625,0.1875,0.1875,0.5625,2.402558658519199,3.65070705307192
105,NOR,13,3072,3553267670100,8.645563141359244e-10,30.107321009900694,239,226,0.0,1,6,1.0,1.0,1.0,0.0,0.0,0.0,1.0,4.682675040275745,5.3098612470691124
106,NOR,9,128,287096238,4.458435293046229e-07,21.09695918524029,231,222,0.0,2,2,0.5,0.5,1.0,0.0,0.25,0.5,0.25,1.6726307839381622,-0.15496618946473198
107,NOR,12,5120,331638315876,1.543850560957008e-08,25.94889164729621,163,151,0.25,3,2,0.75,0.75,0.75,0.0625,0.1875,0.1875,0.5625,2.4181445690211603,1.8761877039961212
108,NOR,9,128,287096238,4.458435293046229e-07,21.09695918524029,223,214,0.0,2,2,0.5,0.5,1.0,0.0,0.25,0.5,0.25,1.6726307839381622,-0.15496618946473198
109,NOR,12,5120,331638315876,1.543850560957008e-08,25.94889164729621,159,147,0.25,3,2,0.75,0.75,0.75,0.0625,0.1875,0.1875,0.5625,2.4181445690211603,1.8761877039961212
110,NOR,9,544,287096238,1.8948349995446475e-06,19.00949634398995,155,146,0.25,3,2,0.25,0.75,0.75,0.0625,0.1875,0.6875,0.0625,1.4179568608234154,-0.735468594490213
111,NOR,10,192,2975361012,6.452998450461648e-08,23.88545508004658,67,57,0.5,2,2,0.5,0.5,0.5,0.25,0.25,0.25,0.25,-0.03134528426902256,1.561195304898453
112,NOR,5,4,30618,0.00013064210595074792,12.902092427105698,327,322,-0.25,3,2,0.25,0.25,0.75,0.0625,0.6875,0.1875,0.0625,-1.349027533590283,-0.7873642498519036
113,NOR,6,16,288684,5.542392373668094e-05,14.139131624406547,247,241,0.0,2,2,0.5,0.5,0.5,0.0,0.75,0.0,0.25,-0.707987394263603,0.6214545677007401
114,NOR,5,8,30618,0.00026128421190149584,11.902092427105698,239,234,0.0,2,1,0.5,0.5,0.5,0.0,0.5,0.5,0.0,-0.017318404324203906,-0.7045660593799672
115,NOR,6,24,288684,8.31358856050214e-05,13.55416912368539,171,165,0.25,3,1,0.25,0.25,0.75,0.0625,0.6875,0.1875,0.0625,-1.3451310559647929,-1.2309940871208531
116,NOR,5,8,30618,0.00026128421190149584,11.902092427105698,231,226,0.0,2,1,0.5,0.5,0.5,0.0,0.5,0.5,0.0,-0.017318404324203906,-0.7045660593799672
117,NOR,6,24,288684,8.31358856050214e-05,13.55416912368539,167,161,0.25,3,1,0.25,0.25,0.75,0.0625,0.6875,0.1875,0.0625,-1.3451310559647929,-1.2309940871208531
118,NOR,7,96,2814669,3.4107029991803654e-05,14.83957134254764,163,156,0.25,3,2,0.25,0.75,0.75,0.0625,0.1875,0.6875,0.0625,1.4179568608234154,-0.735468594490213
119,NOR,6,24,288684,8.31358856050214e-05,13.55416912368539,71,65,0.5,2,2,0.0,0.5,0.5,0.25,0.5,0.25,0.0,-1.718305504780676,-0.1680702037761235
120,NOR,9,128,287096238,4.458435293046229e-07,21.09695918524029,223,214,0.0,2,2,0.5,0.5,1.0,0.0,0.25,0.5,0.25,1.6726307839381622,-0.15496618946473198
121,NOR,12,5120,331638315876,1.543850560957008e-08,25.94889164729621,159,147,0.25,3,2,0.75,0.75,0.75,0.0625,0.1875,0.1875,0.5625,2.4181445690211603,1.8761877039961212
122,NOR,9,544,287096238,1.8948349995446475e-06,19.00949634398995,155,146,0.25,3,2,0.25,0.75,0.75,0.0625,0.1875,0.6875,0.0625,1.4179568608234154,-0.735468594490213
123,NOR,10,192,2975361012,6.452998450461648e-08,23.88545508004658,67,57,0.5,2,2,0.5,0.5,0.5,0.25,0.25,0.25,0.25,-0.03134528426902256,1.561195304898453
124,NOR,9,544,287096238,1.8948349995446475e-06,19.00949634398995,147,138,0.25,3,2,0.25,0.75,0.75,0.0625,0.1875,0.6875,0.0625,1.4179568608234154,-0.735468594490213
125,NOR,10,192,2975361012,6.452998450461648e-08,23.88545508004658,63,53,0.5,2,2,0.5,0.5,0.5,0.25,0.25,0.25,0.25,-0.03134528426902256,1.561195304898453
126,NOR,11,18432,31241290626,5.899884297564935e-07,20.69281000210418,59,48,0.5,2,6,0.5,0.5,0.5,0.25,0.0,0.75,0.0,0.6398413175429254,2.4533238641624946
127,NOR,10,1440,2975361012,4.839748837846235e-07,20.97856448443806,19,9,0.75,3,6,0.25,0.25,0.25,0.5625,0.1875,0.1875,0.0625,-2.3919474023048486,3.6430573307847935
128,NOR,7,120,2814669,4.263378748975457e-05,14.517643247660276,39,32,-0.75,3,6,0.25,0.25,0.25,0.5625,0.1875,0.1875,0.0625,-2.3919474023048486,3.6430573307847935
129,NOR,8,1056,28146690,3.751773299098402e-05,14.702067818797705,119,111,-0.5,2,6,0.5,0.5,0.5,0.25,0.0,0.75,0.0,0.6398413175429254,2.4533238641624946
130,NOR,7,16,2814669,5.684504998633942e-06,17.424533843268794,127,120,-0.5,2,2,0.5,0.5,0.5,0.25,0.25,0.25,0.25,-0.03134528426902256,1.561195304898453
131,NOR,8,544,28146690,1.9327316995355404e-05,15.658999096905818,295,287,-0.25,3,2,0.25,0.75,0.75,0.0625,0.1875,0.6875,0.0625,1.4179568608234154,-0.735468594490213
132,NOR,7,16,2814669,5.684504998633942e-06,17.424533843268794,135,128,-0.5,2,2,0.5,0.5,0.5,0.25,0.25,0.25,0.25,-0.03134528426902256,1.561195304898453
133,NOR,8,544,28146690,1.9327316995355404e-05,15.658999096905818,311,303,-0.25,3,2,0.25,0.75,0.75,0.0625,0.1875,0.6875,0.0625,1.4179568608234154,-0.735468594490213
134,NOR,10,3840,2975361012,1.2905996900923295e-06,19.563526985159218,319,309,-0.25,3,2,0.75,0.75,0.75,0.0625,0.1875,0.1875,0.5625,2.4181445690211603,1.8761877039961212
135,NOR,9,1152,287096238,4.012591763741606e-06,17.92703418379798,255,246,0.0,2,2,0.5,0.5,1.0,0.0,0.25,0.5,0.25,1.6726307839381622,-0.15496618946473198
136,NOR,3,2,405,0.0049382716049382715,7.661778097771987,143,140,-0.5,2,2,0.0,0.5,0.5,0.25,0.5,0.25,0.0,-1.718305504780676,-0.1680702037761235
137,NOR,5,128,30618,0.004180547390423933,7.902092427105697,327,322,-0.25,3,2,0.25,0.75,0.75,0.0625,0.1875,0.6875,0.0625,1.4179568608234154,-0.735468594490213
138,NOR,4,12,3402,0.003527336860670194,8.147204924942228,335,331,-0.25,3,1,0.25,0.25,0.75,0.0625,0.6875,0.1875,0.0625,-1.3451310559647929,-1.2309940871208531
139,NOR,5,120,30618,0.003919263178522437,7.995201831497179,247,242,0.0,2,1,0.5,0.5,0.5,0.0,0.5,0.5,0.0,-0.017318404324203906,-0.7045660593799672
140,NOR,4,12,3402,0.003527336860670194,8.147204924942228,343,339,-0.25,3,1,0.25,0.25,0.75,0.0625,0.6875,0.1875,0.0625,-1.3451310559647929,-1.2309940871208531
141,NOR,5,120,30618,0.003919263178522437,7.995201831497179,239,234,0.0,2,1,0.5,0.5,0.5,0.0,0.5,0.5,0.0,-0.017318404324203906,-0.7045660593799672
142,NOR,6,480,288684,0.001662717712100428,9.232241028798029,231,225,0.0,2,2,0.5,0.5,0.5,0.0,0.75,0.0,0.25,-0.707987394263603,0.6214545677007401
143,NOR,5,72,30618,0.0023515579071134627,8.732167425663386,163,158,0.25,3,2,0.25,0.25,0.75,0.0625,0.6875,0.1875,0.0625,-1.349027533590283,-0.7873642498519036
144,NOR,7,16,2814669,5.684504998633942e-06,17.424533843268794,135,128,-0.5,2,2,0.5,0.5,0.5,0.25,0.25,0.25,0.25,-0.03134528426902256,1.561195304898453
145,NOR,8,544,28146690,1.9327316995355404e-05,15.658999096905818,311,303,-0.25,3,2,0.25,0.75,0.75,0.0625,0.1875,0.6875,0.0625,1.4179568608234154,-0.735468594490213
146,NOR,10,3840,2975361012,1.2905996900923295e-06,19.563526985159218,319,309,-0.25,3,2,0.75,0.75,0.75,0.0625,0.1875,0.1875,0.5625,2.4181445690211603,1.8761877039961212
147,NOR,9,1152,287096238,4.012591763741606e-06,17.92703418379798,255,246,0.0,2,2,0.5,0.5,1.0,0.0,0.25,0.5,0.25,1.6726307839381622,-0.15496618946473198
148,NOR,10,3840,2975361012,1.2905996900923295e-06,19.563526985159218,327,317,-0.25,3,2,0.75,0.75,0.75,0.0625,0.1875,0.1875,0.5625,2.4181445690211603,1.8761877039961212
149,NOR,9,1152,287096238,4.012591763741606e-06,17.92703418379798,247,238,0.0,2,2,0.5,0.5,1.0,0.0,0.25,0.5,0.25,1.6726307839381622,-0.15496618946473198
150,NOR,14,373248,38375290837080,9.72625853402915e-09,26.615467913571017,239,225,0.0,1,6,1.0,1.0,1.0,0.0,0.0,0.0,1.0,4.682675040275745,5.3098612470691124
151,NOR,13,186624,3553267670100,5.252179608375741e-08,24.182508506294912,167,154,0.25,3,6,0.75,0.75,0.75,0.0625,0.1875,0.1875,0.5625,2.402558658519199,3.65070705307192
152,NOR,6,480,288684,0.001662717712100428,9.232241028798029,335,329,-0.25,3,2,0.25,0.75,0.75,0.0625,0.1875,0.6875,0.0625,1.4179568608234154,-0.735468594490213
153,NOR,5,72,30618,0.0023515579071134627,8.732167425663386,239,234,0.0,1,2,0.0,1.0,1.0,0.0,0.0,1.0,0.0,2.697885534382216,-1.687970698979355
154,NOR,8,192,28146690,6.8214059983607306e-06,17.161499437435,231,223,0.0,2,1,0.5,0.5,1.0,0.0,0.25,0.5,0.25,1.6765272615636526,-0.5985960267336816
155,NOR,8,864,28146690,3.069632699262329e-05,14.991574435992689,163,155,0.25,3,1,0.25,0.75,0.75,0.0625,0.1875,0.6875,0.0625,1.4218533384489056,-1.1790984317591626
156,NOR,8,192,28146690,6.8214059983607306e-06,17.161499437435,223,215,0.0,2,1,0.5,0.5,1.0,0.0,0.25,0.5,0.25,1.6765272615636526,-0.5985960267336816
157,NOR,8,864,28146690,3.069632699262329e-05,14.991574435992689,159,151,0.25,3,1,0.25,0.75,0.75,0.0625,0.1875,0.6875,0.0625,1.4218533384489056,-1.1790984317591626
158,NOR,11,20736,31241290626,6.637369834760552e-07,20.52288500066187,155,144,0.25,3,2,0.75,0.75,0.75,0.0625,0.1875,0.1875,0.5625,2.4181445690211603,1.8761877039961212
159,NOR,10,5184,2975361012,1.7423095816246448e-06,19.13056757788311,67,57,0.5,2,2,0.5,0.5,0.5,0.25,0.25,0.25,0.25,-0.03134528426902256,1.561195304898453
160,NOR,3,2,405,0.0049382716049382715,7.661778097771987,143,140,-0.5,2,2,0.0,0.5,0.5,0.25,0.5,0.25,0.0,-1.718305504780676,-0.1680702037761235
161,NOR,5,128,30618,0.004180547390423933,7.902092427105697,327,322,-0.25,3,2,0.25,0.75,0.75,0.0625,0.1875,0.6875,0.0625,1.4179568608234154,-0.735468594490213
162,NOR,4,12,3402,0.003527336860670194,8.147204924942228,335,331,-0.25,3,1,0.25,0.25,0.75,0.0625,0.6875,0.1875,0.0625,-1.3451310559647929,-1.2309940871208531
163,NOR,5,120,30618,0.003919263178522437,7.995201831497179,247,242,0.0,2,1,0.5,0.5,0.5,0.0,0.5,0.5,0.0,-0.017318404324203906,-0.7045660593799672
164,NOR,6,480,288684,0.001662717712100428,9.232241028798029,343,337,-0.25,3,2,0.25,0.75,0.75,0.0625,0.1875,0.6875,0.0625,1.4179568608234154,-0.735468594490213
165,NOR,5,72,30618,0.0023515579071134627,8.732167425663386,239,234,0.0,1,2,0.0,1.0,1.0,0.0,0.0,1.0,0.0,2.697885534382216,-1.687970698979355
166,NOR,8,192,28146690,6.8214059983607306e-06,17.161499437435,231,223,0.0,2,1,0.5,0.5,1.0,0.0,0.25,0.5,0.25,1.6765272615636526,-0.5985960267336816
167,NOR,8,864,28146690,3.069632699262329e-05,14.991574435992689,159,151,0.25,3,1,0.25,0.75,0.75,0.0625,0.1875,0.6875,0.0625,1.4218533384489056,-1.1790984317591626
168,NOR,3,4,405,0.009876543209876543,6.661778097771987,351,348,-0.25,3,2,0.25,0.25,0.75,0.0625,0.6875,0.1875,0.0625,-1.349027533590283,-0.7873642498519036
169,NOR,7,640,2814669,0.0002273801999453577,12.102605748381432,231,224,0.0,2,2,0.5,0.5,1.0,0.0,0.25,0.5,0.25,1.6726307839381622,-0.15496618946473198
170,NOR,0,1,3,0.3333333333333333,1.5849625007211563,223,223,0.0,1,2,0.0,0.0,1.0,0.0,1.0,0.0,0.0,-2.836083254445181,-1.7917620097027362
171,NOR,5,232,30618,0.00757724214514338,7.044111431978125,155,150,0.25,3,2,0.25,0.25,0.75,0.0625,0.6875,0.1875,0.0625,-1.349027533590283,-0.7873642498519036
172,NOR,4,24,3402,0.007054673721340388,7.147204924942229,215,211,0.0,2,1,0.5,0.5,0.5,0.0,0.5,0.5,0.0,-0.017318404324203906,-0.7045660593799672
173,NOR,7,960,2814669,0.00034107029991803654,11.517643247660276,151,144,0.25,3,1,0.25,0.75,0.75,0.0625,0.1875,0.6875,0.0625,1.4218533384489056,-1.1790984317591626
174,NOR,4,24,3402,0.007054673721340388,7.147204924942229,147,143,0.25,3,1,0.25,0.25,0.75,0.0625,0.6875,0.1875,0.0625,-1.3451310559647929,-1.2309940871208531
175,NOR,5,108,30618,0.003527336860670194,8.147204924942228,63,58,0.5,2,1,0.0,0.5,0.5,0.25,0.5,0.25,0.0,-1.7144090271551857,-0.6117000410450731
176,NOR,4,12,3402,0.003527336860670194,8.147204924942228,343,339,-0.25,3,1,0.25,0.25,0.75,0.0625,0.6875,0.1875,0.0625,-1.3451310559647929,-1.2309940871208531
177,NOR,5,120,30618,0.003919263178522437,7.995201831497179,239,234,0.0,2,1,0.5,0.5,0.5,0.0,0.5,0.5,0.0,-0.017318404324203906,-0.7045660593799672
178,NOR,6,480,288684,0.001662717712100428,9.232241028798029,231,225,0.0,2,2,0.5,0.5,0.5,0.0,0.75,0.0,0.25,-0.707987394263603,0.6214545677007401
179,NOR,5,72,30618,0.0023515579071134627,8.732167425663386,163,158,0.25,3,2,0.25,0.25,0.75,0.0625,0.6875,0.1875,0.0625,-1.349027533590283,-0.7873642498519036
180,NOR,8,192,28146690,6.8214059983607306e-06,17.161499437435,223,215,0.0,2,1,0.5,0.5,1.0,0.0,0.25,0.5,0.25,1.6765272615636526,-0.5985960267336816
181,NOR,8,864,28146690,3.069632699262329e-05,14.991574435992689,159,151,0.25,3,1,0.25,0.75,0.75,0.0625,0.1875,0.6875,0.0625,1.4218533384489056,-1.1790984317591626
182,NOR,11,20736,31241290626,6.637369834760552e-07,20.52288500066187,155,144,0.25,3,2,0.75,0.75,0.75,0.0625,0.1875,0.1875,0.5625,2.4181445690211603,1.8761877039961212
183,NOR,10,5184,2975361012,1.7423095816246448e-06,19.13056757788311,67,57,0.5,2,2,0.5,0.5,0.5,0.25,0.25,0.25,0.25,-0.03134528426902256,1.561195304898453
184,NOR,4,24,3402,0.007054673721340388,7.147204924942229,215,211,0.0,2,1,0.5,0.5,0.5,0.0,0.5,0.5,0.0,-0.017318404324203906,-0.7045660593799672
185,NOR,7,960,2814669,0.00034107029991803654,11.517643247660276,151,144,0.25,3,1,0.25,0.75,0.75,0.0625,0.1875,0.6875,0.0625,1.4218533384489056,-1.1790984317591626
186,NOR,4,24,3402,0.007054673721340388,7.147204924942229,147,143,0.25,3,1,0.25,0.25,0.75,0.0625,0.6875,0.1875,0.0625,-1.3451310559647929,-1.2309940871208531
187,NOR,5,108,30618,0.003527336860670194,8.147204924942228,63,58,0.5,2,1,0.0,0.5,0.5,0.25,0.5,0.25,0.0,-1.7144090271551857,-0.6117000410450731
188,NOR,7,288,2814669,0.00010232108997541096,13.254608841826483,139,132,0.25,3,2,0.25,0.75,0.75,0.0625,0.1875,0.6875,0.0625,1.4179568608234154,-0.735468594490213
189,NOR,9,2304,287096238,8.025183527483213e-06,16.92703418379798,59,50,0.5,2,2,0.5,0.5,0.5,0.25,0.0,0.75,0.0,0.6554272280448865,0.6788045150866956
190,NOR,9,5184,287096238,1.805666293683723e-05,15.757109182355666,55,46,0.5,2,2,0.5,0.5,0.5,0.25,0.25,0.25,0.25,-0.03134528426902256,1.561195304898453
191,NOR,8,864,28146690,3.069632699262329e-05,14.991574435992689,17,9,0.75,3,2,0.25,0.25,0.25,0.5625,0.1875,0.1875,0.0625,-2.3763614918028875,1.8685379817089944
192,NOR,3,2,405,0.0049382716049382715,7.661778097771987,151,148,-0.5,2,2,0.0,0.5,0.5,0.25,0.5,0.25,0.0,-1.718305504780676,-0.1680702037761235
193,NOR,5,128,30618,0.004180547390423933,7.902092427105697,343,338,-0.25,3,2,0.25,0.75,0.75,0.0625,0.1875,0.6875,0.0625,1.4179568608234154,-0.735468594490213
194,NOR,6,480,288684,0.001662717712100428,9.232241028798029,351,345,-0.25,3,2,0.25,0.75,0.75,0.0625,0.1875,0.6875,0.0625,1.4179568608234154,-0.735468594490213
195,NOR,5,72,30618,0.0023515579071134627,8.732167425663386,239,234,0.0,1,2,0.0,1.0,1.0,0.0,0.0,1.0,0.0,2.697885534382216,-1.687970698979355
196,NOR,4,12,3402,0.003527336860670194,8.147204924942228,359,355,-0.25,3,1,0.25,0.25,0.75,0.0625,0.6875,0.1875,0.0625,-1.3451310559647929,-1.2309940871208531
197,NOR,5,120,30618,0.003919263178522437,7.995201831497179,231,226,0.0,2,1,0.5,0.5,0.5,0.0,0.5,0.5,0.0,-0.017318404324203906,-0.7045660593799672
198,NOR,8,192,28146690,6.8214059983607306e-06,17.161499437435,223,215,0.0,2,1,0.5,0.5,1.0,0.0,0.25,0.5,0.25,1.6765272615636526,-0.5985960267336816
199,NOR,8,864,28146690,3.069632699262329e-05,14.991574435992689,151,143,0.25,3,1,0.25,0.75,0.75,0.0625,0.1875,0.6875,0.0625,1.4218533384489056,-1.1790984317591626
200,NOR,3,4,405,0.009876543209876543,6.661778097771987,367,364,-0.25,3,2,0.25,0.25,0.75,0.0625,0.6875,0.1875,0.0625,-1.349027533590283,-0.7873642498519036
201,NOR,7,640,2814669,0.0002273801999453577,12.102605748381432,223,216,0.0,2,2,0.5,0.5,1.0,0.0,0.25,0.5,0.25,1.6726307839381622,-0.15496618946473198
202,NOR,4,24,3402,0.007054673721340388,7.147204924942229,215,211,0.0,2,1,0.5,0.5,0.5,0.0,0.5,0.5,0.0,-0.017318404324203906,-0.7045660593799672
203,NOR,7,960,2814669,0.00034107029991803654,11.517643247660276,147,140,0.25,3,1,0.25,0.75,0.75,0.0625,0.1875,0.6875,0.0625,1.4218533384489056,-1.1790984317591626
204,NOR,0,1,3,0.3333333333333333,1.5849625007211563,207,207,0.0,1,2,0.0,0.0,1.0,0.0,1.0,0.0,0.0,-2.836083254445181,-1.7917620097027362
205,NOR,5,232,30618,0.00757724214514338,7.044111431978125,143,138,0.25,3,2,0.25,0.25,0.75,0.0625,0.6875,0.1875,0.0625,-1.349027533590283,-0.7873642498519036
206,NOR,4,24,3402,0.007054673721340388,7.147204924942229,139,135,0.25,3,1,0.25,0.25,0.75,0.0625,0.6875,0.1875,0.0625,-1.3451310559647929,-1.2309940871208531
207,NOR,5,108,30618,0.003527336860670194,8.147204924942228,59,54,0.5,2,1,0.0,0.5,0.5,0.25,0.5,0.25,0.0,-1.7144090271551857,-0.6117000410450731
208,NOR,4,12,3402,0.003527336860670194,8.147204924942228,359,355,-0.25,3,1,0.25,0.25,0.75,0.0625,0.6875,0.1875,0.0625,-1.3451310559647929,-1.2309940871208531
209,NOR,5,120,30618,0.003919263178522437,7.995201831497179,231,226,0.0,2,1,0.5,0.5,0.5,0.0,0.5,0.5,0.0,-0.017318404324203906,-0.7045660593799672
210,NOR,8,192,28146690,6.8214059983607306e-06,17.161499437435,223,215,0.0,2,1,0.5,0.5,1.0,0.0,0.25,0.5,0.25,1.6765272615636526,-0.5985960267336816
211,NOR,8,864,28146690,3.069632699262329e-05,14.991574435992689,155,147,0.25,3,1,0.25,0.75,0.75,0.0625,0.1875,0.6875,0.0625,1.4218533384489056,-1.1790984317591626
212,NOR,6,480,288684,0.001662717712100428,9.232241028798029,215,209,0.0,2,2,0.5,0.5,0.5,0.0,0.75,0.0,0.25,-0.707987394263603,0.6214545677007401
213,NOR,5,72,30618,0.0023515579071134627,8.732167425663386,151,146,0.25,3,2,0.25,0.25,0.75,0.0625,0.6875,0.1875,0.0625,-1.349027533590283,-0.7873642498519036
214,NOR,11,20736,31241290626,6.637369834760552e-07,20.52288500066187,147,136,0.25,3,2,0.75,0.75,0.75,0.0625,0.1875,0.1875,0.5625,2.4181445690211603,1.8761877039961212
215,NOR,10,5184,2975361012,1.7423095816246448e-06,19.13056757788311,63,53,0.5,2,2,0.5,0.5,0.5,0.25,0.25,0.25,0.25,-0.03134528426902256,1.561195304898453
216,NOR,4,24,3402,0.007054673721340388,7.147204924942229,207,203,0.0,2,1,0.5,0.5,0.5,0.0,0.5,0.5,0.0,-0.017318404324203906,-0.7045660593799672
217,NOR,7,960,2814669,0.00034107029991803654,11.517643247660276,143,136,0.25,3,1,0.25,0.75,0.75,0.0625,0.1875,0.6875,0.0625,1.4218533384489056,-1.1790984317591626
218,NOR,7,288,2814669,0.00010232108997541096,13.254608841826483,139,132,0.25,3,2,0.25,0.75,0.75,0.0625,0.1875,0.6875,0.0625,1.4179568608234154,-0.735468594490213
219,NOR,9,2304,287096238,8.025183527483213e-06,16.92703418379798,59,50,0.5,2,2,0.5,0.5,0.5,0.25,0.0,0.75,0.0,0.6554272280448865,0.6788045150866956
220,NOR,4,24,3402,0.007054673721340388,7.147204924942229,131,127,0.25,3,1,0.25,0.25,0.75,0.0625,0.6875,0.1875,0.0625,-1.3451310559647929,-1.2309940871208531
221,NOR,5,108,30618,0.003527336860670194,8.147204924942228,55,50,0.5,2,1,0.0,0.5,0.5,0.25,0.5,0.25,0.0,-1.7144090271551857,-0.6117000410450731
222,NOR,9,5184,287096238,1.805666293683723e-05,15.757109182355666,51,42,0.5,2,2,0.5,0.5,0.5,0.25,0.25,0.25,0.25,-0.03134528426902256,1.561195304898453
223,NOR,8,864,28146690,3.069632699262329e-05,14.991574435992689,15,7,0.75,3,2,0.25,0.25,0.25,0.5625,0.1875,0.1875,0.0625,-2.3763614918028875,1.8685379817089944
224,NOR,3,4,405,0.009876543209876543,6.661778097771987,367,364,-0.25,3,2,0.25,0.25,0.75,0.0625,0.6875,0.1875,0.0625,-1.349027533590283,-0.7873642498519036
225,NOR,7,640,2814669,0.0002273801999453577,12.102605748381432,223,216,0.0,2,2,0.5,0.5,1.0,0.0,0.25,0.5,0.25,1.6726307839381622,-0.15496618946473198
226,NOR,4,24,3402,0.007054673721340388,7.147204924942229,215,211,0.0,2,1,0.5,0.5,0.5,0.0,0.5,0.5,0.0,-0.017318404324203906,-0.7045660593799672
227,NOR,7,960,2814669,0.00034107029991803654,11.517643247660276,147,140,0.25,3,1,0.25,0.75,0.75,0.0625,0.1875,0.6875,0.0625,1.4218533384489056,-1.1790984317591626
228,NOR,4,24,3402,0.007054673721340388,7.147204924942229,207,203,0.0,2,1,0.5,0.5,0.5,0.0,0.5,0.5,0.0,-0.017318404324203906,-0.7045660593799672
229,NOR,7,960,2814669,0.00034107029991803654,11.517643247660276,143,136,0.25,3,1,0.25,0.75,0.75,0.0625,0.1875,0.6875,0.0625,1.4218533384489056,-1.1790984317591626
230,NOR,7,288,2814669,0.00010232108997541096,13.254608841826483,139,132,0.25,3,2,0.25,0.75,0.75,0.0625,0.1875,0.6875,0.0625,1.4179568608234154,-0.735468594490213
231,NOR,9,2304,287096238,8.025183527483213e-06,16.92703418379798,59,50,0.5,2,2,0.5,0.5,0.5,0.25,0.0,0.75,0.0,0.6554272280448865,0.6788045150866956
232,NOR,6,432,288684,0.0014964459408903852,9.384244122243079,199,193,0.0,2,6,0.5,0.5,0.5,0.0,0.75,0.0,0.25,-0.7235733047655643,2.395973916776539
233,NOR,10,15360,2975361012,5.162398760369318e-06,17.563526985159218,135,125,0.25,3,6,0.75,0.75,0.75,0.0625,0.1875,0.1875,0.5625,2.402558658519199,3.65070705307192
234,NOR,3,8,405,0.019753086419753086,5.661778097771987,131,128,0.25,3,2,0.25,0.25,0.75,0.0625,0.6875,0.1875,0.0625,-1.349027533590283,-0.7873642498519036
235,NOR,8,384,28146690,1.3642811996721461e-05,16.161499437435,55,47,0.5,2,2,0.5,0.5,0.5,0.25,0.25,0.25,0.25,-0.03134528426902256,1.561195304898453
236,NOR,3,8,405,0.019753086419753086,5.661778097771987,123,120,0.25,3,2,0.25,0.25,0.75,0.0625,0.6875,0.1875,0.0625,-1.349027533590283,-0.7873642498519036
237,NOR,8,384,28146690,1.3642811996721461e-05,16.161499437435,51,43,0.5,2,2,0.5,0.5,0.5,0.25,0.25,0.25,0.25,-0.03134528426902256,1.561195304898453
238,NOR,3,4,405,0.009876543209876543,6.661778097771987,47,44,0.5,2,2,0.0,0.5,0.5,0.25,0.5,0.25,0.0,-1.718305504780676,-0.1680702037761235
239,NOR,7,960,2814669,0.00034107029991803654,11.517643247660276,13,6,0.75,3,2,0.25,0.25,0.25,0.5625,0.1875,0.1875,0.0625,-2.3763614918028875,1.8685379817089944
240,NOR,0,1,3,0.3333333333333333,1.5849625007211563,207,207,0.0,1,2,0.0,0.0,1.0,0.0,1.0,0.0,0.0,-2.836083254445181,-1.7917620097027362
241,NOR,5,232,30618,0.00757724214514338,7.044111431978125,143,138,0.25,3,2,0.25,0.25,0.75,0.0625,0.6875,0.1875,0.0625,-1.349027533590283,-0.7873642498519036
242,NOR,4,24,3402,0.007054673721340388,7.147204924942229,139,135,0.25,3,1,0.25,0.25,0.75,0.0625,0.6875,0.1875,0.0625,-1.3451310559647929,-1.2309940871208531
243,NOR,5,108,30618,0.003527336860670194,8.147204924942228,59,54,0.5,2,1,0.0,0.5,0.5,0.25,0.5,0.25,0.0,-1.7144090271551857,-0.6117000410450731
244,NOR,4,24,3402,0.007054673721340388,7.147204924942229,131,127,0.25,3,1,0.25,0.25,0.75,0.0625,0.6875,0.1875,0.0625,-1.3451310559647929,-1.2309940871208531
245,NOR,5,108,30618,0.003527336860670194,8.147204924942228,55,50,0.5,2,1,0.0,0.5,0.5,0.25,0.5,0.25,0.0,-1.7144090271551857,-0.6117000410450731
246,NOR,9,5184,287096238,1.805666293683723e-05,15.757109182355666,51,42,0.5,2,2,0.5,0.5,0.5,0.25,0.25,0.25,0.25,-0.03134528426902256,1.561195304898453
247,NOR,8,864,28146690,3.069632699262329e-05,14.991574435992689,15,7,0.75,3,2,0.25,0.25,0.25,0.5625,0.1875,0.1875,0.0625,-2.3763614918028875,1.8685379817089944
248,NOR,3,8,405,0.019753086419753086,5.661778097771987,123,120,0.25,3,2,0.25,0.25,0.75,0.0625,0.6875,0.1875,0.0625,-1.349027533590283,-0.7873642498519036
249,NOR,8,384,28146690,1.3642811996721461e-05,16.161499437435,51,43,0.5,2,2,0.5,0.5,0.5,0.25,0.25,0.25,0.25,-0.03134528426902256,1.561195304898453
250,NOR,3,4,405,0.009876543209876543,6.661778097771987,47,44,0.5,2,2,0.0,0.5,0.5,0.25,0.5,0.25,0.0,-1.718305504780676,-0.1680702037761235
251,NOR,7,960,2814669,0.00034107029991803654,11.517643247660276,13,6,0.75,3,2,0.25,0.25,0.25,0.5625,0.1875,0.1875,0.0625,-2.3763614918028875,1.8685379817089944
252,NOR,3,4,405,0.009876543209876543,6.661778097771987,43,40,0.5,2,2,0.0,0.5,0.5,0.25,0.5,0.25,0.0,-1.718305504780676,-0.1680702037761235
253,NOR,7,960,2814669,0.00034107029991803654,11.517643247660276,11,4,0.75,3,2,0.25,0.25,0.25,0.5625,0.1875,0.1875,0.0625,-2.3763614918028875,1.8685379817089944
254,NOR,6,288,288684,0.000997630627260257,9.969206622964235,9,3,0.75,3,6,0.25,0.25,0.25,0.5625,0.1875,0.1875,0.0625,-2.3919474023048486,3.6430573307847935
255,NOR,5,36,30618,0.0011757789535567313,9.732167425663386,3,-2,1.0,0,6,0.0,0.0,0.0,1.0,0.0,0.0,0.0,-4.961106504830342,5.438927146293121
0,AND_OR_NOT,2,6,273,0.02197802197802198,5.507794640198696,2,0,-1.0,0,6,0.0,0.0,0.0,1.0,0.0,0.0,0.0,-4.961106504830342,5.438927146293121
1,AND_OR_NOT,3,12,4431,0.002708192281651997,8.52845411076479,3,0,-0.75,3,6,0.25,0.25,0.25,0.5625,0.1875,0.1875,0.0625,-2.3919474023048486,3.6430573307847935
2,AND_OR_NOT,3,4,4431,0.0009027307605506658,10.113416611485945,4,1,-0.75,3,2,0.25,0.25,0.25,0.5625,0.1875,0.1875,0.0625,-2.3763614918028875,1.8685379817089944
3,AND_OR_NOT,2,2,273,0.007326007326007326,7.092757140919852,7,5,-0.5,2,2,0.0,0.5,0.5,0.25,0.5,0.25,0.0,-1.718305504780676,-0.1680702037761235
4,AND_OR_NOT,3,4,4431,0.0009027307605506658,10.113416611485945,4,1,-0.75,3,2,0.25,0.25,0.25,0.5625,0.1875,0.1875,0.0625,-2.3763614918028875,1.8685379817089944
5,AND_OR_NOT,2,2,273,0.007326007326007326,7.092757140919852,7,5,-0.5,2,2,0.0,0.5,0.5,0.25,0.5,0.25,0.0,-1.718305504780676,-0.1680702037761235
6,AND_OR_NOT,5,16,1568217,1.0202669656048876e-05,16.580693773651596,8,3,-0.5,2,2,0.5,0.5,0.5,0.25,0.25,0.25,0.25,-0.03134528426902256,1.561195304898453
7,AND_OR_NOT,3,4,4431,0.0009027307605506658,10.113416611485945,11,8,-0.25,3,2,0.25,0.25,0.75,0.0625,0.6875,0.1875,0.0625,-1.349027533590283,-0.7873642498519036
8,AND_OR_NOT,3,12,4431,0.002708192281651997,8.52845411076479,3,0,-0.75,3,2,0.25,0.25,0.25,0.5625,0.1875,0.1875,0.0625,-2.3763614918028875,1.8685379817089944
9,AND_OR_NOT,6,32,31990413,1.0002996835333135e-06,19.931136282148266,8,2,-0.5,2,2,0.5,0.5,0.5,0.25,0.25,0.25,0.25,-0.03134528426902256,1.561195304898453
10,AND_OR_NOT,2,2,273,0.007326007326007326,7.092757140919852,8,6,-0.5,2,1,0.0,0.5,0.5,0.25,0.5,0.25,0.0,-1.7144090271551857,-0.6117000410450731
11,AND_OR_NOT,4,8,80535,9.933569255603154e-05,13.297328285169057,12,8,-0.25,3,1,0.25,0.25,0.75,0.0625,0.6875,0.1875,0.0625,-1.3451310559647929,-1.2309940871208531
12,AND_OR_NOT,2,2,273,0.007326007326007326,7.092757140919852,8,6,-0.5,2,1,0.0,0.5,0.5,0.25,0.5,0.25,0.0,-1.7144090271551857,-0.6117000410450731
13,AND_OR_NOT,4,8,80535,9.933569255603154e-05,13.297328285169057,12,8,-0.25,3,1,0.25,0.25,0.75,0.0625,0.6875,0.1875,0.0625,-1.3451310559647929,-1.2309940871208531
14,AND_OR_NOT,3,4,4431,0.0009027307605506658,10.113416611485945,13,10,-0.25,3,2,0.25,0.25,0.75,0.0625,0.6875,0.1875,0.0625,-1.349027533590283,-0.7873642498519036
15,AND_OR_NOT,1,1,21,0.047619047619047616,4.392317422778761,16,15,0.0,1,2,0.0,0.0,1.0,0.0,1.0,0.0,0.0,-2.836083254445181,-1.7917620097027362
16,AND_OR_NOT,3,4,4431,0.0009027307605506658,10.113416611485945,4,1,-0.75,3,2,0.25,0.25,0.25,0.5625,0.1875,0.1875,0.0625,-2.3763614918028875,1.8685379817089944
17,AND_OR_NOT,2,2,273,0.007326007326007326,7.092757140919852,7,5,-0.5,2,2,0.0,0.5,0.5,0.25,0.5,0.25,0.0,-1.718305504780676,-0.1680702037761235
18,AND_OR_NOT,5,16,1568217,1.0202669656048876e-05,16.580693773651596,8,3,-0.5,2,2,0.5,0.5,0.5,0.25,0.25,0.25,0.25,-0.03134528426902256,1.561195304898453
19,AND_OR_NOT,3,4,4431,0.0009027307605506658,10.113416611485945,11,8,-0.25,3,2,0.25,0.25,0.75,0.0625,0.6875,0.1875,0.0625,-1.349027533590283,-0.7873642498519036
20,AND_OR_NOT,5,16,1568217,1.0202669656048876e-05,16.580693773651596,8,3,-0.5,2,2,0.5,0.5,0.5,0.25,0.25,0.25,0.25,-0.03134528426902256,1.561195304898453
21,AND_OR_NOT,3,4,4431,0.0009027307605506658,10.113416611485945,11,8,-0.25,3,2,0.25,0.25,0.75,0.0625,0.6875,0.1875,0.0625,-1.349027533590283,-0.7873642498519036
22,AND_OR_NOT,8,2304,14599715403,1.5781129538501594e-07,22.595296193887126,12,4,-0.25,3,6,0.75,0.75,0.75,0.0625,0.1875,0.1875,0.5625,2.402558658519199,3.65070705307192
23,AND_OR_NOT,5,96,1568217,6.121601793629326e-05,13.99573127293044,15,10,0.0,2,6,0.5,0.5,0.5,0.0,0.75,0.0,0.25,-0.7235733047655643,2.395973916776539
24,AND_OR_NOT,6,32,31990413,1.0002996835333135e-06,19.931136282148266,8,2,-0.5,2,2,0.5,0.5,0.5,0.25,0.0,0.75,0.0,0.6554272280448865,0.6788045150866956
25,AND_OR_NOT,6,64,31990413,2.000599367066627e-06,18.931136282148266,12,6,-0.25,3,2,0.25,0.75,0.75,0.0625,0.1875,0.6875,0.0625,1.4179568608234154,-0.735468594490213
26,AND_OR_NOT,5,16,1568217,1.0202669656048876e-05,16.580693773651596,13,8,-0.25,3,1,0.25,0.75,0.75,0.0625,0.1875,0.6875,0.0625,1.4218533384489056,-1.1790984317591626
27,AND_OR_NOT,5,32,1568217,2.0405339312097752e-05,15.580693773651596,16,11,0.0,2,1,0.5,0.5,0.5,0.0,0.5,0.5,0.0,-0.017318404324203906,-0.7045660593799672
28,AND_OR_NOT,5,16,1568217,1.0202669656048876e-05,16.580693773651596,13,8,-0.25,3,1,0.25,0.75,0.75,0.0625,0.1875,0.6875,0.0625,1.4218533384489056,-1.1790984317591626
29,AND_OR_NOT,5,32,1568217,2.0405339312097752e-05,15.580693773651596,16,11,0.0,2,1,0.5,0.5,0.5,0.0,0.5,0.5,0.0,-0.017318404324203906,-0.7045660593799672
30,AND_OR_NOT,6,96,31990413,3.000899050599941e-06,18.346173781427108,17,11,0.0,2,2,0.5,0.5,1.0,0.0,0.25,0.5,0.25,1.6726307839381622,-0.15496618946473198
31,AND_OR_NOT,3,4,4431,0.0009027307605506658,10.113416611485945,11,8,0.25,3,2,0.25,0.25,0.75,0.0625,0.6875,0.1875,0.0625,-1.349027533590283,-0.7873642498519036
32,AND_OR_NOT,3,12,4431,0.002708192281651997,8.52845411076479,3,0,-0.75,3,2,0.25,0.25,0.25,0.5625,0.1875,0.1875,0.0625,-2.3763614918028875,1.8685379817089944
33,AND_OR_NOT,6,32,31990413,1.0002996835333135e-06,19.931136282148266,8,2,-0.5,2,2,0.5,0.5,0.5,0.25,0.25,0.25,0.25,-0.03134528426902256,1.561195304898453
34,AND_OR_NOT,2,2,273,0.007326007326007326,7.092757140919852,8,6,-0.5,2,1,0.0,0.5,0.5,0.25,0.5,0.25,0.0,-1.7144090271551857,-0.6117000410450731
35,AND_OR_NOT,4,8,80535,9.933569255603154e-05,13.297328285169057,12,8,-0.25,3,1,0.25,0.25,0.75,0.0625,0.6875,0.1875,0.0625,-1.3451310559647929,-1.2309940871208531
36,AND_OR_NOT,6,32,31990413,1.0002996835333135e-06,19.931136282148266,8,2,-0.5,2,2,0.5,0.5,0.5,0.25,0.0,0.75,0.0,0.6554272280448865,0.6788045150866956
37,AND_OR_NOT,6,64,31990413,2.000599367066627e-06,18.931136282148266,12,6,-0.25,3,2,0.25,0.75,0.75,0.0625,0.1875,0.6875,0.0625,1.4179568608234154,-0.735468594490213
38,AND_OR_NOT,5,16,1568217,1.0202669656048876e-05,16.580693773651596,13,8,-0.25,3,1,0.25,0.75,0.75,0.0625,0.1875,0.6875,0.0625,1.4218533384489056,-1.1790984317591626
39,AND_OR_NOT,5,32,1568217,2.0405339312097752e-05,15.580693773651596,16,11,0.0,2,1,0.5,0.5,0.5,0.0,0.5,0.5,0.0,-0.017318404324203906,-0.7045660593799672
40,AND_OR_NOT,5,48,1568217,3.060800896814663e-05,14.99573127293044,7,2,-0.5,2,2,0.5,0.5,0.5,0.25,0.25,0.25,0.25,-0.03134528426902256,1.561195304898453
41,AND_OR_NOT,9,2304,322181338269,7.1512521872893615e-09,27.059156973462816,13,4,-0.25,3,2,0.75,0.75,0.75,0.0625,0.1875,0.1875,0.5625,2.4181445690211603,1.8761877039961212
42,AND_OR_NOT,3,4,4431,0.0009027307605506658,10.113416611485945,12,9,-0.25,3,2,0.25,0.25,0.75,0.0625,0.6875,0.1875,0.0625,-1.349027533590283,-0.7873642498519036
43,AND_OR_NOT,6,64,31990413,2.000599367066627e-06,18.931136282148266,17,11,0.0,2,2,0.5,0.5,0.5,0.0,0.75,0.0,0.25,-0.707987394263603,0.6214545677007401
44,AND_OR_NOT,5,16,1568217,1.0202669656048876e-05,16.580693773651596,12,7,-0.25,3,1,0.25,0.75,0.75,0.0625,0.1875,0.6875,0.0625,1.4218533384489056,-1.1790984317591626
45,AND_OR_NOT,8,1216,14599715403,8.328929478653619e-08,23.517293681885853,17,9,0.0,2,1,0.5,0.5,1.0,0.0,0.25,0.5,0.25,1.6765272615636526,-0.5985960267336816
46,AND_OR_NOT,4,8,80535,9.933569255603154e-05,13.297328285169057,17,13,0.0,2,1,0.5,0.5,0.5,0.0,0.5,0.5,0.0,-0.017318404324203906,-0.7045660593799672
47,AND_OR_NOT,4,8,80535,9.933569255603154e-05,13.297328285169057,12,8,0.25,3,1,0.25,0.25,0.75,0.0625,0.6875,0.1875,0.0625,-1.3451310559647929,-1.2309940871208531
48,AND_OR_NOT,2,2,273,0.007326007326007326,7.092757140919852,8,6,-0.5,2,1,0.0,0.5,0.5,0.25,0.5,0.25,0.0,-1.7144090271551857,-0.6117000410450731
49,AND_OR_NOT,4,8,80535,9.933569255603154e-05,13.297328285169057,12,8,-0.25,3,1,0.25,0.25,0.75,0.0625,0.6875,0.1875,0.0625,-1.3451310559647929,-1.2309940871208531
50,AND_OR_NOT,3,4,4431,0.0009027307605506658,10.113416611485945,13,10,-0.25,3,2,0.25,0.25,0.75,0.0625,0.6875,0.1875,0.0625,-1.349027533590283,-0.7873642498519036
51,AND_OR_NOT,1,1,21,0.047619047619047616,4.392317422778761,16,15,0.0,1,2,0.0,0.0,1.0,0.0,1.0,0.0,0.0,-2.836083254445181,-1.7917620097027362
52,AND_OR_NOT,5,16,1568217,1.0202669656048876e-05,16.580693773651596,13,8,-0.25,3,1,0.25,0.75,0.75,0.0625,0.1875,0.6875,0.0625,1.4218533384489056,-1.1790984317591626
53,AND_OR_NOT,5,32,1568217,2.0405339312097752e-05,15.580693773651596,16,11,0.0,2,1,0.5,0.5,0.5,0.0,0.5,0.5,0.0,-0.017318404324203906,-0.7045660593799672
54,AND_OR_NOT,6,96,31990413,3.000899050599941e-06,18.346173781427108,17,11,0.0,2,2,0.5,0.5,1.0,0.0,0.25,0.5,0.25,1.6726307839381622,-0.15496618946473198
55,AND_OR_NOT,3,4,4431,0.0009027307605506658,10.113416611485945,11,8,0.25,3,2,0.25,0.25,0.75,0.0625,0.6875,0.1875,0.0625,-1.349027533590283,-0.7873642498519036
56,AND_OR_NOT,5,16,1568217,1.0202669656048876e-05,16.580693773651596,12,7,-0.25,3,1,0.25,0.75,0.75,0.0625,0.1875,0.6875,0.0625,1.4218533384489056,-1.1790984317591626
57,AND_OR_NOT,8,1216,14599715403,8.328929478653619e-08,23.517293681885853,17,9,0.0,2,1,0.5,0.5,1.0,0.0,0.25,0.5,0.25,1.6765272615636526,-0.5985960267336816
58,AND_OR_NOT,4,8,80535,9.933569255603154e-05,13.297328285169057,17,13,0.0,2,1,0.5,0.5,0.5,0.0,0.5,0.5,0.0,-0.017318404324203906,-0.7045660593799672
59,AND_OR_NOT,4,8,80535,9.933569255603154e-05,13.297328285169057,12,8,0.25,3,1,0.25,0.25,0.75,0.0625,0.6875,0.1875,0.0625,-1.3451310559647929,-1.2309940871208531
60,AND_OR_NOT,4,8,80535,9.933569255603154e-05,13.297328285169057,17,13,0.0,1,2,0.0,1.0,1.0,0.0,0.0,1.0,0.0,2.697885534382216,-1.687970698979355
61,AND_OR_NOT,6,64,31990413,2.000599367066627e-06,18.931136282148266,12,6,0.25,3,2,0.25,0.75,0.75,0.0625,0.1875,0.6875,0.0625,1.4179568608234154,-0.735468594490213
62,AND_OR_NOT,5,48,1568217,3.060800896814663e-05,14.99573127293044,13,8,0.25,3,2,0.25,0.75,0.75,0.0625,0.1875,0.6875,0.0625,1.4179568608234154,-0.735468594490213
63,AND_OR_NOT,2,2,273,0.007326007326007326,7.092757140919852,7,5,0.5,2,2,0.0,0.5,0.5,0.25,0.5,0.25,0.0,-1.718305504780676,-0.1680702037761235
64,AND_OR_NOT,3,12,4431,0.002708192281651997,8.52845411076479,3,0,-0.75,3,2,0.25,0.25,0.25,0.5625,0.1875,0.1875,0.0625,-2.3763614918028875,1.8685379817089944
65,AND_OR_NOT,6,32,31990413,1.0002996835333135e-06,19.931136282148266,8,2,-0.5,2,2,0.5,0.5,0.5,0.25,0.25,0.25,0.25,-0.03134528426902256,1.561195304898453
66,AND_OR_NOT,6,32,31990413,1.0002996835333135e-06,19.931136282148266,8,2,-0.5,2,2,0.5,0.5,0.5,0.25,0.0,0.75,0.0,0.6554272280448865,0.6788045150866956
67,AND_OR_NOT,6,64,31990413,2.000599367066627e-06,18.931136282148266,12,6,-0.25,3,2,0.25,0.75,0.75,0.0625,0.1875,0.6875,0.0625,1.4179568608234154,-0.735468594490213
68,AND_OR_NOT,2,2,273,0.007326007326007326,7.092757140919852,8,6,-0.5,2,1,0.0,0.5,0.5,0.25,0.5,0.25,0.0,-1.7144090271551857,-0.6117000410450731
69,AND_OR_NOT,4,8,80535,9.933569255603154e-05,13.297328285169057,12,8,-0.25,3,1,0.25,0.25,0.75,0.0625,0.6875,0.1875,0.0625,-1.3451310559647929,-1.2309940871208531
70,AND_OR_NOT,5,16,1568217,1.0202669656048876e-05,16.580693773651596,13,8,-0.25,3,1,0.25,0.75,0.75,0.0625,0.1875,0.6875,0.0625,1.4218533384489056,-1.1790984317591626
71,AND_OR_NOT,5,32,1568217,2.0405339312097752e-05,15.580693773651596,16,11,0.0,2,1,0.5,0.5,0.5,0.0,0.5,0.5,0.0,-0.017318404324203906,-0.7045660593799672
72,AND_OR_NOT,5,48,1568217,3.060800896814663e-05,14.99573127293044,7,2,-0.5,2,2,0.5,0.5,0.5,0.25,0.25,0.25,0.25,-0.03134528426902256,1.561195304898453
73,AND_OR_NOT,9,2304,322181338269,7.1512521872893615e-09,27.059156973462816,13,4,-0.25,3,2,0.75,0.75,0.75,0.0625,0.1875,0.1875,0.5625,2.4181445690211603,1.8761877039961212
74,AND_OR_NOT,5,16,1568217,1.0202669656048876e-05,16.580693773651596,12,7,-0.25,3,1,0.25,0.75,0.75,0.0625,0.1875,0.6875,0.0625,1.4218533384489056,-1.1790984317591626
75,AND_OR_NOT,8,1216,14599715403,8.328929478653619e-08,23.517293681885853,17,9,0.0,2,1,0.5,0.5,1.0,0.0,0.25,0.5,0.25,1.6765272615636526,-0.5985960267336816
76,AND_OR_NOT,3,4,4431,0.0009027307605506658,10.113416611485945,12,9,-0.25,3,2,0.25,0.25,0.75,0.0625,0.6875,0.1875,0.0625,-1.349027533590283,-0.7873642498519036
77,AND_OR_NOT,6,64,31990413,2.000599367066627e-06,18.931136282148266,17,11,0.0,2,2,0.5,0.5,0.5,0.0,0.75,0.0,0.25,-0.707987394263603,0.6214545677007401
78,AND_OR_NOT,4,8,80535,9.933569255603154e-05,13.297328285169057,17,13,0.0,2,1,0.5,0.5,0.5,0.0,0.5,0.5,0.0,-0.017318404324203906,-0.7045660593799672
79,AND_OR_NOT,4,8,80535,9.933569255603154e-05,13.297328285169057,12,8,0.25,3,1,0.25,0.25,0.75,0.0625,0.6875,0.1875,0.0625,-1.3451310559647929,-1.2309940871208531
80,AND_OR_NOT,2,2,273,0.007326007326007326,7.092757140919852,8,6,-0.5,2,1,0.0,0.5,0.5,0.25,0.5,0.25,0.0,-1.7144090271551857,-0.6117000410450731
81,AND_OR_NOT,4,8,80535,9.933569255603154e-05,13.297328285169057,12,8,-0.25,3,1,0.25,0.25,0.75,0.0625,0.6875,0.1875,0.0625,-1.3451310559647929,-1.2309940871208531
82,AND_OR_NOT,5,16,1568217,1.0202669656048876e-05,16.580693773651596,13,8,-0.25,3,1,0.25,0.75,0.75,0.0625,0.1875,0.6875,0.0625,1.4218533384489056,-1.1790984317591626
83,AND_OR_NOT,5,32,1568217,2.0405339312097752e-05,15.580693773651596,16,11,0.0,2,1,0.5,0.5,0.5,0.0,0.5,0.5,0.0,-0.017318404324203906,-0.7045660593799672
84,AND_OR_NOT,3,4,4431,0.0009027307605506658,10.113416611485945,13,10,-0.25,3,2,0.25,0.25,0.75,0.0625,0.6875,0.1875,0.0625,-1.349027533590283,-0.7873642498519036
85,AND_OR_NOT,1,1,21,0.047619047619047616,4.392317422778761,16,15,0.0,1,2,0.0,0.0,1.0,0.0,1.0,0.0,0.0,-2.836083254445181,-1.7917620097027362
86,AND_OR_NOT,6,96,31990413,3.000899050599941e-06,18.346173781427108,17,11,0.0,2,2,0.5,0.5,1.0,0.0,0.25,0.5,0.25,1.6726307839381622,-0.15496618946473198
87,AND_OR_NOT,3,4,4431,0.0009027307605506658,10.113416611485945,11,8,0.25,3,2,0.25,0.25,0.75,0.0625,0.6875,0.1875,0.0625,-1.349027533590283,-0.7873642498519036
88,AND_OR_NOT,5,16,1568217,1.0202669656048876e-05,16.580693773651596,12,7,-0.25,3,1,0.25,0.75,0.75,0.0625,0.1875,0.6875,0.0625,1.4218533384489056,-1.1790984317591626
89,AND_OR_NOT,8,1216,14599715403,8.328929478653619e-08,23.517293681885853,17,9,0.0,2,1,0.5,0.5,1.0,0.0,0.25,0.5,0.25,1.6765272615636526,-0.5985960267336816
90,AND_OR_NOT,4,8,80535,9.933569255603154e-05,13.297328285169057,17,13,0.0,1,2,0.0,1.0,1.0,0.0,0.0,1.0,0.0,2.697885534382216,-1.687970698979355
91,AND_OR_NOT,6,64,31990413,2.000599367066627e-06,18.931136282148266,12,6,0.25,3,2,0.25,0.75,0.75,0.0625,0.1875,0.6875,0.0625,1.4179568608234154,-0.735468594490213
92,AND_OR_NOT,4,8,80535,9.933569255603154e-05,13.297328285169057,17,13,0.0,2,1,0.5,0.5,0.5,0.0,0.5,0.5,0.0,-0.017318404324203906,-0.7045660593799672
93,AND_OR_NOT,4,8,80535,9.933569255603154e-05,13.297328285169057,12,8,0.25,3,1,0.25,0.25,0.75,0.0625,0.6875,0.1875,0.0625,-1.3451310559647929,-1.2309940871208531
94,AND_OR_NOT,5,48,1568217,3.060800896814663e-05,14.99573127293044,13,8,0.25,3,2,0.25,0.75,0.75,0.0625,0.1875,0.6875,0.0625,1.4179568608234154,-0.735468594490213
95,AND_OR_NOT,2,2,273,0.007326007326007326,7.092757140919852,7,5,0.5,2,2,0.0,0.5,0.5,0.25,0.5,0.25,0.0,-1.718305504780676,-0.1680702037761235
96,AND_OR_NOT,5,48,1568217,3.060800896814663e-05,14.99573127293044,7,2,-0.5,2,2,0.5,0.5,0.5,0.25,0.25,0.25,0.25,-0.03134528426902256,1.561195304898453
97,AND_OR_NOT,9,2304,322181338269,7.1512521872893615e-09,27.059156973462816,13,4,-0.25,3,2,0.75,0.75,0.75,0.0625,0.1875,0.1875,0.5625,2.4181445690211603,1.8761877039961212
98,AND_OR_NOT,5,16,1568217,1.0202669656048876e-05,16.580693773651596,12,7,-0.25,3,1,0.25,0.75,0.75,0.0625,0.1875,0.6875,0.0625,1.4218533384489056,-1.1790984317591626
99,AND_OR_NOT,8,1216,14599715403,8.328929478653619e-08,23.517293681885853,17,9,0.0,2,1,0.5,0.5,1.0,0.0,0.25,0.5,0.25,1.6765272615636526,-0.5985960267336816
100,AND_OR_NOT,5,16,1568217,1.0202669656048876e-05,16.580693773651596,12,7,-0.25,3,1,0.25,0.75,0.75,0.0625,0.1875,0.6875,0.0625,1.4218533384489056,-1.1790984317591626
101,AND_OR_NOT,8,1216,14599715403,8.328929478653619e-08,23.517293681885853,17,9,0.0,2,1,0.5,0.5,1.0,0.0,0.25,0.5,0.25,1.6765272615636526,-0.5985960267336816
102,AND_OR_NOT,4,8,80535,9.933569255603154e-05,13.297328285169057,17,13,0.0,1,2,0.0,1.0,1.0,0.0,0.0,1.0,0.0,2.697885534382216,-1.687970698979355
103,AND_OR_NOT,6,64,31990413,2.000599367066627e-06,18.931136282148266,12,6,0.25,3,2,0.25,0.75,0.75,0.0625,0.1875,0.6875,0.0625,1.4179568608234154,-0.735468594490213
104,AND_OR_NOT,8,4608,14599715403,3.1562259077003187e-07,21.595296193887126,11,3,-0.25,3,6,0.75,0.75,0.75,0.0625,0.1875,0.1875,0.5625,2.402558658519199,3.65070705307192
105,AND_OR_NOT,12,353280,3768748111734879,9.373935044902047e-11,33.31255424582077,17,5,0.0,1,6,1.0,1.0,1.0,0.0,0.0,0.0,1.0,4.682675040275745,5.3098612470691124
106,AND_OR_NOT,6,96,31990413,3.000899050599941e-06,18.346173781427108,16,10,0.0,2,2,0.5,0.5,1.0,0.0,0.25,0.5,0.25,1.6726307839381622,-0.15496618946473198
107,AND_OR_NOT,9,2304,322181338269,7.1512521872893615e-09,27.059156973462816,13,4,0.25,3,2,0.75,0.75,0.75,0.0625,0.1875,0.1875,0.5625,2.4181445690211603,1.8761877039961212
108,AND_OR_NOT,6,96,31990413,3.000899050599941e-06,18.346173781427108,16,10,0.0,2,2,0.5,0.5,1.0,0.0,0.25,0.5,0.25,1.6726307839381622,-0.15496618946473198
109,AND_OR_NOT,9,2304,322181338269,7.1512521872893615e-09,27.059156973462816,13,4,0.25,3,2,0.75,0.75,0.75,0.0625,0.1875,0.1875,0.5625,2.4181445690211603,1.8761877039961212
110,AND_OR_NOT,5,48,1568217,3.060800896814663e-05,14.99573127293044,12,7,0.25,3,2,0.25,0.75,0.75,0.0625,0.1875,0.6875,0.0625,1.4179568608234154,-0.735468594490213
111,AND_OR_NOT,6,32,31990413,1.0002996835333135e-06,19.931136282148266,8,2,0.5,2,2,0.5,0.5,0.5,0.25,0.25,0.25,0.25,-0.03134528426902256,1.561195304898453
112,AND_OR_NOT,3,4,4431,0.0009027307605506658,10.113416611485945,12,9,-0.25,3,2,0.25,0.25,0.75,0.0625,0.6875,0.1875,0.0625,-1.349027533590283,-0.7873642498519036
113,AND_OR_NOT,6,64,31990413,2.000599367066627e-06,18.931136282148266,17,11,0.0,2,2,0.5,0.5,0.5,0.0,0.75,0.0,0.25,-0.707987394263603,0.6214545677007401
114,AND_OR_NOT,4,8,80535,9.933569255603154e-05,13.297328285169057,17,13,0.0,2,1,0.5,0.5,0.5,0.0,0.5,0.5,0.0,-0.017318404324203906,-0.7045660593799672
115,AND_OR_NOT,4,8,80535,9.933569255603154e-05,13.297328285169057,12,8,0.25,3,1,0.25,0.25,0.75,0.0625,0.6875,0.1875,0.0625,-1.3451310559647929,-1.2309940871208531
116,AND_OR_NOT,4,8,80535,9.933569255603154e-05,13.297328285169057,17,13,0.0,2,1,0.5,0.5,0.5,0.0,0.5,0.5,0.0,-0.017318404324203906,-0.7045660593799672
117,AND_OR_NOT,4,8,80535,9.933569255603154e-05,13.297328285169057,12,8,0.25,3,1,0.25,0.25,0.75,0.0625,0.6875,0.1875,0.0625,-1.3451310559647929,-1.2309940871208531
118,AND_OR_NOT,5,48,1568217,3.060800896814663e-05,14.99573127293044,13,8,0.25,3,2,0.25,0.75,0.75,0.0625,0.1875,0.6875,0.0625,1.4179568608234154,-0.735468594490213
119,AND_OR_NOT,2,2,273,0.007326007326007326,7.092757140919852,7,5,0.5,2,2,0.0,0.5,0.5,0.25,0.5,0.25,0.0,-1.718305504780676,-0.1680702037761235
120,AND_OR_NOT,6,96,31990413,3.000899050599941e-06,18.346173781427108,16,10,0.0,2,2,0.5,0.5,1.0,0.0,0.25,0.5,0.25,1.6726307839381622,-0.15496618946473198
121,AND_OR_NOT,9,2304,322181338269,7.1512521872893615e-09,27.059156973462816,13,4,0.25,3,2,0.75,0.75,0.75,0.0625,0.1875,0.1875,0.5625,2.4181445690211603,1.8761877039961212
122,AND_OR_NOT,5,48,1568217,3.060800896814663e-05,14.99573127293044,12,7,0.25,3,2,0.25,0.75,0.75,0.0625,0.1875,0.6875,0.0625,1.4179568608234154,-0.735468594490213
123,AND_OR_NOT,6,32,31990413,1.0002996835333135e-06,19.931136282148266,8,2,0.5,2,2,0.5,0.5,0.5,0.25,0.25,0.25,0.25,-0.03134528426902256,1.561195304898453
124,AND_OR_NOT,5,48,1568217,3.060800896814663e-05,14.99573127293044,12,7,0.25,3,2,0.25,0.75,0.75,0.0625,0.1875,0.6875,0.0625,1.4179568608234154,-0.735468594490213
125,AND_OR_NOT,6,32,31990413,1.0002996835333135e-06,19.931136282148266,8,2,0.5,2,2,0.5,0.5,0.5,0.25,0.25,0.25,0.25,-0.03134528426902256,1.561195304898453
126,AND_OR_NOT,6,288,31990413,9.002697151799822e-06,16.761211280705954,8,2,0.5,2,6,0.5,0.5,0.5,0.25,0.0,0.75,0.0,0.6398413175429254,2.4533238641624946
127,AND_OR_NOT,3,12,4431,0.002708192281651997,8.52845411076479,3,0,0.75,3,6,0.25,0.25,0.25,0.5625,0.1875,0.1875,0.0625,-2.3919474023048486,3.6430573307847935
128,AND_OR_NOT,2,12,273,0.04395604395604396,4.507794640198696,2,0,-0.75,3,6,0.25,0.25,0.25,0.5625,0.1875,0.1875,0.0625,-2.3919474023048486,3.6430573307847935
129,AND_OR_NOT,6,288,31990413,9.002697151799822e-06,16.761211280705954,8,2,-0.5,2,6,0.5,0.5,0.5,0.25,0.0,0.75,0.0,0.6398413175429254,2.4533238641624946
130,AND_OR_NOT,5,16,1568217,1.0202669656048876e-05,16.580693773651596,7,2,-0.5,2,2,0.5,0.5,0.5,0.25,0.25,0.25,0.25,-0.03134528426902256,1.561195304898453
131,AND_OR_NOT,5,48,1568217,3.060800896814663e-05,14.99573127293044,13,8,-0.25,3,2,0.25,0.75,0.75,0.0625,0.1875,0.6875,0.0625,1.4179568608234154,-0.735468594490213
132,AND_OR_NOT,5,16,1568217,1.0202669656048876e-05,16.580693773651596,7,2,-0.5,2,2,0.5,0.5,0.5,0.25,0.25,0.25,0.25,-0.03134528426902256,1.561195304898453
133,AND_OR_NOT,5,48,1568217,3.060800896814663e-05,14.99573127293044,13,8,-0.25,3,2,0.25,0.75,0.75,0.0625,0.1875,0.6875,0.0625,1.4179568608234154,-0.735468594490213
134,AND_OR_NOT,8,768,14599715403,5.260376512833865e-08,24.18025869460828,12,4,-0.25,3,2,0.75,0.75,0.75,0.0625,0.1875,0.1875,0.5625,2.4181445690211603,1.8761877039961212
135,AND_OR_NOT,6,96,31990413,3.000899050599941e-06,18.346173781427108,17,11,0.0,2,2,0.5,0.5,1.0,0.0,0.25,0.5,0.25,1.6726307839381622,-0.15496618946473198
136,AND_OR_NOT,1,2,21,0.09523809523809523,3.3923174227787602,6,5,-0.5,2,2,0.0,0.5,0.5,0.25,0.5,0.25,0.0,-1.718305504780676,-0.1680702037761235
137,AND_OR_NOT,5,48,1568217,3.060800896814663e-05,14.99573127293044,12,7,-0.25,3,2,0.25,0.75,0.75,0.0625,0.1875,0.6875,0.0625,1.4179568608234154,-0.735468594490213
138,AND_OR_NOT,3,4,4431,0.0009027307605506658,10.113416611485945,11,8,-0.25,3,1,0.25,0.25,0.75,0.0625,0.6875,0.1875,0.0625,-1.3451310559647929,-1.2309940871208531
139,AND_OR_NOT,4,8,80535,9.933569255603154e-05,13.297328285169057,17,13,0.0,2,1,0.5,0.5,0.5,0.0,0.5,0.5,0.0,-0.017318404324203906,-0.7045660593799672
140,AND_OR_NOT,3,4,4431,0.0009027307605506658,10.113416611485945,11,8,-0.25,3,1,0.25,0.25,0.75,0.0625,0.6875,0.1875,0.0625,-1.3451310559647929,-1.2309940871208531
141,AND_OR_NOT,4,8,80535,9.933569255603154e-05,13.297328285169057,17,13,0.0,2,1,0.5,0.5,0.5,0.0,0.5,0.5,0.0,-0.017318404324203906,-0.7045660593799672
142,AND_OR_NOT,5,32,1568217,2.0405339312097752e-05,15.580693773651596,16,11,0.0,2,2,0.5,0.5,0.5,0.0,0.75,0.0,0.25,-0.707987394263603,0.6214545677007401
143,AND_OR_NOT,3,4,4431,0.0009027307605506658,10.113416611485945,13,10,0.25,3,2,0.25,0.25,0.75,0.0625,0.6875,0.1875,0.0625,-1.349027533590283,-0.7873642498519036
144,AND_OR_NOT,5,16,1568217,1.0202669656048876e-05,16.580693773651596,7,2,-0.5,2,2,0.5,0.5,0.5,0.25,0.25,0.25,0.25,-0.03134528426902256,1.561195304898453
145,AND_OR_NOT,5,48,1568217,3.060800896814663e-05,14.99573127293044,13,8,-0.25,3,2,0.25,0.75,0.75,0.0625,0.1875,0.6875,0.0625,1.4179568608234154,-0.735468594490213
146,AND_OR_NOT,8,768,14599715403,5.260376512833865e-08,24.18025869460828,12,4,-0.25,3,2,0.75,0.75,0.75,0.0625,0.1875,0.1875,0.5625,2.4181445690211603,1.8761877039961212
147,AND_OR_NOT,6,96,31990413,3.000899050599941e-06,18.346173781427108,17,11,0.0,2,2,0.5,0.5,1.0,0.0,0.25,0.5,0.25,1.6726307839381622,-0.15496618946473198
148,AND_OR_NOT,8,768,14599715403,5.260376512833865e-08,24.18025869460828,12,4,-0.25,3,2,0.75,0.75,0.75,0.0625,0.1875,0.1875,0.5625,2.4181445690211603,1.8761877039961212
149,AND_OR_NOT,6,96,31990413,3.000899050599941e-06,18.346173781427108,17,11,0.0,2,2,0.5,0.5,1.0,0.0,0.25,0.5,0.25,1.6726307839381622,-0.15496618946473198
150,AND_OR_NOT,11,113664,164100212802183,6.926499244520659e-10,30.4271545717866,17,6,0.0,1,6,1.0,1.0,1.0,0.0,0.0,0.0,1.0,4.682675040275745,5.3098612470691124
151,AND_OR_NOT,8,2304,14599715403,1.5781129538501594e-07,22.595296193887126,12,4,0.25,3,6,0.75,0.75,0.75,0.0625,0.1875,0.1875,0.5625,2.402558658519199,3.65070705307192
152,AND_OR_NOT,5,16,1568217,1.0202669656048876e-05,16.580693773651596,11,6,-0.25,3,2,0.25,0.75,0.75,0.0625,0.1875,0.6875,0.0625,1.4179568608234154,-0.735468594490213
153,AND_OR_NOT,4,8,80535,9.933569255603154e-05,13.297328285169057,17,13,0.0,1,2,0.0,1.0,1.0,0.0,0.0,1.0,0.0,2.697885534382216,-1.687970698979355
154,AND_OR_NOT,7,320,674817339,4.7420239745795864e-07,21.007993707439773,16,9,0.0,2,1,0.5,0.5,1.0,0.0,0.25,0.5,0.25,1.6765272615636526,-0.5985960267336816
155,AND_OR_NOT,5,16,1568217,1.0202669656048876e-05,16.580693773651596,13,8,0.25,3,1,0.25,0.75,0.75,0.0625,0.1875,0.6875,0.0625,1.4218533384489056,-1.1790984317591626
156,AND_OR_NOT,7,320,674817339,4.7420239745795864e-07,21.007993707439773,16,9,0.0,2,1,0.5,0.5,1.0,0.0,0.25,0.5,0.25,1.6765272615636526,-0.5985960267336816
157,AND_OR_NOT,5,16,1568217,1.0202669656048876e-05,16.580693773651596,13,8,0.25,3,1,0.25,0.75,0.75,0.0625,0.1875,0.6875,0.0625,1.4218533384489056,-1.1790984317591626
158,AND_OR_NOT,8,768,14599715403,5.260376512833865e-08,24.18025869460828,12,4,0.25,3,2,0.75,0.75,0.75,0.0625,0.1875,0.1875,0.5625,2.4181445690211603,1.8761877039961212
159,AND_OR_NOT,5,16,1568217,1.0202669656048876e-05,16.580693773651596,8,3,0.5,2,2,0.5,0.5,0.5,0.25,0.25,0.25,0.25,-0.03134528426902256,1.561195304898453
160,AND_OR_NOT,1,2,21,0.09523809523809523,3.3923174227787602,6,5,-0.5,2,2,0.0,0.5,0.5,0.25,0.5,0.25,0.0,-1.718305504780676,-0.1680702037761235
161,AND_OR_NOT,5,48,1568217,3.060800896814663e-05,14.99573127293044,12,7,-0.25,3,2,0.25,0.75,0.75,0.0625,0.1875,0.6875,0.0625,1.4179568608234154,-0.735468594490213
162,AND_OR_NOT,3,4,4431,0.0009027307605506658,10.113416611485945,11,8,-0.25,3,1,0.25,0.25,0.75,0.0625,0.6875,0.1875,0.0625,-1.3451310559647929,-1.2309940871208531
163,AND_OR_NOT,4,8,80535,9.933569255603154e-05,13.297328285169057,17,13,0.0,2,1,0.5,0.5,0.5,0.0,0.5,0.5,0.0,-0.017318404324203906,-0.7045660593799672
164,AND_OR_NOT,5,16,1568217,1.0202669656048876e-05,16.580693773651596,11,6,-0.25,3,2,0.25,0.75,0.75,0.0625,0.1875,0.6875,0.0625,1.4179568608234154,-0.735468594490213
165,AND_OR_NOT,4,8,80535,9.933569255603154e-05,13.297328285169057,17,13,0.0,1,2,0.0,1.0,1.0,0.0,0.0,1.0,0.0,2.697885534382216,-1.687970698979355
166,AND_OR_NOT,7,320,674817339,4.7420239745795864e-07,21.007993707439773,16,9,0.0,2,1,0.5,0.5,1.0,0.0,0.25,0.5,0.25,1.6765272615636526,-0.5985960267336816
167,AND_OR_NOT,5,16,1568217,1.0202669656048876e-05,16.580693773651596,13,8,0.25,3,1,0.25,0.75,0.75,0.0625,0.1875,0.6875,0.0625,1.4218533384489056,-1.1790984317591626
168,AND_OR_NOT,2,4,273,0.014652014652014652,6.092757140919852,10,8,-0.25,3,2,0.25,0.25,0.75,0.0625,0.6875,0.1875,0.0625,-1.349027533590283,-0.7873642498519036
169,AND_OR_NOT,6,96,31990413,3.000899050599941e-06,18.346173781427108,16,10,0.0,2,2,0.5,0.5,1.0,0.0,0.25,0.5,0.25,1.6726307839381622,-0.15496618946473198
170,AND_OR_NOT,0,1,3,0.3333333333333333,1.5849625007211563,15,15,0.0,1,2,0.0,0.0,1.0,0.0,1.0,0.0,0.0,-2.836083254445181,-1.7917620097027362
171,AND_OR_NOT,3,4,4431,0.0009027307605506658,10.113416611485945,12,9,0.25,3,2,0.25,0.25,0.75,0.0625,0.6875,0.1875,0.0625,-1.349027533590283,-0.7873642498519036
172,AND_OR_NOT,4,16,80535,0.00019867138511206307,12.297328285169057,15,11,0.0,2,1,0.5,0.5,0.5,0.0,0.5,0.5,0.0,-0.017318404324203906,-0.7045660593799672
173,AND_OR_NOT,5,16,1568217,1.0202669656048876e-05,16.580693773651596,12,7,0.25,3,1,0.25,0.75,0.75,0.0625,0.1875,0.6875,0.0625,1.4218533384489056,-1.1790984317591626
174,AND_OR_NOT,3,4,4431,0.0009027307605506658,10.113416611485945,11,8,0.25,3,1,0.25,0.25,0.75,0.0625,0.6875,0.1875,0.0625,-1.3451310559647929,-1.2309940871208531
175,AND_OR_NOT,2,2,273,0.007326007326007326,7.092757140919852,8,6,0.5,2,1,0.0,0.5,0.5,0.25,0.5,0.25,0.0,-1.7144090271551857,-0.6117000410450731
176,AND_OR_NOT,3,4,4431,0.0009027307605506658,10.113416611485945,11,8,-0.25,3,1,0.25,0.25,0.75,0.0625,0.6875,0.1875,0.0625,-1.3451310559647929,-1.2309940871208531
177,AND_OR_NOT,4,8,80535,9.933569255603154e-05,13.297328285169057,17,13,0.0,2,1,0.5,0.5,0.5,0.0,0.5,0.5,0.0,-0.017318404324203906,-0.7045660593799672
178,AND_OR_NOT,5,32,1568217,2.0405339312097752e-05,15.580693773651596,16,11,0.0,2,2,0.5,0.5,0.5,0.0,0.75,0.0,0.25,-0.707987394263603,0.6214545677007401
179,AND_OR_NOT,3,4,4431,0.0009027307605506658,10.113416611485945,13,10,0.25,3,2,0.25,0.25,0.75,0.0625,0.6875,0.1875,0.0625,-1.349027533590283,-0.7873642498519036
180,AND_OR_NOT,7,320,674817339,4.7420239745795864e-07,21.007993707439773,16,9,0.0,2,1,0.5,0.5,1.0,0.0,0.25,0.5,0.25,1.6765272615636526,-0.5985960267336816
181,AND_OR_NOT,5,16,1568217,1.0202669656048876e-05,16.580693773651596,13,8,0.25,3,1,0.25,0.75,0.75,0.0625,0.1875,0.6875,0.0625,1.4218533384489056,-1.1790984317591626
182,AND_OR_NOT,8,768,14599715403,5.260376512833865e-08,24.18025869460828,12,4,0.25,3,2,0.75,0.75,0.75,0.0625,0.1875,0.1875,0.5625,2.4181445690211603,1.8761877039961212
183,AND_OR_NOT,5,16,1568217,1.0202669656048876e-05,16.580693773651596,8,3,0.5,2,2,0.5,0.5,0.5,0.25,0.25,0.25,0.25,-0.03134528426902256,1.561195304898453
184,AND_OR_NOT,4,16,80535,0.00019867138511206307,12.297328285169057,15,11,0.0,2,1,0.5,0.5,0.5,0.0,0.5,0.5,0.0,-0.017318404324203906,-0.7045660593799672
185,AND_OR_NOT,5,16,1568217,1.0202669656048876e-05,16.580693773651596,12,7,0.25,3,1,0.25,0.75,0.75,0.0625,0.1875,0.6875,0.0625,1.4218533384489056,-1.1790984317591626
186,AND_OR_NOT,3,4,4431,0.0009027307605506658,10.113416611485945,11,8,0.25,3,1,0.25,0.25,0.75,0.0625,0.6875,0.1875,0.0625,-1.3451310559647929,-1.2309940871208531
187,AND_OR_NOT,2,2,273,0.007326007326007326,7.092757140919852,8,6,0.5,2,1,0.0,0.5,0.5,0.25,0.5,0.25,0.0,-1.7144090271551857,-0.6117000410450731
188,AND_OR_NOT,5,16,1568217,1.0202669656048876e-05,16.580693773651596,11,6,0.25,3,2,0.25,0.75,0.75,0.0625,0.1875,0.6875,0.0625,1.4179568608234154,-0.735468594490213
189,AND_OR_NOT,6,32,31990413,1.0002996835333135e-06,19.931136282148266,8,2,0.5,2,2,0.5,0.5,0.5,0.25,0.0,0.75,0.0,0.6554272280448865,0.6788045150866956
190,AND_OR_NOT,5,16,1568217,1.0202669656048876e-05,16.580693773651596,7,2,0.5,2,2,0.5,0.5,0.5,0.25,0.25,0.25,0.25,-0.03134528426902256,1.561195304898453
191,AND_OR_NOT,3,4,4431,0.0009027307605506658,10.113416611485945,4,1,0.75,3,2,0.25,0.25,0.25,0.5625,0.1875,0.1875,0.0625,-2.3763614918028875,1.8685379817089944
192,AND_OR_NOT,1,2,21,0.09523809523809523,3.3923174227787602,6,5,-0.5,2,2,0.0,0.5,0.5,0.25,0.5,0.25,0.0,-1.718305504780676,-0.1680702037761235
193,AND_OR_NOT,5,48,1568217,3.060800896814663e-05,14.99573127293044,12,7,-0.25,3,2,0.25,0.75,0.75,0.0625,0.1875,0.6875,0.0625,1.4179568608234154,-0.735468594490213
194,AND_OR_NOT,5,16,1568217,1.0202669656048876e-05,16.580693773651596,11,6,-0.25,3,2,0.25,0.75,0.75,0.0625,0.1875,0.6875,0.0625,1.4179568608234154,-0.735468594490213
195,AND_OR_NOT,4,8,80535,9.933569255603154e-05,13.297328285169057,17,13,0.0,1,2,0.0,1.0,1.0,0.0,0.0,1.0,0.0,2.697885534382216,-1.687970698979355
196,AND_OR_NOT,3,4,4431,0.0009027307605506658,10.113416611485945,11,8,-0.25,3,1,0.25,0.25,0.75,0.0625,0.6875,0.1875,0.0625,-1.3451310559647929,-1.2309940871208531
197,AND_OR_NOT,4,8,80535,9.933569255603154e-05,13.297328285169057,17,13,0.0,2,1,0.5,0.5,0.5,0.0,0.5,0.5,0.0,-0.017318404324203906,-0.7045660593799672
198,AND_OR_NOT,7,320,674817339,4.7420239745795864e-07,21.007993707439773,16,9,0.0,2,1,0.5,0.5,1.0,0.0,0.25,0.5,0.25,1.6765272615636526,-0.5985960267336816
199,AND_OR_NOT,5,16,1568217,1.0202669656048876e-05,16.580693773651596,13,8,0.25,3,1,0.25,0.75,0.75,0.0625,0.1875,0.6875,0.0625,1.4218533384489056,-1.1790984317591626
200,AND_OR_NOT,2,4,273,0.014652014652014652,6.092757140919852,10,8,-0.25,3,2,0.25,0.25,0.75,0.0625,0.6875,0.1875,0.0625,-1.349027533590283,-0.7873642498519036
201,AND_OR_NOT,6,96,31990413,3.000899050599941e-06,18.346173781427108,16,10,0.0,2,2,0.5,0.5,1.0,0.0,0.25,0.5,0.25,1.6726307839381622,-0.15496618946473198
202,AND_OR_NOT,4,16,80535,0.00019867138511206307,12.297328285169057,15,11,0.0,2,1,0.5,0.5,0.5,0.0,0.5,0.5,0.0,-0.017318404324203906,-0.7045660593799672
203,AND_OR_NOT,5,16,1568217,1.0202669656048876e-05,16.580693773651596,12,7,0.25,3,1,0.25,0.75,0.75,0.0625,0.1875,0.6875,0.0625,1.4218533384489056,-1.1790984317591626
204,AND_OR_NOT,0,1,3,0.3333333333333333,1.5849625007211563,15,15,0.0,1,2,0.0,0.0,1.0,0.0,1.0,0.0,0.0,-2.836083254445181,-1.7917620097027362
205,AND_OR_NOT,3,4,4431,0.0009027307605506658,10.113416611485945,12,9,0.25,3,2,0.25,0.25,0.75,0.0625,0.6875,0.1875,0.0625,-1.349027533590283,-0.7873642498519036
206,AND_OR_NOT,3,4,4431,0.0009027307605506658,10.113416611485945,11,8,0.25,3,1,0.25,0.25,0.75,0.0625,0.6875,0.1875,0.0625,-1.3451310559647929,-1.2309940871208531
207,AND_OR_NOT,2,2,273,0.007326007326007326,7.092757140919852,8,6,0.5,2,1,0.0,0.5,0.5,0.25,0.5,0.25,0.0,-1.7144090271551857,-0.6117000410450731
208,AND_OR_NOT,3,4,4431,0.0009027307605506658,10.113416611485945,11,8,-0.25,3,1,0.25,0.25,0.75,0.0625,0.6875,0.1875,0.0625,-1.3451310559647929,-1.2309940871208531
209,AND_OR_NOT,4,8,80535,9.933569255603154e-05,13.297328285169057,17,13,0.0,2,1,0.5,0.5,0.5,0.0,0.5,0.5,0.0,-0.017318404324203906,-0.7045660593799672
210,AND_OR_NOT,7,320,674817339,4.7420239745795864e-07,21.007993707439773,16,9,0.0,2,1,0.5,0.5,1.0,0.0,0.25,0.5,0.25,1.6765272615636526,-0.5985960267336816
211,AND_OR_NOT,5,16,1568217,1.0202669656048876e-05,16.580693773651596,13,8,0.25,3,1,0.25,0.75,0.75,0.0625,0.1875,0.6875,0.0625,1.4218533384489056,-1.1790984317591626
212,AND_OR_NOT,5,32,1568217,2.0405339312097752e-05,15.580693773651596,16,11,0.0,2,2,0.5,0.5,0.5,0.0,0.75,0.0,0.25,-0.707987394263603,0.6214545677007401
213,AND_OR_NOT,3,4,4431,0.0009027307605506658,10.113416611485945,13,10,0.25,3,2,0.25,0.25,0.75,0.0625,0.6875,0.1875,0.0625,-1.349027533590283,-0.7873642498519036
214,AND_OR_NOT,8,768,14599715403,5.260376512833865e-08,24.18025869460828,12,4,0.25,3,2,0.75,0.75,0.75,0.0625,0.1875,0.1875,0.5625,2.4181445690211603,1.8761877039961212
215,AND_OR_NOT,5,16,1568217,1.0202669656048876e-05,16.580693773651596,8,3,0.5,2,2,0.5,0.5,0.5,0.25,0.25,0.25,0.25,-0.03134528426902256,1.561195304898453
216,AND_OR_NOT,4,16,80535,0.00019867138511206307,12.297328285169057,15,11,0.0,2,1,0.5,0.5,0.5,0.0,0.5,0.5,0.0,-0.017318404324203906,-0.7045660593799672
217,AND_OR_NOT,5,16,1568217,1.0202669656048876e-05,16.580693773651596,12,7,0.25,3,1,0.25,0.75,0.75,0.0625,0.1875,0.6875,0.0625,1.4218533384489056,-1.1790984317591626
218,AND_OR_NOT,5,16,1568217,1.0202669656048876e-05,16.580693773651596,11,6,0.25,3,2,0.25,0.75,0.75,0.0625,0.1875,0.6875,0.0625,1.4179568608234154,-0.735468594490213
219,AND_OR_NOT,6,32,31990413,1.0002996835333135e-06,19.931136282148266,8,2,0.5,2,2,0.5,0.5,0.5,0.25,0.0,0.75,0.0,0.6554272280448865,0.6788045150866956
220,AND_OR_NOT,3,4,4431,0.0009027307605506658,10.113416611485945,11,8,0.25,3,1,0.25,0.25,0.75,0.0625,0.6875,0.1875,0.0625,-1.3451310559647929,-1.2309940871208531
221,AND_OR_NOT,2,2,273,0.007326007326007326,7.092757140919852,8,6,0.5,2,1,0.0,0.5,0.5,0.25,0.5,0.25,0.0,-1.7144090271551857,-0.6117000410450731
222,AND_OR_NOT,5,16,1568217,1.0202669656048876e-05,16.580693773651596,7,2,0.5,2,2,0.5,0.5,0.5,0.25,0.25,0.25,0.25,-0.03134528426902256,1.561195304898453
223,AND_OR_NOT,3,4,4431,0.0009027307605506658,10.113416611485945,4,1,0.75,3,2,0.25,0.25,0.25,0.5625,0.1875,0.1875,0.0625,-2.3763614918028875,1.8685379817089944
224,AND_OR_NOT,2,4,273,0.014652014652014652,6.092757140919852,10,8,-0.25,3,2,0.25,0.25,0.75,0.0625,0.6875,0.1875,0.0625,-1.349027533590283,-0.7873642498519036
225,AND_OR_NOT,6,96,31990413,3.000899050599941e-06,18.346173781427108,16,10,0.0,2,2,0.5,0.5,1.0,0.0,0.25,0.5,0.25,1.6726307839381622,-0.15496618946473198
226,AND_OR_NOT,4,16,80535,0.00019867138511206307,12.297328285169057,15,11,0.0,2,1,0.5,0.5,0.5,0.0,0.5,0.5,0.0,-0.017318404324203906,-0.7045660593799672
227,AND_OR_NOT,5,16,1568217,1.0202669656048876e-05,16.580693773651596,12,7,0.25,3,1,0.25,0.75,0.75,0.0625,0.1875,0.6875,0.0625,1.4218533384489056,-1.1790984317591626
228,AND_OR_NOT,4,16,80535,0.00019867138511206307,12.297328285169057,15,11,0.0,2,1,0.5,0.5,0.5,0.0,0.5,0.5,0.0,-0.017318404324203906,-0.7045660593799672
229,AND_OR_NOT,5,16,1568217,1.0202669656048876e-05,16.580693773651596,12,7,0.25,3,1,0.25,0.75,0.75,0.0625,0.1875,0.6875,0.0625,1.4218533384489056,-1.1790984317591626
230,AND_OR_NOT,5,16,1568217,1.0202669656048876e-05,16.580693773651596,11,6,0.25,3,2,0.25,0.75,0.75,0.0625,0.1875,0.6875,0.0625,1.4179568608234154,-0.735468594490213
231,AND_OR_NOT,6,32,31990413,1.0002996835333135e-06,19.931136282148266,8,2,0.5,2,2,0.5,0.5,0.5,0.25,0.0,0.75,0.0,0.6554272280448865,0.6788045150866956
232,AND_OR_NOT,4,96,80535,0.0011920283106723784,9.7123657844479,14,10,0.0,2,6,0.5,0.5,0.5,0.0,0.75,0.0,0.25,-0.7235733047655643,2.395973916776539
233,AND_OR_NOT,8,4608,14599715403,3.1562259077003187e-07,21.595296193887126,11,3,0.25,3,6,0.75,0.75,0.75,0.0625,0.1875,0.1875,0.5625,2.402558658519199,3.65070705307192
234,AND_OR_NOT,2,4,273,0.014652014652014652,6.092757140919852,10,8,0.25,3,2,0.25,0.25,0.75,0.0625,0.6875,0.1875,0.0625,-1.349027533590283,-0.7873642498519036
235,AND_OR_NOT,5,48,1568217,3.060800896814663e-05,14.99573127293044,7,2,0.5,2,2,0.5,0.5,0.5,0.25,0.25,0.25,0.25,-0.03134528426902256,1.561195304898453
236,AND_OR_NOT,2,4,273,0.014652014652014652,6.092757140919852,10,8,0.25,3,2,0.25,0.25,0.75,0.0625,0.6875,0.1875,0.0625,-1.349027533590283,-0.7873642498519036
237,AND_OR_NOT,5,48,1568217,3.060800896814663e-05,14.99573127293044,7,2,0.5,2,2,0.5,0.5,0.5,0.25,0.25,0.25,0.25,-0.03134528426902256,1.561195304898453
238,AND_OR_NOT,1,2,21,0.09523809523809523,3.3923174227787602,6,5,0.5,2,2,0.0,0.5,0.5,0.25,0.5,0.25,0.0,-1.718305504780676,-0.1680702037761235
239,AND_OR_NOT,3,12,4431,0.002708192281651997,8.52845411076479,3,0,0.75,3,2,0.25,0.25,0.25,0.5625,0.1875,0.1875,0.0625,-2.3763614918028875,1.8685379817089944
240,AND_OR_NOT,0,1,3,0.3333333333333333,1.5849625007211563,15,15,0.0,1,2,0.0,0.0,1.0,0.0,1.0,0.0,0.0,-2.836083254445181,-1.7917620097027362
241,AND_OR_NOT,3,4,4431,0.0009027307605506658,10.113416611485945,12,9,0.25,3,2,0.25,0.25,0.75,0.0625,0.6875,0.1875,0.0625,-1.349027533590283,-0.7873642498519036
242,AND_OR_NOT,3,4,4431,0.0009027307605506658,10.113416611485945,11,8,0.25,3,1,0.25,0.25,0.75,0.0625,0.6875,0.1875,0.0625,-1.3451310559647929,-1.2309940871208531
243,AND_OR_NOT,2,2,273,0.007326007326007326,7.092757140919852,8,6,0.5,2,1,0.0,0.5,0.5,0.25,0.5,0.25,0.0,-1.7144090271551857,-0.6117000410450731
244,AND_OR_NOT,3,4,4431,0.0009027307605506658,10.113416611485945,11,8,0.25,3,1,0.25,0.25,0.75,0.0625,0.6875,0.1875,0.0625,-1.3451310559647929,-1.2309940871208531
245,AND_OR_NOT,2,2,273,0.007326007326007326,7.092757140919852,8,6,0.5,2,1,0.0,0.5,0.5,0.25,0.5,0.25,0.0,-1.7144090271551857,-0.6117000410450731
246,AND_OR_NOT,5,16,1568217,1.0202669656048876e-05,16.580693773651596,7,2,0.5,2,2,0.5,0.5,0.5,0.25,0.25,0.25,0.25,-0.03134528426902256,1.561195304898453
247,AND_OR_NOT,3,4,4431,0.0009027307605506658,10.113416611485945,4,1,0.75,3,2,0.25,0.25,0.25,0.5625,0.1875,0.1875,0.0625,-2.3763614918028875,1.8685379817089944
248,AND_OR_NOT,2,4,273,0.014652014652014652,6.092757140919852,10,8,0.25,3,2,0.25,0.25,0.75,0.0625,0.6875,0.1875,0.0625,-1.349027533590283,-0.7873642498519036
249,AND_OR_NOT,5,48,1568217,3.060800896814663e-05,14.99573127293044,7,2,0.5,2,2,0.5,0.5,0.5,0.25,0.25,0.25,0.25,-0.03134528426902256,1.561195304898453
250,AND_OR_NOT,1,2,21,0.09523809523809523,3.3923174227787602,6,5,0.5,2,2,0.0,0.5,0.5,0.25,0.5,0.25,0.0,-1.718305504780676,-0.1680702037761235
251,AND_OR_NOT,3,12,4431,0.002708192281651997,8.52845411076479,3,0,0.75,3,2,0.25,0.25,0.25,0.5625,0.1875,0.1875,0.0625,-2.3763614918028875,1.8685379817089944
252,AND_OR_NOT,1,2,21,0.09523809523809523,3.3923174227787602,6,5,0.5,2,2,0.0,0.5,0.5,0.25,0.5,0.25,0.0,-1.718305504780676,-0.1680702037761235
253,AND_OR_NOT,3,12,4431,0.002708192281651997,8.52845411076479,3,0,0.75,3,2,0.25,0.25,0.25,0.5625,0.1875,0.1875,0.0625,-2.3763614918028875,1.8685379817089944
254,AND_OR_NOT,2,12,273,0.04395604395604396,4.507794640198696,2,0,0.75,3,6,0.25,0.25,0.25,0.5625,0.1875,0.1875,0.0625,-2.3919474023048486,3.6430573307847935
255,AND_OR_NOT,2,6,273,0.02197802197802198,5.507794640198696,2,0,1.0,0,6,0.0,0.0,0.0,1.0,0.0,0.0,0.0,-4.961106504830342,5.438927146293121
